timestamp,cylinder_id,weight_kg
2026-05-19T14:00:00Z,cyl_001,14.21
2026-05-19T14:00:00Z,cyl_002,14.23
2026-05-19T14:00:00Z,cyl_003,14.19
2026-05-19T14:00:00Z,cyl_004,14.17
2026-05-19T14:00:00Z,cyl_005,14.22
2026-05-19T15:00:00Z,cyl_001,14.18
2026-05-19T15:00:00Z,cyl_002,14.17
2026-05-19T15:00:00Z,cyl_003,14.22
2026-05-19T15:00:00Z,cyl_004,14.25
2026-05-19T15:00:00Z,cyl_005,14.16
2026-05-19T16:00:00Z,cyl_001,14.18
2026-05-19T16:00:00Z,cyl_002,14.21
2026-05-19T16:00:00Z,cyl_003,14.15
2026-05-19T16:00:00Z,cyl_004,14.18
2026-05-19T16:00:00Z,cyl_005,14.15
2026-05-19T17:00:00Z,cyl_001,14.2
2026-05-19T17:00:00Z,cyl_002,14.15
2026-05-19T17:00:00Z,cyl_003,14.17
2026-05-19T17:00:00Z,cyl_004,14.15
2026-05-19T17:00:00Z,cyl_005,14.09
2026-05-19T18:00:00Z,cyl_001,14.2
2026-05-19T18:00:00Z,cyl_002,14.15
2026-05-19T18:00:00Z,cyl_003,13.62
2026-05-19T18:00:00Z,cyl_004,14.16
2026-05-19T18:00:00Z,cyl_005,14.15
2026-05-19T19:00:00Z,cyl_001,14.16
2026-05-19T19:00:00Z,cyl_002,14.19
2026-05-19T19:00:00Z,cyl_003,13.09
2026-05-19T19:00:00Z,cyl_004,14.15
2026-05-19T19:00:00Z,cyl_005,14.16
2026-05-19T20:00:00Z,cyl_001,14.11
2026-05-19T20:00:00Z,cyl_002,14.12
2026-05-19T20:00:00Z,cyl_003,13.06
2026-05-19T20:00:00Z,cyl_004,14.17
2026-05-19T20:00:00Z,cyl_005,14.16
2026-05-19T21:00:00Z,cyl_001,14.09
2026-05-19T21:00:00Z,cyl_002,14.13
2026-05-19T21:00:00Z,cyl_003,13.01
2026-05-19T21:00:00Z,cyl_004,14.13
2026-05-19T21:00:00Z,cyl_005,14.11
2026-05-19T22:00:00Z,cyl_001,14.13
2026-05-19T22:00:00Z,cyl_002,14.13
2026-05-19T22:00:00Z,cyl_003,13.07
2026-05-19T22:00:00Z,cyl_004,14.13
2026-05-19T22:00:00Z,cyl_005,14.1
2026-05-19T23:00:00Z,cyl_001,14.07
2026-05-19T23:00:00Z,cyl_002,14.07
2026-05-19T23:00:00Z,cyl_003,13.1
2026-05-19T23:00:00Z,cyl_004,14.14
2026-05-19T23:00:00Z,cyl_005,14.1
2026-05-20T00:00:00Z,cyl_001,14.07
2026-05-20T00:00:00Z,cyl_002,14.11
2026-05-20T00:00:00Z,cyl_003,13.05
2026-05-20T00:00:00Z,cyl_004,14.14
2026-05-20T00:00:00Z,cyl_005,14.04
2026-05-20T01:00:00Z,cyl_001,14.06
2026-05-20T01:00:00Z,cyl_002,14.12
2026-05-20T01:00:00Z,cyl_003,12.99
2026-05-20T01:00:00Z,cyl_004,14.09
2026-05-20T01:00:00Z,cyl_005,14.06
2026-05-20T02:00:00Z,cyl_001,14.07
2026-05-20T02:00:00Z,cyl_002,14.07
2026-05-20T02:00:00Z,cyl_003,12.97
2026-05-20T02:00:00Z,cyl_004,14.05
2026-05-20T02:00:00Z,cyl_005,14.08
2026-05-20T03:00:00Z,cyl_001,14.04
2026-05-20T03:00:00Z,cyl_002,14.07
2026-05-20T03:00:00Z,cyl_003,13.02
2026-05-20T03:00:00Z,cyl_004,14.08
2026-05-20T03:00:00Z,cyl_005,14.06
2026-05-20T04:00:00Z,cyl_001,14.06
2026-05-20T04:00:00Z,cyl_002,14.01
2026-05-20T04:00:00Z,cyl_003,12.95
2026-05-20T04:00:00Z,cyl_004,14.06
2026-05-20T04:00:00Z,cyl_005,14.07
2026-05-20T05:00:00Z,cyl_001,14.01
2026-05-20T05:00:00Z,cyl_002,14.07
2026-05-20T05:00:00Z,cyl_003,12.97
2026-05-20T05:00:00Z,cyl_004,14.06
2026-05-20T05:00:00Z,cyl_005,14.06
2026-05-20T06:00:00Z,cyl_001,14.03
2026-05-20T06:00:00Z,cyl_002,14.05
2026-05-20T06:00:00Z,cyl_003,12.98
2026-05-20T06:00:00Z,cyl_004,14.11
2026-05-20T06:00:00Z,cyl_005,14.04
2026-05-20T07:00:00Z,cyl_001,14.06
2026-05-20T07:00:00Z,cyl_002,14.02
2026-05-20T07:00:00Z,cyl_003,12.96
2026-05-20T07:00:00Z,cyl_004,14.03
2026-05-20T07:00:00Z,cyl_005,13.97
2026-05-20T08:00:00Z,cyl_001,14.01
2026-05-20T08:00:00Z,cyl_002,14.05
2026-05-20T08:00:00Z,cyl_003,12.94
2026-05-20T08:00:00Z,cyl_004,14.04
2026-05-20T08:00:00Z,cyl_005,14.04
2026-05-20T09:00:00Z,cyl_001,14.0
2026-05-20T09:00:00Z,cyl_002,14.0
2026-05-20T09:00:00Z,cyl_003,12.96
2026-05-20T09:00:00Z,cyl_004,13.99
2026-05-20T09:00:00Z,cyl_005,13.97
2026-05-20T10:00:00Z,cyl_001,14.0
2026-05-20T10:00:00Z,cyl_002,13.98
2026-05-20T10:00:00Z,cyl_003,12.96
2026-05-20T10:00:00Z,cyl_004,14.0
2026-05-20T10:00:00Z,cyl_005,13.95
2026-05-20T11:00:00Z,cyl_001,13.91
2026-05-20T11:00:00Z,cyl_002,13.99
2026-05-20T11:00:00Z,cyl_003,12.98
2026-05-20T11:00:00Z,cyl_004,14.01
2026-05-20T11:00:00Z,cyl_005,13.95
2026-05-20T12:00:00Z,cyl_001,12.02
2026-05-20T12:00:00Z,cyl_002,13.93
2026-05-20T12:00:00Z,cyl_003,12.94
2026-05-20T12:00:00Z,cyl_004,13.9
2026-05-20T12:00:00Z,cyl_005,13.88
2026-05-20T13:00:00Z,cyl_001,11.96
2026-05-20T13:00:00Z,cyl_002,13.96
2026-05-20T13:00:00Z,cyl_003,12.92
2026-05-20T13:00:00Z,cyl_004,13.98
2026-05-20T13:00:00Z,cyl_005,13.96
2026-05-20T14:00:00Z,cyl_001,11.93
2026-05-20T14:00:00Z,cyl_002,13.93
2026-05-20T14:00:00Z,cyl_003,12.89
2026-05-20T14:00:00Z,cyl_004,13.99
2026-05-20T14:00:00Z,cyl_005,13.91
2026-05-20T15:00:00Z,cyl_001,11.94
2026-05-20T15:00:00Z,cyl_002,13.96
2026-05-20T15:00:00Z,cyl_003,12.89
2026-05-20T15:00:00Z,cyl_004,13.92
2026-05-20T15:00:00Z,cyl_005,13.85
2026-05-20T16:00:00Z,cyl_001,11.92
2026-05-20T16:00:00Z,cyl_002,13.9
2026-05-20T16:00:00Z,cyl_003,12.89
2026-05-20T16:00:00Z,cyl_004,13.99
2026-05-20T16:00:00Z,cyl_005,13.83
2026-05-20T17:00:00Z,cyl_001,11.91
2026-05-20T17:00:00Z,cyl_002,13.87
2026-05-20T17:00:00Z,cyl_003,12.89
2026-05-20T17:00:00Z,cyl_004,13.94
2026-05-20T17:00:00Z,cyl_005,13.91
2026-05-20T18:00:00Z,cyl_001,11.93
2026-05-20T18:00:00Z,cyl_002,13.9
2026-05-20T18:00:00Z,cyl_003,12.78
2026-05-20T18:00:00Z,cyl_004,13.96
2026-05-20T18:00:00Z,cyl_005,13.93
2026-05-20T19:00:00Z,cyl_001,11.88
2026-05-20T19:00:00Z,cyl_002,13.89
2026-05-20T19:00:00Z,cyl_003,12.85
2026-05-20T19:00:00Z,cyl_004,13.93
2026-05-20T19:00:00Z,cyl_005,13.86
2026-05-20T20:00:00Z,cyl_001,11.9
2026-05-20T20:00:00Z,cyl_002,13.85
2026-05-20T20:00:00Z,cyl_003,12.85
2026-05-20T20:00:00Z,cyl_004,13.94
2026-05-20T20:00:00Z,cyl_005,13.84
2026-05-20T21:00:00Z,cyl_001,11.86
2026-05-20T21:00:00Z,cyl_002,13.89
2026-05-20T21:00:00Z,cyl_003,12.8
2026-05-20T21:00:00Z,cyl_004,13.92
2026-05-20T21:00:00Z,cyl_005,13.82
2026-05-20T22:00:00Z,cyl_001,11.89
2026-05-20T22:00:00Z,cyl_002,13.88
2026-05-20T22:00:00Z,cyl_003,12.83
2026-05-20T22:00:00Z,cyl_004,13.94
2026-05-20T22:00:00Z,cyl_005,13.82
2026-05-20T23:00:00Z,cyl_001,11.89
2026-05-20T23:00:00Z,cyl_002,13.83
2026-05-20T23:00:00Z,cyl_003,12.73
2026-05-20T23:00:00Z,cyl_004,13.87
2026-05-20T23:00:00Z,cyl_005,13.83
2026-05-21T00:00:00Z,cyl_001,11.84
2026-05-21T00:00:00Z,cyl_002,13.87
2026-05-21T00:00:00Z,cyl_003,12.82
2026-05-21T00:00:00Z,cyl_004,13.81
2026-05-21T00:00:00Z,cyl_005,13.8
2026-05-21T01:00:00Z,cyl_001,11.8
2026-05-21T01:00:00Z,cyl_002,13.83
2026-05-21T01:00:00Z,cyl_003,12.79
2026-05-21T01:00:00Z,cyl_004,13.84
2026-05-21T01:00:00Z,cyl_005,13.79
2026-05-21T02:00:00Z,cyl_001,11.82
2026-05-21T02:00:00Z,cyl_002,13.85
2026-05-21T02:00:00Z,cyl_003,12.77
2026-05-21T02:00:00Z,cyl_004,13.86
2026-05-21T02:00:00Z,cyl_005,13.72
2026-05-21T03:00:00Z,cyl_001,11.83
2026-05-21T03:00:00Z,cyl_002,13.81
2026-05-21T03:00:00Z,cyl_003,12.78
2026-05-21T03:00:00Z,cyl_004,13.81
2026-05-21T03:00:00Z,cyl_005,13.8
2026-05-21T04:00:00Z,cyl_001,11.81
2026-05-21T04:00:00Z,cyl_002,13.83
2026-05-21T04:00:00Z,cyl_003,12.75
2026-05-21T04:00:00Z,cyl_004,13.86
2026-05-21T04:00:00Z,cyl_005,13.73
2026-05-21T05:00:00Z,cyl_001,11.81
2026-05-21T05:00:00Z,cyl_002,13.86
2026-05-21T05:00:00Z,cyl_003,12.76
2026-05-21T05:00:00Z,cyl_004,13.86
2026-05-21T05:00:00Z,cyl_005,13.74
2026-05-21T06:00:00Z,cyl_001,11.72
2026-05-21T06:00:00Z,cyl_002,13.8
2026-05-21T06:00:00Z,cyl_003,12.73
2026-05-21T06:00:00Z,cyl_004,13.85
2026-05-21T06:00:00Z,cyl_005,13.74
2026-05-21T07:00:00Z,cyl_001,11.8
2026-05-21T07:00:00Z,cyl_002,13.78
2026-05-21T07:00:00Z,cyl_003,12.72
2026-05-21T07:00:00Z,cyl_004,13.81
2026-05-21T07:00:00Z,cyl_005,13.69
2026-05-21T08:00:00Z,cyl_001,11.73
2026-05-21T08:00:00Z,cyl_002,13.75
2026-05-21T08:00:00Z,cyl_003,12.7
2026-05-21T08:00:00Z,cyl_004,13.83
2026-05-21T08:00:00Z,cyl_005,13.72
2026-05-21T09:00:00Z,cyl_001,11.72
2026-05-21T09:00:00Z,cyl_002,13.74
2026-05-21T09:00:00Z,cyl_003,12.67
2026-05-21T09:00:00Z,cyl_004,13.79
2026-05-21T09:00:00Z,cyl_005,13.7
2026-05-21T10:00:00Z,cyl_001,11.69
2026-05-21T10:00:00Z,cyl_002,13.71
2026-05-21T10:00:00Z,cyl_003,12.7
2026-05-21T10:00:00Z,cyl_004,13.77
2026-05-21T10:00:00Z,cyl_005,13.68
2026-05-21T11:00:00Z,cyl_001,11.74
2026-05-21T11:00:00Z,cyl_002,13.75
2026-05-21T11:00:00Z,cyl_003,12.7
2026-05-21T11:00:00Z,cyl_004,13.73
2026-05-21T11:00:00Z,cyl_005,13.63
2026-05-21T12:00:00Z,cyl_001,11.74
2026-05-21T12:00:00Z,cyl_002,13.72
2026-05-21T12:00:00Z,cyl_003,12.71
2026-05-21T12:00:00Z,cyl_004,13.76
2026-05-21T12:00:00Z,cyl_005,13.69
2026-05-21T13:00:00Z,cyl_001,11.7
2026-05-21T13:00:00Z,cyl_002,13.66
2026-05-21T13:00:00Z,cyl_003,12.68
2026-05-21T13:00:00Z,cyl_004,13.8
2026-05-21T13:00:00Z,cyl_005,13.64
2026-05-21T14:00:00Z,cyl_001,11.66
2026-05-21T14:00:00Z,cyl_002,13.65
2026-05-21T14:00:00Z,cyl_003,12.63
2026-05-21T14:00:00Z,cyl_004,13.79
2026-05-21T14:00:00Z,cyl_005,13.64
2026-05-21T15:00:00Z,cyl_001,11.72
2026-05-21T15:00:00Z,cyl_002,13.68
2026-05-21T15:00:00Z,cyl_003,12.66
2026-05-21T15:00:00Z,cyl_004,13.77
2026-05-21T15:00:00Z,cyl_005,13.61
2026-05-21T16:00:00Z,cyl_001,11.69
2026-05-21T16:00:00Z,cyl_002,13.74
2026-05-21T16:00:00Z,cyl_003,12.65
2026-05-21T16:00:00Z,cyl_004,13.76
2026-05-21T16:00:00Z,cyl_005,13.62
2026-05-21T17:00:00Z,cyl_001,11.66
2026-05-21T17:00:00Z,cyl_002,13.68
2026-05-21T17:00:00Z,cyl_003,12.6
2026-05-21T17:00:00Z,cyl_004,13.75
2026-05-21T17:00:00Z,cyl_005,13.63
2026-05-21T18:00:00Z,cyl_001,11.71
2026-05-21T18:00:00Z,cyl_002,13.62
2026-05-21T18:00:00Z,cyl_003,12.64
2026-05-21T18:00:00Z,cyl_004,13.65
2026-05-21T18:00:00Z,cyl_005,13.61
2026-05-21T19:00:00Z,cyl_001,11.62
2026-05-21T19:00:00Z,cyl_002,13.65
2026-05-21T19:00:00Z,cyl_003,12.6
2026-05-21T19:00:00Z,cyl_004,13.74
2026-05-21T19:00:00Z,cyl_005,13.6
2026-05-21T20:00:00Z,cyl_001,11.6
2026-05-21T20:00:00Z,cyl_002,13.61
2026-05-21T20:00:00Z,cyl_003,12.62
2026-05-21T20:00:00Z,cyl_004,13.77
2026-05-21T20:00:00Z,cyl_005,13.58
2026-05-21T21:00:00Z,cyl_001,11.67
2026-05-21T21:00:00Z,cyl_002,13.59
2026-05-21T21:00:00Z,cyl_003,12.53
2026-05-21T21:00:00Z,cyl_004,13.7
2026-05-21T21:00:00Z,cyl_005,13.6
2026-05-21T22:00:00Z,cyl_001,11.59
2026-05-21T22:00:00Z,cyl_002,13.59
2026-05-21T22:00:00Z,cyl_003,12.6
2026-05-21T22:00:00Z,cyl_004,13.73
2026-05-21T22:00:00Z,cyl_005,13.53
2026-05-21T23:00:00Z,cyl_001,11.6
2026-05-21T23:00:00Z,cyl_002,13.64
2026-05-21T23:00:00Z,cyl_003,12.58
2026-05-21T23:00:00Z,cyl_004,13.69
2026-05-21T23:00:00Z,cyl_005,13.55
2026-05-22T00:00:00Z,cyl_001,11.6
2026-05-22T00:00:00Z,cyl_002,13.56
2026-05-22T00:00:00Z,cyl_003,12.55
2026-05-22T00:00:00Z,cyl_004,13.59
2026-05-22T00:00:00Z,cyl_005,13.49
2026-05-22T01:00:00Z,cyl_001,11.6
2026-05-22T01:00:00Z,cyl_002,13.58
2026-05-22T01:00:00Z,cyl_003,12.52
2026-05-22T01:00:00Z,cyl_004,13.61
2026-05-22T01:00:00Z,cyl_005,13.5
2026-05-22T02:00:00Z,cyl_001,11.56
2026-05-22T02:00:00Z,cyl_002,13.59
2026-05-22T02:00:00Z,cyl_003,12.54
2026-05-22T02:00:00Z,cyl_004,13.61
2026-05-22T02:00:00Z,cyl_005,13.5
2026-05-22T03:00:00Z,cyl_001,11.52
2026-05-22T03:00:00Z,cyl_002,13.58
2026-05-22T03:00:00Z,cyl_003,12.54
2026-05-22T03:00:00Z,cyl_004,13.65
2026-05-22T03:00:00Z,cyl_005,13.48
2026-05-22T04:00:00Z,cyl_001,11.55
2026-05-22T04:00:00Z,cyl_002,13.58
2026-05-22T04:00:00Z,cyl_003,12.46
2026-05-22T04:00:00Z,cyl_004,13.58
2026-05-22T04:00:00Z,cyl_005,13.46
2026-05-22T05:00:00Z,cyl_001,11.53
2026-05-22T05:00:00Z,cyl_002,13.54
2026-05-22T05:00:00Z,cyl_003,12.52
2026-05-22T05:00:00Z,cyl_004,13.62
2026-05-22T05:00:00Z,cyl_005,13.43
2026-05-22T06:00:00Z,cyl_001,11.57
2026-05-22T06:00:00Z,cyl_002,13.52
2026-05-22T06:00:00Z,cyl_003,12.5
2026-05-22T06:00:00Z,cyl_004,13.66
2026-05-22T06:00:00Z,cyl_005,13.47
2026-05-22T07:00:00Z,cyl_001,11.52
2026-05-22T07:00:00Z,cyl_002,13.57
2026-05-22T07:00:00Z,cyl_003,12.5
2026-05-22T07:00:00Z,cyl_004,13.62
2026-05-22T07:00:00Z,cyl_005,13.41
2026-05-22T08:00:00Z,cyl_001,11.49
2026-05-22T08:00:00Z,cyl_002,13.51
2026-05-22T08:00:00Z,cyl_003,12.48
2026-05-22T08:00:00Z,cyl_004,13.58
2026-05-22T08:00:00Z,cyl_005,13.42
2026-05-22T09:00:00Z,cyl_001,11.53
2026-05-22T09:00:00Z,cyl_002,13.48
2026-05-22T09:00:00Z,cyl_003,12.46
2026-05-22T09:00:00Z,cyl_004,13.58
2026-05-22T09:00:00Z,cyl_005,13.43
2026-05-22T10:00:00Z,cyl_001,11.54
2026-05-22T10:00:00Z,cyl_002,13.48
2026-05-22T10:00:00Z,cyl_003,12.45
2026-05-22T10:00:00Z,cyl_004,13.53
2026-05-22T10:00:00Z,cyl_005,13.39
2026-05-22T11:00:00Z,cyl_001,11.52
2026-05-22T11:00:00Z,cyl_002,13.53
2026-05-22T11:00:00Z,cyl_003,12.48
2026-05-22T11:00:00Z,cyl_004,13.53
2026-05-22T11:00:00Z,cyl_005,13.44
2026-05-22T12:00:00Z,cyl_001,11.43
2026-05-22T12:00:00Z,cyl_002,13.48
2026-05-22T12:00:00Z,cyl_003,12.35
2026-05-22T12:00:00Z,cyl_004,13.56
2026-05-22T12:00:00Z,cyl_005,13.38
2026-05-22T13:00:00Z,cyl_001,11.47
2026-05-22T13:00:00Z,cyl_002,13.43
2026-05-22T13:00:00Z,cyl_003,12.44
2026-05-22T13:00:00Z,cyl_004,13.52
2026-05-22T13:00:00Z,cyl_005,13.38
2026-05-22T14:00:00Z,cyl_001,11.45
2026-05-22T14:00:00Z,cyl_002,13.47
2026-05-22T14:00:00Z,cyl_003,12.46
2026-05-22T14:00:00Z,cyl_004,13.52
2026-05-22T14:00:00Z,cyl_005,13.41
2026-05-22T15:00:00Z,cyl_001,11.37
2026-05-22T15:00:00Z,cyl_002,13.48
2026-05-22T15:00:00Z,cyl_003,12.43
2026-05-22T15:00:00Z,cyl_004,13.54
2026-05-22T15:00:00Z,cyl_005,13.32
2026-05-22T16:00:00Z,cyl_001,11.4
2026-05-22T16:00:00Z,cyl_002,13.43
2026-05-22T16:00:00Z,cyl_003,12.43
2026-05-22T16:00:00Z,cyl_004,13.55
2026-05-22T16:00:00Z,cyl_005,13.33
2026-05-22T17:00:00Z,cyl_001,11.41
2026-05-22T17:00:00Z,cyl_002,13.38
2026-05-22T17:00:00Z,cyl_003,12.35
2026-05-22T17:00:00Z,cyl_004,13.49
2026-05-22T17:00:00Z,cyl_005,13.36
2026-05-22T18:00:00Z,cyl_001,11.4
2026-05-22T18:00:00Z,cyl_002,13.42
2026-05-22T18:00:00Z,cyl_003,12.36
2026-05-22T18:00:00Z,cyl_004,13.44
2026-05-22T18:00:00Z,cyl_005,13.33
2026-05-22T19:00:00Z,cyl_001,11.39
2026-05-22T19:00:00Z,cyl_002,13.44
2026-05-22T19:00:00Z,cyl_003,12.38
2026-05-22T19:00:00Z,cyl_004,13.48
2026-05-22T19:00:00Z,cyl_005,13.32
2026-05-22T20:00:00Z,cyl_001,11.36
2026-05-22T20:00:00Z,cyl_002,13.39
2026-05-22T20:00:00Z,cyl_003,12.35
2026-05-22T20:00:00Z,cyl_004,13.46
2026-05-22T20:00:00Z,cyl_005,13.33
2026-05-22T21:00:00Z,cyl_001,11.39
2026-05-22T21:00:00Z,cyl_002,13.42
2026-05-22T21:00:00Z,cyl_003,12.35
2026-05-22T21:00:00Z,cyl_004,13.48
2026-05-22T21:00:00Z,cyl_005,13.26
2026-05-22T22:00:00Z,cyl_001,11.4
2026-05-22T22:00:00Z,cyl_002,13.35
2026-05-22T22:00:00Z,cyl_003,12.33
2026-05-22T22:00:00Z,cyl_004,13.45
2026-05-22T22:00:00Z,cyl_005,13.29
2026-05-22T23:00:00Z,cyl_001,11.34
2026-05-22T23:00:00Z,cyl_002,13.36
2026-05-22T23:00:00Z,cyl_003,12.28
2026-05-22T23:00:00Z,cyl_004,13.45
2026-05-22T23:00:00Z,cyl_005,13.25
2026-05-23T00:00:00Z,cyl_001,11.39
2026-05-23T00:00:00Z,cyl_002,13.36
2026-05-23T00:00:00Z,cyl_003,12.31
2026-05-23T00:00:00Z,cyl_004,13.39
2026-05-23T00:00:00Z,cyl_005,13.27
2026-05-23T01:00:00Z,cyl_001,11.32
2026-05-23T01:00:00Z,cyl_002,13.31
2026-05-23T01:00:00Z,cyl_003,12.33
2026-05-23T01:00:00Z,cyl_004,13.44
2026-05-23T01:00:00Z,cyl_005,13.22
2026-05-23T02:00:00Z,cyl_001,11.31
2026-05-23T02:00:00Z,cyl_002,13.35
2026-05-23T02:00:00Z,cyl_003,12.33
2026-05-23T02:00:00Z,cyl_004,13.4
2026-05-23T02:00:00Z,cyl_005,13.26
2026-05-23T03:00:00Z,cyl_001,11.29
2026-05-23T03:00:00Z,cyl_002,13.33
2026-05-23T03:00:00Z,cyl_003,12.3
2026-05-23T03:00:00Z,cyl_004,13.4
2026-05-23T03:00:00Z,cyl_005,13.19
2026-05-23T04:00:00Z,cyl_001,11.32
2026-05-23T04:00:00Z,cyl_002,13.32
2026-05-23T04:00:00Z,cyl_003,12.32
2026-05-23T04:00:00Z,cyl_004,13.37
2026-05-23T04:00:00Z,cyl_005,13.23
2026-05-23T05:00:00Z,cyl_001,11.34
2026-05-23T05:00:00Z,cyl_002,13.28
2026-05-23T05:00:00Z,cyl_003,12.27
2026-05-23T05:00:00Z,cyl_004,13.37
2026-05-23T05:00:00Z,cyl_005,13.18
2026-05-23T06:00:00Z,cyl_001,11.3
2026-05-23T06:00:00Z,cyl_002,13.28
2026-05-23T06:00:00Z,cyl_003,12.27
2026-05-23T06:00:00Z,cyl_004,13.41
2026-05-23T06:00:00Z,cyl_005,13.2
2026-05-23T07:00:00Z,cyl_001,11.31
2026-05-23T07:00:00Z,cyl_002,13.28
2026-05-23T07:00:00Z,cyl_003,12.27
2026-05-23T07:00:00Z,cyl_004,13.34
2026-05-23T07:00:00Z,cyl_005,13.2
2026-05-23T08:00:00Z,cyl_001,11.24
2026-05-23T08:00:00Z,cyl_002,13.27
2026-05-23T08:00:00Z,cyl_003,12.24
2026-05-23T08:00:00Z,cyl_004,13.4
2026-05-23T08:00:00Z,cyl_005,13.22
2026-05-23T09:00:00Z,cyl_001,11.32
2026-05-23T09:00:00Z,cyl_002,13.28
2026-05-23T09:00:00Z,cyl_003,12.2
2026-05-23T09:00:00Z,cyl_004,13.38
2026-05-23T09:00:00Z,cyl_005,13.18
2026-05-23T10:00:00Z,cyl_001,11.23
2026-05-23T10:00:00Z,cyl_002,13.28
2026-05-23T10:00:00Z,cyl_003,12.23
2026-05-23T10:00:00Z,cyl_004,13.35
2026-05-23T10:00:00Z,cyl_005,13.15
2026-05-23T11:00:00Z,cyl_001,11.28
2026-05-23T11:00:00Z,cyl_002,13.23
2026-05-23T11:00:00Z,cyl_003,12.24
2026-05-23T11:00:00Z,cyl_004,13.31
2026-05-23T11:00:00Z,cyl_005,13.13
2026-05-23T12:00:00Z,cyl_001,11.24
2026-05-23T12:00:00Z,cyl_002,13.24
2026-05-23T12:00:00Z,cyl_003,12.21
2026-05-23T12:00:00Z,cyl_004,13.32
2026-05-23T12:00:00Z,cyl_005,13.11
2026-05-23T13:00:00Z,cyl_001,11.26
2026-05-23T13:00:00Z,cyl_002,13.19
2026-05-23T13:00:00Z,cyl_003,12.18
2026-05-23T13:00:00Z,cyl_004,13.3
2026-05-23T13:00:00Z,cyl_005,13.15
2026-05-23T14:00:00Z,cyl_001,11.2
2026-05-23T14:00:00Z,cyl_002,13.19
2026-05-23T14:00:00Z,cyl_003,12.23
2026-05-23T14:00:00Z,cyl_004,13.3
2026-05-23T14:00:00Z,cyl_005,13.11
2026-05-23T15:00:00Z,cyl_001,11.15
2026-05-23T15:00:00Z,cyl_002,13.19
2026-05-23T15:00:00Z,cyl_003,12.1
2026-05-23T15:00:00Z,cyl_004,13.28
2026-05-23T15:00:00Z,cyl_005,13.05
2026-05-23T16:00:00Z,cyl_001,11.14
2026-05-23T16:00:00Z,cyl_002,13.21
2026-05-23T16:00:00Z,cyl_003,12.16
2026-05-23T16:00:00Z,cyl_004,13.3
2026-05-23T16:00:00Z,cyl_005,13.06
2026-05-23T17:00:00Z,cyl_001,11.11
2026-05-23T17:00:00Z,cyl_002,13.14
2026-05-23T17:00:00Z,cyl_003,12.2
2026-05-23T17:00:00Z,cyl_004,13.26
2026-05-23T17:00:00Z,cyl_005,13.07
2026-05-23T18:00:00Z,cyl_001,11.15
2026-05-23T18:00:00Z,cyl_002,13.22
2026-05-23T18:00:00Z,cyl_003,12.12
2026-05-23T18:00:00Z,cyl_004,13.28
2026-05-23T18:00:00Z,cyl_005,13.03
2026-05-23T19:00:00Z,cyl_001,11.12
2026-05-23T19:00:00Z,cyl_002,13.21
2026-05-23T19:00:00Z,cyl_003,12.15
2026-05-23T19:00:00Z,cyl_004,13.33
2026-05-23T19:00:00Z,cyl_005,13.03
2026-05-23T20:00:00Z,cyl_001,11.14
2026-05-23T20:00:00Z,cyl_002,13.12
2026-05-23T20:00:00Z,cyl_003,12.08
2026-05-23T20:00:00Z,cyl_004,13.25
2026-05-23T20:00:00Z,cyl_005,13.04
2026-05-23T21:00:00Z,cyl_001,11.15
2026-05-23T21:00:00Z,cyl_002,13.16
2026-05-23T21:00:00Z,cyl_003,12.05
2026-05-23T21:00:00Z,cyl_004,13.24
2026-05-23T21:00:00Z,cyl_005,13.0
2026-05-23T22:00:00Z,cyl_001,11.09
2026-05-23T22:00:00Z,cyl_002,13.16
2026-05-23T22:00:00Z,cyl_003,12.1
2026-05-23T22:00:00Z,cyl_004,13.21
2026-05-23T22:00:00Z,cyl_005,12.98
2026-05-23T23:00:00Z,cyl_001,11.11
2026-05-23T23:00:00Z,cyl_002,13.15
2026-05-23T23:00:00Z,cyl_003,12.07
2026-05-23T23:00:00Z,cyl_004,13.21
2026-05-23T23:00:00Z,cyl_005,12.96
2026-05-24T00:00:00Z,cyl_001,11.11
2026-05-24T00:00:00Z,cyl_002,13.12
2026-05-24T00:00:00Z,cyl_003,12.12
2026-05-24T00:00:00Z,cyl_004,13.27
2026-05-24T00:00:00Z,cyl_005,12.93
2026-05-24T01:00:00Z,cyl_001,11.09
2026-05-24T01:00:00Z,cyl_002,13.1
2026-05-24T01:00:00Z,cyl_003,12.06
2026-05-24T01:00:00Z,cyl_004,13.21
2026-05-24T01:00:00Z,cyl_005,12.98
2026-05-24T02:00:00Z,cyl_001,11.06
2026-05-24T02:00:00Z,cyl_002,13.1
2026-05-24T02:00:00Z,cyl_003,11.99
2026-05-24T02:00:00Z,cyl_004,13.18
2026-05-24T02:00:00Z,cyl_005,12.99
2026-05-24T03:00:00Z,cyl_001,11.06
2026-05-24T03:00:00Z,cyl_002,13.05
2026-05-24T03:00:00Z,cyl_003,12.09
2026-05-24T03:00:00Z,cyl_004,13.19
2026-05-24T03:00:00Z,cyl_005,12.95
2026-05-24T04:00:00Z,cyl_001,11.04
2026-05-24T04:00:00Z,cyl_002,13.11
2026-05-24T04:00:00Z,cyl_003,12.03
2026-05-24T04:00:00Z,cyl_004,13.17
2026-05-24T04:00:00Z,cyl_005,12.93
2026-05-24T05:00:00Z,cyl_001,11.06
2026-05-24T05:00:00Z,cyl_002,13.12
2026-05-24T05:00:00Z,cyl_003,12.03
2026-05-24T05:00:00Z,cyl_004,13.18
2026-05-24T05:00:00Z,cyl_005,12.93
2026-05-24T06:00:00Z,cyl_001,11.04
2026-05-24T06:00:00Z,cyl_002,13.07
2026-05-24T06:00:00Z,cyl_003,11.93
2026-05-24T06:00:00Z,cyl_004,13.14
2026-05-24T06:00:00Z,cyl_005,12.92
2026-05-24T07:00:00Z,cyl_001,11.08
2026-05-24T07:00:00Z,cyl_002,12.97
2026-05-24T07:00:00Z,cyl_003,12.01
2026-05-24T07:00:00Z,cyl_004,13.15
2026-05-24T07:00:00Z,cyl_005,12.9
2026-05-24T08:00:00Z,cyl_001,11.02
2026-05-24T08:00:00Z,cyl_002,13.06
2026-05-24T08:00:00Z,cyl_003,11.96
2026-05-24T08:00:00Z,cyl_004,13.16
2026-05-24T08:00:00Z,cyl_005,12.82
2026-05-24T09:00:00Z,cyl_001,11.02
2026-05-24T09:00:00Z,cyl_002,13.02
2026-05-24T09:00:00Z,cyl_003,11.98
2026-05-24T09:00:00Z,cyl_004,13.18
2026-05-24T09:00:00Z,cyl_005,12.86
2026-05-24T10:00:00Z,cyl_001,10.91
2026-05-24T10:00:00Z,cyl_002,13.02
2026-05-24T10:00:00Z,cyl_003,11.94
2026-05-24T10:00:00Z,cyl_004,13.14
2026-05-24T10:00:00Z,cyl_005,12.84
2026-05-24T11:00:00Z,cyl_001,11.01
2026-05-24T11:00:00Z,cyl_002,12.99
2026-05-24T11:00:00Z,cyl_003,11.95
2026-05-24T11:00:00Z,cyl_004,13.16
2026-05-24T11:00:00Z,cyl_005,12.81
2026-05-24T12:00:00Z,cyl_001,11.02
2026-05-24T12:00:00Z,cyl_002,12.98
2026-05-24T12:00:00Z,cyl_003,11.94
2026-05-24T12:00:00Z,cyl_004,13.11
2026-05-24T12:00:00Z,cyl_005,12.86
2026-05-24T13:00:00Z,cyl_001,10.98
2026-05-24T13:00:00Z,cyl_002,13.01
2026-05-24T13:00:00Z,cyl_003,11.96
2026-05-24T13:00:00Z,cyl_004,13.12
2026-05-24T13:00:00Z,cyl_005,12.86
2026-05-24T14:00:00Z,cyl_001,10.95
2026-05-24T14:00:00Z,cyl_002,12.92
2026-05-24T14:00:00Z,cyl_003,11.94
2026-05-24T14:00:00Z,cyl_004,13.08
2026-05-24T14:00:00Z,cyl_005,12.8
2026-05-24T15:00:00Z,cyl_001,10.99
2026-05-24T15:00:00Z,cyl_002,12.86
2026-05-24T15:00:00Z,cyl_003,11.92
2026-05-24T15:00:00Z,cyl_004,13.09
2026-05-24T15:00:00Z,cyl_005,12.81
2026-05-24T16:00:00Z,cyl_001,10.95
2026-05-24T16:00:00Z,cyl_002,12.93
2026-05-24T16:00:00Z,cyl_003,11.89
2026-05-24T16:00:00Z,cyl_004,13.06
2026-05-24T16:00:00Z,cyl_005,12.79
2026-05-24T17:00:00Z,cyl_001,10.89
2026-05-24T17:00:00Z,cyl_002,12.9
2026-05-24T17:00:00Z,cyl_003,11.87
2026-05-24T17:00:00Z,cyl_004,13.09
2026-05-24T17:00:00Z,cyl_005,12.78
2026-05-24T18:00:00Z,cyl_001,10.95
2026-05-24T18:00:00Z,cyl_002,12.95
2026-05-24T18:00:00Z,cyl_003,11.96
2026-05-24T18:00:00Z,cyl_004,13.07
2026-05-24T18:00:00Z,cyl_005,12.75
2026-05-24T19:00:00Z,cyl_001,10.88
2026-05-24T19:00:00Z,cyl_002,12.89
2026-05-24T19:00:00Z,cyl_003,11.9
2026-05-24T19:00:00Z,cyl_004,13.02
2026-05-24T19:00:00Z,cyl_005,12.75
2026-05-24T20:00:00Z,cyl_001,8.92
2026-05-24T20:00:00Z,cyl_002,12.89
2026-05-24T20:00:00Z,cyl_003,11.83
2026-05-24T20:00:00Z,cyl_004,13.05
2026-05-24T20:00:00Z,cyl_005,12.76
2026-05-24T21:00:00Z,cyl_001,10.87
2026-05-24T21:00:00Z,cyl_002,12.87
2026-05-24T21:00:00Z,cyl_003,11.8
2026-05-24T21:00:00Z,cyl_004,13.01
2026-05-24T21:00:00Z,cyl_005,12.75
2026-05-24T22:00:00Z,cyl_001,10.91
2026-05-24T22:00:00Z,cyl_002,12.85
2026-05-24T22:00:00Z,cyl_003,11.81
2026-05-24T22:00:00Z,cyl_004,13.0
2026-05-24T22:00:00Z,cyl_005,12.68
2026-05-24T23:00:00Z,cyl_001,10.88
2026-05-24T23:00:00Z,cyl_002,12.89
2026-05-24T23:00:00Z,cyl_003,11.87
2026-05-24T23:00:00Z,cyl_004,13.01
2026-05-24T23:00:00Z,cyl_005,12.7
2026-05-25T00:00:00Z,cyl_001,10.83
2026-05-25T00:00:00Z,cyl_002,12.81
2026-05-25T00:00:00Z,cyl_003,11.82
2026-05-25T00:00:00Z,cyl_004,13.07
2026-05-25T00:00:00Z,cyl_005,12.64
2026-05-25T01:00:00Z,cyl_001,10.83
2026-05-25T01:00:00Z,cyl_002,12.81
2026-05-25T01:00:00Z,cyl_003,11.83
2026-05-25T01:00:00Z,cyl_004,13.01
2026-05-25T01:00:00Z,cyl_005,12.68
2026-05-25T02:00:00Z,cyl_001,10.83
2026-05-25T02:00:00Z,cyl_002,12.83
2026-05-25T02:00:00Z,cyl_003,11.83
2026-05-25T02:00:00Z,cyl_004,13.0
2026-05-25T02:00:00Z,cyl_005,12.7
2026-05-25T03:00:00Z,cyl_001,10.83
2026-05-25T03:00:00Z,cyl_002,12.84
2026-05-25T03:00:00Z,cyl_003,11.85
2026-05-25T03:00:00Z,cyl_004,12.93
2026-05-25T03:00:00Z,cyl_005,12.65
2026-05-25T04:00:00Z,cyl_001,10.81
2026-05-25T04:00:00Z,cyl_002,12.82
2026-05-25T04:00:00Z,cyl_003,11.83
2026-05-25T04:00:00Z,cyl_004,12.97
2026-05-25T04:00:00Z,cyl_005,12.67
2026-05-25T05:00:00Z,cyl_001,10.77
2026-05-25T05:00:00Z,cyl_002,12.84
2026-05-25T05:00:00Z,cyl_003,11.79
2026-05-25T05:00:00Z,cyl_004,12.93
2026-05-25T05:00:00Z,cyl_005,12.67
2026-05-25T06:00:00Z,cyl_001,10.83
2026-05-25T06:00:00Z,cyl_002,12.8
2026-05-25T06:00:00Z,cyl_003,11.79
2026-05-25T06:00:00Z,cyl_004,12.98
2026-05-25T06:00:00Z,cyl_005,12.59
2026-05-25T07:00:00Z,cyl_001,10.82
2026-05-25T07:00:00Z,cyl_002,12.77
2026-05-25T07:00:00Z,cyl_003,11.75
2026-05-25T07:00:00Z,cyl_004,12.94
2026-05-25T07:00:00Z,cyl_005,12.61
2026-05-25T08:00:00Z,cyl_001,10.79
2026-05-25T08:00:00Z,cyl_002,12.75
2026-05-25T08:00:00Z,cyl_003,11.74
2026-05-25T08:00:00Z,cyl_004,12.89
2026-05-25T08:00:00Z,cyl_005,12.57
2026-05-25T09:00:00Z,cyl_001,10.74
2026-05-25T09:00:00Z,cyl_002,12.79
2026-05-25T09:00:00Z,cyl_003,11.72
2026-05-25T09:00:00Z,cyl_004,12.92
2026-05-25T09:00:00Z,cyl_005,12.52
2026-05-25T10:00:00Z,cyl_001,10.7
2026-05-25T10:00:00Z,cyl_002,12.74
2026-05-25T10:00:00Z,cyl_003,11.73
2026-05-25T10:00:00Z,cyl_004,12.87
2026-05-25T10:00:00Z,cyl_005,12.51
2026-05-25T11:00:00Z,cyl_001,10.71
2026-05-25T11:00:00Z,cyl_002,12.76
2026-05-25T11:00:00Z,cyl_003,11.73
2026-05-25T11:00:00Z,cyl_004,12.9
2026-05-25T11:00:00Z,cyl_005,12.54
2026-05-25T12:00:00Z,cyl_001,10.74
2026-05-25T12:00:00Z,cyl_002,12.69
2026-05-25T12:00:00Z,cyl_003,11.7
2026-05-25T12:00:00Z,cyl_004,12.88
2026-05-25T12:00:00Z,cyl_005,12.55
2026-05-25T13:00:00Z,cyl_001,10.68
2026-05-25T13:00:00Z,cyl_002,12.69
2026-05-25T13:00:00Z,cyl_003,11.65
2026-05-25T13:00:00Z,cyl_004,12.89
2026-05-25T13:00:00Z,cyl_005,12.53
2026-05-25T14:00:00Z,cyl_001,10.71
2026-05-25T14:00:00Z,cyl_002,12.71
2026-05-25T14:00:00Z,cyl_003,11.67
2026-05-25T14:00:00Z,cyl_004,12.88
2026-05-25T14:00:00Z,cyl_005,12.55
2026-05-25T15:00:00Z,cyl_001,10.69
2026-05-25T15:00:00Z,cyl_002,12.75
2026-05-25T15:00:00Z,cyl_003,11.65
2026-05-25T15:00:00Z,cyl_004,12.83
2026-05-25T15:00:00Z,cyl_005,12.55
2026-05-25T16:00:00Z,cyl_001,10.73
2026-05-25T16:00:00Z,cyl_002,12.71
2026-05-25T16:00:00Z,cyl_003,11.74
2026-05-25T16:00:00Z,cyl_004,12.82
2026-05-25T16:00:00Z,cyl_005,12.49
2026-05-25T17:00:00Z,cyl_001,10.66
2026-05-25T17:00:00Z,cyl_002,12.66
2026-05-25T17:00:00Z,cyl_003,11.68
2026-05-25T17:00:00Z,cyl_004,12.8
2026-05-25T17:00:00Z,cyl_005,12.46
2026-05-25T18:00:00Z,cyl_001,10.73
2026-05-25T18:00:00Z,cyl_002,12.66
2026-05-25T18:00:00Z,cyl_003,11.69
2026-05-25T18:00:00Z,cyl_004,12.82
2026-05-25T18:00:00Z,cyl_005,12.5
2026-05-25T19:00:00Z,cyl_001,10.73
2026-05-25T19:00:00Z,cyl_002,12.63
2026-05-25T19:00:00Z,cyl_003,11.61
2026-05-25T19:00:00Z,cyl_004,12.83
2026-05-25T19:00:00Z,cyl_005,12.44
2026-05-25T20:00:00Z,cyl_001,10.62
2026-05-25T20:00:00Z,cyl_002,12.68
2026-05-25T20:00:00Z,cyl_003,11.65
2026-05-25T20:00:00Z,cyl_004,12.84
2026-05-25T20:00:00Z,cyl_005,12.44
2026-05-25T21:00:00Z,cyl_001,10.6
2026-05-25T21:00:00Z,cyl_002,12.61
2026-05-25T21:00:00Z,cyl_003,11.62
2026-05-25T21:00:00Z,cyl_004,12.78
2026-05-25T21:00:00Z,cyl_005,12.41
2026-05-25T22:00:00Z,cyl_001,10.64
2026-05-25T22:00:00Z,cyl_002,12.65
2026-05-25T22:00:00Z,cyl_003,11.62
2026-05-25T22:00:00Z,cyl_004,12.78
2026-05-25T22:00:00Z,cyl_005,12.47
2026-05-25T23:00:00Z,cyl_001,10.66
2026-05-25T23:00:00Z,cyl_002,12.68
2026-05-25T23:00:00Z,cyl_003,11.62
2026-05-25T23:00:00Z,cyl_004,12.77
2026-05-25T23:00:00Z,cyl_005,12.42
2026-05-26T00:00:00Z,cyl_001,10.61
2026-05-26T00:00:00Z,cyl_002,12.59
2026-05-26T00:00:00Z,cyl_003,11.57
2026-05-26T00:00:00Z,cyl_004,12.81
2026-05-26T00:00:00Z,cyl_005,12.39
2026-05-26T01:00:00Z,cyl_001,10.59
2026-05-26T01:00:00Z,cyl_002,12.52
2026-05-26T01:00:00Z,cyl_003,11.59
2026-05-26T01:00:00Z,cyl_004,12.78
2026-05-26T01:00:00Z,cyl_005,12.4
2026-05-26T02:00:00Z,cyl_001,10.59
2026-05-26T02:00:00Z,cyl_002,12.57
2026-05-26T02:00:00Z,cyl_003,11.57
2026-05-26T02:00:00Z,cyl_004,12.7
2026-05-26T02:00:00Z,cyl_005,12.39
2026-05-26T03:00:00Z,cyl_001,10.6
2026-05-26T03:00:00Z,cyl_002,12.59
2026-05-26T03:00:00Z,cyl_003,11.63
2026-05-26T03:00:00Z,cyl_004,12.74
2026-05-26T03:00:00Z,cyl_005,12.36
2026-05-26T04:00:00Z,cyl_001,10.54
2026-05-26T04:00:00Z,cyl_002,12.59
2026-05-26T04:00:00Z,cyl_003,11.53
2026-05-26T04:00:00Z,cyl_004,12.73
2026-05-26T04:00:00Z,cyl_005,12.3
2026-05-26T05:00:00Z,cyl_001,10.55
2026-05-26T05:00:00Z,cyl_002,12.54
2026-05-26T05:00:00Z,cyl_003,11.54
2026-05-26T05:00:00Z,cyl_004,12.75
2026-05-26T05:00:00Z,cyl_005,12.37
2026-05-26T06:00:00Z,cyl_001,10.56
2026-05-26T06:00:00Z,cyl_002,12.55
2026-05-26T06:00:00Z,cyl_003,11.55
2026-05-26T06:00:00Z,cyl_004,12.76
2026-05-26T06:00:00Z,cyl_005,12.37
2026-05-26T07:00:00Z,cyl_001,10.57
2026-05-26T07:00:00Z,cyl_002,12.5
2026-05-26T07:00:00Z,cyl_003,11.51
2026-05-26T07:00:00Z,cyl_004,12.7
2026-05-26T07:00:00Z,cyl_005,12.35
2026-05-26T08:00:00Z,cyl_001,10.54
2026-05-26T08:00:00Z,cyl_002,12.52
2026-05-26T08:00:00Z,cyl_003,11.51
2026-05-26T08:00:00Z,cyl_004,12.69
2026-05-26T08:00:00Z,cyl_005,12.38
2026-05-26T09:00:00Z,cyl_001,10.46
2026-05-26T09:00:00Z,cyl_002,12.5
2026-05-26T09:00:00Z,cyl_003,11.5
2026-05-26T09:00:00Z,cyl_004,12.69
2026-05-26T09:00:00Z,cyl_005,12.32
2026-05-26T10:00:00Z,cyl_001,10.45
2026-05-26T10:00:00Z,cyl_002,12.46
2026-05-26T10:00:00Z,cyl_003,11.51
2026-05-26T10:00:00Z,cyl_004,12.66
2026-05-26T10:00:00Z,cyl_005,12.3
2026-05-26T11:00:00Z,cyl_001,10.51
2026-05-26T11:00:00Z,cyl_002,12.48
2026-05-26T11:00:00Z,cyl_003,11.48
2026-05-26T11:00:00Z,cyl_004,12.6
2026-05-26T11:00:00Z,cyl_005,12.33
2026-05-26T12:00:00Z,cyl_001,10.45
2026-05-26T12:00:00Z,cyl_002,12.44
2026-05-26T12:00:00Z,cyl_003,11.49
2026-05-26T12:00:00Z,cyl_004,12.66
2026-05-26T12:00:00Z,cyl_005,12.27
2026-05-26T13:00:00Z,cyl_001,10.47
2026-05-26T13:00:00Z,cyl_002,12.45
2026-05-26T13:00:00Z,cyl_003,11.43
2026-05-26T13:00:00Z,cyl_004,12.66
2026-05-26T13:00:00Z,cyl_005,12.25
2026-05-26T14:00:00Z,cyl_001,10.45
2026-05-26T14:00:00Z,cyl_002,12.5
2026-05-26T14:00:00Z,cyl_003,11.47
2026-05-26T14:00:00Z,cyl_004,12.6
2026-05-26T14:00:00Z,cyl_005,12.22
2026-05-26T15:00:00Z,cyl_001,10.4
2026-05-26T15:00:00Z,cyl_002,12.42
2026-05-26T15:00:00Z,cyl_003,11.45
2026-05-26T15:00:00Z,cyl_004,12.69
2026-05-26T15:00:00Z,cyl_005,12.21
2026-05-26T16:00:00Z,cyl_001,10.46
2026-05-26T16:00:00Z,cyl_002,12.38
2026-05-26T16:00:00Z,cyl_003,11.43
2026-05-26T16:00:00Z,cyl_004,12.61
2026-05-26T16:00:00Z,cyl_005,12.19
2026-05-26T17:00:00Z,cyl_001,10.43
2026-05-26T17:00:00Z,cyl_002,12.41
2026-05-26T17:00:00Z,cyl_003,11.34
2026-05-26T17:00:00Z,cyl_004,12.64
2026-05-26T17:00:00Z,cyl_005,12.19
2026-05-26T18:00:00Z,cyl_001,10.39
2026-05-26T18:00:00Z,cyl_002,12.4
2026-05-26T18:00:00Z,cyl_003,11.38
2026-05-26T18:00:00Z,cyl_004,12.62
2026-05-26T18:00:00Z,cyl_005,12.21
2026-05-26T19:00:00Z,cyl_001,10.39
2026-05-26T19:00:00Z,cyl_002,12.44
2026-05-26T19:00:00Z,cyl_003,11.39
2026-05-26T19:00:00Z,cyl_004,12.56
2026-05-26T19:00:00Z,cyl_005,12.2
2026-05-26T20:00:00Z,cyl_001,10.41
2026-05-26T20:00:00Z,cyl_002,12.41
2026-05-26T20:00:00Z,cyl_003,11.36
2026-05-26T20:00:00Z,cyl_004,12.58
2026-05-26T20:00:00Z,cyl_005,12.16
2026-05-26T21:00:00Z,cyl_001,10.37
2026-05-26T21:00:00Z,cyl_002,12.4
2026-05-26T21:00:00Z,cyl_003,11.4
2026-05-26T21:00:00Z,cyl_004,12.59
2026-05-26T21:00:00Z,cyl_005,12.17
2026-05-26T22:00:00Z,cyl_001,10.3
2026-05-26T22:00:00Z,cyl_002,12.41
2026-05-26T22:00:00Z,cyl_003,11.47
2026-05-26T22:00:00Z,cyl_004,12.56
2026-05-26T22:00:00Z,cyl_005,12.16
2026-05-26T23:00:00Z,cyl_001,10.37
2026-05-26T23:00:00Z,cyl_002,12.42
2026-05-26T23:00:00Z,cyl_003,11.39
2026-05-26T23:00:00Z,cyl_004,12.62
2026-05-26T23:00:00Z,cyl_005,12.13
2026-05-27T00:00:00Z,cyl_001,10.34
2026-05-27T00:00:00Z,cyl_002,12.33
2026-05-27T00:00:00Z,cyl_003,11.39
2026-05-27T00:00:00Z,cyl_004,12.55
2026-05-27T00:00:00Z,cyl_005,12.17
2026-05-27T01:00:00Z,cyl_001,10.33
2026-05-27T01:00:00Z,cyl_002,12.39
2026-05-27T01:00:00Z,cyl_003,11.31
2026-05-27T01:00:00Z,cyl_004,12.54
2026-05-27T01:00:00Z,cyl_005,12.15
2026-05-27T02:00:00Z,cyl_001,10.35
2026-05-27T02:00:00Z,cyl_002,12.34
2026-05-27T02:00:00Z,cyl_003,11.32
2026-05-27T02:00:00Z,cyl_004,12.53
2026-05-27T02:00:00Z,cyl_005,12.1
2026-05-27T03:00:00Z,cyl_001,10.4
2026-05-27T03:00:00Z,cyl_002,12.28
2026-05-27T03:00:00Z,cyl_003,11.34
2026-05-27T03:00:00Z,cyl_004,12.51
2026-05-27T03:00:00Z,cyl_005,12.07
2026-05-27T04:00:00Z,cyl_001,10.27
2026-05-27T04:00:00Z,cyl_002,12.35
2026-05-27T04:00:00Z,cyl_003,11.32
2026-05-27T04:00:00Z,cyl_004,12.53
2026-05-27T04:00:00Z,cyl_005,12.08
2026-05-27T05:00:00Z,cyl_001,10.29
2026-05-27T05:00:00Z,cyl_002,12.35
2026-05-27T05:00:00Z,cyl_003,11.33
2026-05-27T05:00:00Z,cyl_004,12.54
2026-05-27T05:00:00Z,cyl_005,12.11
2026-05-27T06:00:00Z,cyl_001,10.28
2026-05-27T06:00:00Z,cyl_002,12.32
2026-05-27T06:00:00Z,cyl_003,11.26
2026-05-27T06:00:00Z,cyl_004,12.5
2026-05-27T06:00:00Z,cyl_005,12.04
2026-05-27T07:00:00Z,cyl_001,10.28
2026-05-27T07:00:00Z,cyl_002,12.25
2026-05-27T07:00:00Z,cyl_003,11.23
2026-05-27T07:00:00Z,cyl_004,12.52
2026-05-27T07:00:00Z,cyl_005,12.01
2026-05-27T08:00:00Z,cyl_001,10.26
2026-05-27T08:00:00Z,cyl_002,12.23
2026-05-27T08:00:00Z,cyl_003,11.31
2026-05-27T08:00:00Z,cyl_004,12.49
2026-05-27T08:00:00Z,cyl_005,12.02
2026-05-27T09:00:00Z,cyl_001,10.25
2026-05-27T09:00:00Z,cyl_002,12.24
2026-05-27T09:00:00Z,cyl_003,11.26
2026-05-27T09:00:00Z,cyl_004,12.46
2026-05-27T09:00:00Z,cyl_005,12.02
2026-05-27T10:00:00Z,cyl_001,10.3
2026-05-27T10:00:00Z,cyl_002,12.24
2026-05-27T10:00:00Z,cyl_003,11.25
2026-05-27T10:00:00Z,cyl_004,12.43
2026-05-27T10:00:00Z,cyl_005,12.05
2026-05-27T11:00:00Z,cyl_001,10.22
2026-05-27T11:00:00Z,cyl_002,12.24
2026-05-27T11:00:00Z,cyl_003,11.28
2026-05-27T11:00:00Z,cyl_004,12.46
2026-05-27T11:00:00Z,cyl_005,12.02
2026-05-27T12:00:00Z,cyl_001,10.25
2026-05-27T12:00:00Z,cyl_002,12.26
2026-05-27T12:00:00Z,cyl_003,11.25
2026-05-27T12:00:00Z,cyl_004,12.44
2026-05-27T12:00:00Z,cyl_005,11.92
2026-05-27T13:00:00Z,cyl_001,10.25
2026-05-27T13:00:00Z,cyl_002,12.28
2026-05-27T13:00:00Z,cyl_003,11.18
2026-05-27T13:00:00Z,cyl_004,12.44
2026-05-27T13:00:00Z,cyl_005,11.97
2026-05-27T14:00:00Z,cyl_001,10.19
2026-05-27T14:00:00Z,cyl_002,12.23
2026-05-27T14:00:00Z,cyl_003,11.23
2026-05-27T14:00:00Z,cyl_004,12.42
2026-05-27T14:00:00Z,cyl_005,11.96
2026-05-27T15:00:00Z,cyl_001,10.2
2026-05-27T15:00:00Z,cyl_002,12.2
2026-05-27T15:00:00Z,cyl_003,11.22
2026-05-27T15:00:00Z,cyl_004,12.45
2026-05-27T15:00:00Z,cyl_005,11.97
2026-05-27T16:00:00Z,cyl_001,10.18
2026-05-27T16:00:00Z,cyl_002,12.2
2026-05-27T16:00:00Z,cyl_003,11.16
2026-05-27T16:00:00Z,cyl_004,12.42
2026-05-27T16:00:00Z,cyl_005,11.97
2026-05-27T17:00:00Z,cyl_001,10.19
2026-05-27T17:00:00Z,cyl_002,12.16
2026-05-27T17:00:00Z,cyl_003,11.16
2026-05-27T17:00:00Z,cyl_004,12.35
2026-05-27T17:00:00Z,cyl_005,11.91
2026-05-27T18:00:00Z,cyl_001,10.15
2026-05-27T18:00:00Z,cyl_002,12.17
2026-05-27T18:00:00Z,cyl_003,11.2
2026-05-27T18:00:00Z,cyl_004,12.39
2026-05-27T18:00:00Z,cyl_005,11.99
2026-05-27T19:00:00Z,cyl_001,10.17
2026-05-27T19:00:00Z,cyl_002,12.16
2026-05-27T19:00:00Z,cyl_003,11.13
2026-05-27T19:00:00Z,cyl_004,12.38
2026-05-27T19:00:00Z,cyl_005,11.9
2026-05-27T20:00:00Z,cyl_001,10.12
2026-05-27T20:00:00Z,cyl_002,12.12
2026-05-27T20:00:00Z,cyl_003,11.16
2026-05-27T20:00:00Z,cyl_004,12.38
2026-05-27T20:00:00Z,cyl_005,11.85
2026-05-27T21:00:00Z,cyl_001,10.12
2026-05-27T21:00:00Z,cyl_002,12.11
2026-05-27T21:00:00Z,cyl_003,11.19
2026-05-27T21:00:00Z,cyl_004,12.32
2026-05-27T21:00:00Z,cyl_005,11.91
2026-05-27T22:00:00Z,cyl_001,10.12
2026-05-27T22:00:00Z,cyl_002,12.1
2026-05-27T22:00:00Z,cyl_003,11.11
2026-05-27T22:00:00Z,cyl_004,12.36
2026-05-27T22:00:00Z,cyl_005,11.9
2026-05-27T23:00:00Z,cyl_001,10.14
2026-05-27T23:00:00Z,cyl_002,12.1
2026-05-27T23:00:00Z,cyl_003,11.16
2026-05-27T23:00:00Z,cyl_004,12.35
2026-05-27T23:00:00Z,cyl_005,11.85
2026-05-28T00:00:00Z,cyl_001,10.15
2026-05-28T00:00:00Z,cyl_002,12.12
2026-05-28T00:00:00Z,cyl_003,11.11
2026-05-28T00:00:00Z,cyl_004,12.36
2026-05-28T00:00:00Z,cyl_005,11.81
2026-05-28T01:00:00Z,cyl_001,10.1
2026-05-28T01:00:00Z,cyl_002,12.12
2026-05-28T01:00:00Z,cyl_003,11.15
2026-05-28T01:00:00Z,cyl_004,12.34
2026-05-28T01:00:00Z,cyl_005,11.84
2026-05-28T02:00:00Z,cyl_001,10.09
2026-05-28T02:00:00Z,cyl_002,12.1
2026-05-28T02:00:00Z,cyl_003,11.07
2026-05-28T02:00:00Z,cyl_004,12.27
2026-05-28T02:00:00Z,cyl_005,11.87
2026-05-28T03:00:00Z,cyl_001,10.1
2026-05-28T03:00:00Z,cyl_002,12.12
2026-05-28T03:00:00Z,cyl_003,11.15
2026-05-28T03:00:00Z,cyl_004,12.34
2026-05-28T03:00:00Z,cyl_005,11.84
2026-05-28T04:00:00Z,cyl_001,10.07
2026-05-28T04:00:00Z,cyl_002,12.07
2026-05-28T04:00:00Z,cyl_003,11.07
2026-05-28T04:00:00Z,cyl_004,12.27
2026-05-28T04:00:00Z,cyl_005,11.8
2026-05-28T05:00:00Z,cyl_001,10.07
2026-05-28T05:00:00Z,cyl_002,12.02
2026-05-28T05:00:00Z,cyl_003,11.12
2026-05-28T05:00:00Z,cyl_004,12.29
2026-05-28T05:00:00Z,cyl_005,11.73
2026-05-28T06:00:00Z,cyl_001,10.03
2026-05-28T06:00:00Z,cyl_002,12.02
2026-05-28T06:00:00Z,cyl_003,11.07
2026-05-28T06:00:00Z,cyl_004,12.26
2026-05-28T06:00:00Z,cyl_005,11.84
2026-05-28T07:00:00Z,cyl_001,10.08
2026-05-28T07:00:00Z,cyl_002,12.04
2026-05-28T07:00:00Z,cyl_003,11.07
2026-05-28T07:00:00Z,cyl_004,12.25
2026-05-28T07:00:00Z,cyl_005,11.75
2026-05-28T08:00:00Z,cyl_001,10.04
2026-05-28T08:00:00Z,cyl_002,11.99
2026-05-28T08:00:00Z,cyl_003,11.01
2026-05-28T08:00:00Z,cyl_004,12.26
2026-05-28T08:00:00Z,cyl_005,11.76
2026-05-28T09:00:00Z,cyl_001,10.05
2026-05-28T09:00:00Z,cyl_002,12.0
2026-05-28T09:00:00Z,cyl_003,11.08
2026-05-28T09:00:00Z,cyl_004,12.26
2026-05-28T09:00:00Z,cyl_005,11.73
2026-05-28T10:00:00Z,cyl_001,10.0
2026-05-28T10:00:00Z,cyl_002,12.02
2026-05-28T10:00:00Z,cyl_003,11.03
2026-05-28T10:00:00Z,cyl_004,12.2
2026-05-28T10:00:00Z,cyl_005,11.79
2026-05-28T11:00:00Z,cyl_001,9.99
2026-05-28T11:00:00Z,cyl_002,11.97
2026-05-28T11:00:00Z,cyl_003,10.94
2026-05-28T11:00:00Z,cyl_004,12.27
2026-05-28T11:00:00Z,cyl_005,11.79
2026-05-28T12:00:00Z,cyl_001,10.03
2026-05-28T12:00:00Z,cyl_002,12.02
2026-05-28T12:00:00Z,cyl_003,11.0
2026-05-28T12:00:00Z,cyl_004,12.2
2026-05-28T12:00:00Z,cyl_005,11.71
2026-05-28T13:00:00Z,cyl_001,9.99
2026-05-28T13:00:00Z,cyl_002,11.92
2026-05-28T13:00:00Z,cyl_003,10.98
2026-05-28T13:00:00Z,cyl_004,12.21
2026-05-28T13:00:00Z,cyl_005,11.7
2026-05-28T14:00:00Z,cyl_001,10.01
2026-05-28T14:00:00Z,cyl_002,12.01
2026-05-28T14:00:00Z,cyl_003,10.99
2026-05-28T14:00:00Z,cyl_004,12.19
2026-05-28T14:00:00Z,cyl_005,11.61
2026-05-28T15:00:00Z,cyl_001,9.97
2026-05-28T15:00:00Z,cyl_002,11.99
2026-05-28T15:00:00Z,cyl_003,11.03
2026-05-28T15:00:00Z,cyl_004,12.24
2026-05-28T15:00:00Z,cyl_005,11.72
2026-05-28T16:00:00Z,cyl_001,9.92
2026-05-28T16:00:00Z,cyl_002,11.95
2026-05-28T16:00:00Z,cyl_003,10.94
2026-05-28T16:00:00Z,cyl_004,12.22
2026-05-28T16:00:00Z,cyl_005,11.68
2026-05-28T17:00:00Z,cyl_001,10.03
2026-05-28T17:00:00Z,cyl_002,11.9
2026-05-28T17:00:00Z,cyl_003,10.96
2026-05-28T17:00:00Z,cyl_004,12.16
2026-05-28T17:00:00Z,cyl_005,11.64
2026-05-28T18:00:00Z,cyl_001,9.93
2026-05-28T18:00:00Z,cyl_002,11.87
2026-05-28T18:00:00Z,cyl_003,10.88
2026-05-28T18:00:00Z,cyl_004,12.23
2026-05-28T18:00:00Z,cyl_005,11.67
2026-05-28T19:00:00Z,cyl_001,10.0
2026-05-28T19:00:00Z,cyl_002,11.94
2026-05-28T19:00:00Z,cyl_003,10.87
2026-05-28T19:00:00Z,cyl_004,12.19
2026-05-28T19:00:00Z,cyl_005,11.7
2026-05-28T20:00:00Z,cyl_001,9.92
2026-05-28T20:00:00Z,cyl_002,11.9
2026-05-28T20:00:00Z,cyl_003,10.89
2026-05-28T20:00:00Z,cyl_004,12.12
2026-05-28T20:00:00Z,cyl_005,11.63
2026-05-28T21:00:00Z,cyl_001,9.95
2026-05-28T21:00:00Z,cyl_002,11.91
2026-05-28T21:00:00Z,cyl_003,10.87
2026-05-28T21:00:00Z,cyl_004,12.14
2026-05-28T21:00:00Z,cyl_005,11.64
2026-05-28T22:00:00Z,cyl_001,9.89
2026-05-28T22:00:00Z,cyl_002,11.9
2026-05-28T22:00:00Z,cyl_003,10.94
2026-05-28T22:00:00Z,cyl_004,12.11
2026-05-28T22:00:00Z,cyl_005,11.6
2026-05-28T23:00:00Z,cyl_001,9.9
2026-05-28T23:00:00Z,cyl_002,11.87
2026-05-28T23:00:00Z,cyl_003,10.93
2026-05-28T23:00:00Z,cyl_004,12.07
2026-05-28T23:00:00Z,cyl_005,11.62
2026-05-29T00:00:00Z,cyl_001,9.92
2026-05-29T00:00:00Z,cyl_002,11.81
2026-05-29T00:00:00Z,cyl_003,10.87
2026-05-29T00:00:00Z,cyl_004,12.02
2026-05-29T00:00:00Z,cyl_005,11.57
2026-05-29T01:00:00Z,cyl_001,9.84
2026-05-29T01:00:00Z,cyl_002,11.88
2026-05-29T01:00:00Z,cyl_003,10.85
2026-05-29T01:00:00Z,cyl_004,12.09
2026-05-29T01:00:00Z,cyl_005,11.59
2026-05-29T02:00:00Z,cyl_001,9.88
2026-05-29T02:00:00Z,cyl_002,11.85
2026-05-29T02:00:00Z,cyl_003,10.82
2026-05-29T02:00:00Z,cyl_004,12.08
2026-05-29T02:00:00Z,cyl_005,11.58
2026-05-29T03:00:00Z,cyl_001,9.8
2026-05-29T03:00:00Z,cyl_002,11.87
2026-05-29T03:00:00Z,cyl_003,10.85
2026-05-29T03:00:00Z,cyl_004,12.09
2026-05-29T03:00:00Z,cyl_005,11.51
2026-05-29T04:00:00Z,cyl_001,9.79
2026-05-29T04:00:00Z,cyl_002,11.8
2026-05-29T04:00:00Z,cyl_003,10.84
2026-05-29T04:00:00Z,cyl_004,12.06
2026-05-29T04:00:00Z,cyl_005,11.53
2026-05-29T05:00:00Z,cyl_001,9.78
2026-05-29T05:00:00Z,cyl_002,11.75
2026-05-29T05:00:00Z,cyl_003,10.87
2026-05-29T05:00:00Z,cyl_004,12.02
2026-05-29T05:00:00Z,cyl_005,11.49
2026-05-29T06:00:00Z,cyl_001,9.76
2026-05-29T06:00:00Z,cyl_002,11.74
2026-05-29T06:00:00Z,cyl_003,10.83
2026-05-29T06:00:00Z,cyl_004,12.07
2026-05-29T06:00:00Z,cyl_005,11.58
2026-05-29T07:00:00Z,cyl_001,9.83
2026-05-29T07:00:00Z,cyl_002,11.79
2026-05-29T07:00:00Z,cyl_003,10.77
2026-05-29T07:00:00Z,cyl_004,12.12
2026-05-29T07:00:00Z,cyl_005,11.48
2026-05-29T08:00:00Z,cyl_001,9.77
2026-05-29T08:00:00Z,cyl_002,11.8
2026-05-29T08:00:00Z,cyl_003,10.84
2026-05-29T08:00:00Z,cyl_004,12.04
2026-05-29T08:00:00Z,cyl_005,11.52
2026-05-29T09:00:00Z,cyl_001,9.83
2026-05-29T09:00:00Z,cyl_002,11.76
2026-05-29T09:00:00Z,cyl_003,10.77
2026-05-29T09:00:00Z,cyl_004,12.04
2026-05-29T09:00:00Z,cyl_005,11.42
2026-05-29T10:00:00Z,cyl_001,9.77
2026-05-29T10:00:00Z,cyl_002,11.82
2026-05-29T10:00:00Z,cyl_003,10.81
2026-05-29T10:00:00Z,cyl_004,11.99
2026-05-29T10:00:00Z,cyl_005,11.49
2026-05-29T11:00:00Z,cyl_001,9.74
2026-05-29T11:00:00Z,cyl_002,11.79
2026-05-29T11:00:00Z,cyl_003,10.72
2026-05-29T11:00:00Z,cyl_004,11.98
2026-05-29T11:00:00Z,cyl_005,11.49
2026-05-29T12:00:00Z,cyl_001,9.71
2026-05-29T12:00:00Z,cyl_002,11.74
2026-05-29T12:00:00Z,cyl_003,10.77
2026-05-29T12:00:00Z,cyl_004,11.98
2026-05-29T12:00:00Z,cyl_005,11.49
2026-05-29T13:00:00Z,cyl_001,9.7
2026-05-29T13:00:00Z,cyl_002,11.72
2026-05-29T13:00:00Z,cyl_003,10.69
2026-05-29T13:00:00Z,cyl_004,12.03
2026-05-29T13:00:00Z,cyl_005,11.45
2026-05-29T14:00:00Z,cyl_001,9.75
2026-05-29T14:00:00Z,cyl_002,11.71
2026-05-29T14:00:00Z,cyl_003,10.74
2026-05-29T14:00:00Z,cyl_004,11.93
2026-05-29T14:00:00Z,cyl_005,11.42
2026-05-29T15:00:00Z,cyl_001,9.69
2026-05-29T15:00:00Z,cyl_002,11.69
2026-05-29T15:00:00Z,cyl_003,10.69
2026-05-29T15:00:00Z,cyl_004,11.96
2026-05-29T15:00:00Z,cyl_005,11.44
2026-05-29T16:00:00Z,cyl_001,9.73
2026-05-29T16:00:00Z,cyl_002,11.71
2026-05-29T16:00:00Z,cyl_003,10.79
2026-05-29T16:00:00Z,cyl_004,11.93
2026-05-29T16:00:00Z,cyl_005,11.35
2026-05-29T17:00:00Z,cyl_001,9.68
2026-05-29T17:00:00Z,cyl_002,11.68
2026-05-29T17:00:00Z,cyl_003,10.78
2026-05-29T17:00:00Z,cyl_004,11.96
2026-05-29T17:00:00Z,cyl_005,11.34
2026-05-29T18:00:00Z,cyl_001,9.68
2026-05-29T18:00:00Z,cyl_002,11.67
2026-05-29T18:00:00Z,cyl_003,10.71
2026-05-29T18:00:00Z,cyl_004,11.95
2026-05-29T18:00:00Z,cyl_005,11.36
2026-05-29T19:00:00Z,cyl_001,9.67
2026-05-29T19:00:00Z,cyl_002,11.67
2026-05-29T19:00:00Z,cyl_003,10.7
2026-05-29T19:00:00Z,cyl_004,11.96
2026-05-29T19:00:00Z,cyl_005,11.36
2026-05-29T20:00:00Z,cyl_001,9.68
2026-05-29T20:00:00Z,cyl_002,11.6
2026-05-29T20:00:00Z,cyl_003,10.71
2026-05-29T20:00:00Z,cyl_004,11.92
2026-05-29T20:00:00Z,cyl_005,11.36
2026-05-29T21:00:00Z,cyl_001,9.62
2026-05-29T21:00:00Z,cyl_002,11.67
2026-05-29T21:00:00Z,cyl_003,10.68
2026-05-29T21:00:00Z,cyl_004,11.92
2026-05-29T21:00:00Z,cyl_005,11.33
2026-05-29T22:00:00Z,cyl_001,9.64
2026-05-29T22:00:00Z,cyl_002,11.63
2026-05-29T22:00:00Z,cyl_003,10.64
2026-05-29T22:00:00Z,cyl_004,11.91
2026-05-29T22:00:00Z,cyl_005,11.34
2026-05-29T23:00:00Z,cyl_001,9.62
2026-05-29T23:00:00Z,cyl_002,11.64
2026-05-29T23:00:00Z,cyl_003,10.67
2026-05-29T23:00:00Z,cyl_004,11.91
2026-05-29T23:00:00Z,cyl_005,11.31
2026-05-30T00:00:00Z,cyl_001,9.6
2026-05-30T00:00:00Z,cyl_002,11.63
2026-05-30T00:00:00Z,cyl_003,10.64
2026-05-30T00:00:00Z,cyl_004,11.91
2026-05-30T00:00:00Z,cyl_005,11.35
2026-05-30T01:00:00Z,cyl_001,9.68
2026-05-30T01:00:00Z,cyl_002,11.62
2026-05-30T01:00:00Z,cyl_003,10.62
2026-05-30T01:00:00Z,cyl_004,11.85
2026-05-30T01:00:00Z,cyl_005,11.29
2026-05-30T02:00:00Z,cyl_001,9.64
2026-05-30T02:00:00Z,cyl_002,11.61
2026-05-30T02:00:00Z,cyl_003,10.67
2026-05-30T02:00:00Z,cyl_004,11.83
2026-05-30T02:00:00Z,cyl_005,11.21
2026-05-30T03:00:00Z,cyl_001,9.53
2026-05-30T03:00:00Z,cyl_002,11.62
2026-05-30T03:00:00Z,cyl_003,10.66
2026-05-30T03:00:00Z,cyl_004,11.86
2026-05-30T03:00:00Z,cyl_005,11.34
2026-05-30T04:00:00Z,cyl_001,9.6
2026-05-30T04:00:00Z,cyl_002,11.61
2026-05-30T04:00:00Z,cyl_003,10.58
2026-05-30T04:00:00Z,cyl_004,11.84
2026-05-30T04:00:00Z,cyl_005,11.24
2026-05-30T05:00:00Z,cyl_001,9.58
2026-05-30T05:00:00Z,cyl_002,11.54
2026-05-30T05:00:00Z,cyl_003,10.57
2026-05-30T05:00:00Z,cyl_004,11.85
2026-05-30T05:00:00Z,cyl_005,11.19
2026-05-30T06:00:00Z,cyl_001,9.55
2026-05-30T06:00:00Z,cyl_002,11.59
2026-05-30T06:00:00Z,cyl_003,10.55
2026-05-30T06:00:00Z,cyl_004,11.86
2026-05-30T06:00:00Z,cyl_005,11.22
2026-05-30T07:00:00Z,cyl_001,9.56
2026-05-30T07:00:00Z,cyl_002,11.56
2026-05-30T07:00:00Z,cyl_003,10.57
2026-05-30T07:00:00Z,cyl_004,11.81
2026-05-30T07:00:00Z,cyl_005,11.17
2026-05-30T08:00:00Z,cyl_001,9.53
2026-05-30T08:00:00Z,cyl_002,11.5
2026-05-30T08:00:00Z,cyl_003,10.51
2026-05-30T08:00:00Z,cyl_004,11.84
2026-05-30T08:00:00Z,cyl_005,11.21
2026-05-30T09:00:00Z,cyl_001,9.57
2026-05-30T09:00:00Z,cyl_002,11.54
2026-05-30T09:00:00Z,cyl_003,10.53
2026-05-30T09:00:00Z,cyl_004,11.78
2026-05-30T09:00:00Z,cyl_005,11.2
2026-05-30T10:00:00Z,cyl_001,9.51
2026-05-30T10:00:00Z,cyl_002,11.56
2026-05-30T10:00:00Z,cyl_003,10.54
2026-05-30T10:00:00Z,cyl_004,11.75
2026-05-30T10:00:00Z,cyl_005,11.16
2026-05-30T11:00:00Z,cyl_001,9.51
2026-05-30T11:00:00Z,cyl_002,11.5
2026-05-30T11:00:00Z,cyl_003,10.54
2026-05-30T11:00:00Z,cyl_004,11.76
2026-05-30T11:00:00Z,cyl_005,11.21
2026-05-30T12:00:00Z,cyl_001,9.5
2026-05-30T12:00:00Z,cyl_002,11.52
2026-05-30T12:00:00Z,cyl_003,10.47
2026-05-30T12:00:00Z,cyl_004,11.73
2026-05-30T12:00:00Z,cyl_005,11.14
2026-05-30T13:00:00Z,cyl_001,9.44
2026-05-30T13:00:00Z,cyl_002,11.49
2026-05-30T13:00:00Z,cyl_003,10.54
2026-05-30T13:00:00Z,cyl_004,11.76
2026-05-30T13:00:00Z,cyl_005,11.15
2026-05-30T14:00:00Z,cyl_001,9.5
2026-05-30T14:00:00Z,cyl_002,11.45
2026-05-30T14:00:00Z,cyl_003,10.49
2026-05-30T14:00:00Z,cyl_004,11.76
2026-05-30T14:00:00Z,cyl_005,11.11
2026-05-30T15:00:00Z,cyl_001,9.46
2026-05-30T15:00:00Z,cyl_002,11.48
2026-05-30T15:00:00Z,cyl_003,10.48
2026-05-30T15:00:00Z,cyl_004,11.73
2026-05-30T15:00:00Z,cyl_005,11.12
2026-05-30T16:00:00Z,cyl_001,9.47
2026-05-30T16:00:00Z,cyl_002,11.44
2026-05-30T16:00:00Z,cyl_003,10.51
2026-05-30T16:00:00Z,cyl_004,11.71
2026-05-30T16:00:00Z,cyl_005,11.13
2026-05-30T17:00:00Z,cyl_001,9.45
2026-05-30T17:00:00Z,cyl_002,11.46
2026-05-30T17:00:00Z,cyl_003,10.48
2026-05-30T17:00:00Z,cyl_004,11.72
2026-05-30T17:00:00Z,cyl_005,11.09
2026-05-30T18:00:00Z,cyl_001,9.44
2026-05-30T18:00:00Z,cyl_002,11.47
2026-05-30T18:00:00Z,cyl_003,10.47
2026-05-30T18:00:00Z,cyl_004,11.69
2026-05-30T18:00:00Z,cyl_005,11.17
2026-05-30T19:00:00Z,cyl_001,9.41
2026-05-30T19:00:00Z,cyl_002,11.41
2026-05-30T19:00:00Z,cyl_003,10.51
2026-05-30T19:00:00Z,cyl_004,11.71
2026-05-30T19:00:00Z,cyl_005,11.07
2026-05-30T20:00:00Z,cyl_001,9.44
2026-05-30T20:00:00Z,cyl_002,11.34
2026-05-30T20:00:00Z,cyl_003,10.44
2026-05-30T20:00:00Z,cyl_004,11.68
2026-05-30T20:00:00Z,cyl_005,11.05
2026-05-30T21:00:00Z,cyl_001,9.39
2026-05-30T21:00:00Z,cyl_002,11.4
2026-05-30T21:00:00Z,cyl_003,10.39
2026-05-30T21:00:00Z,cyl_004,11.65
2026-05-30T21:00:00Z,cyl_005,11.07
2026-05-30T22:00:00Z,cyl_001,9.33
2026-05-30T22:00:00Z,cyl_002,11.41
2026-05-30T22:00:00Z,cyl_003,10.39
2026-05-30T22:00:00Z,cyl_004,11.76
2026-05-30T22:00:00Z,cyl_005,11.02
2026-05-30T23:00:00Z,cyl_001,9.4
2026-05-30T23:00:00Z,cyl_002,11.38
2026-05-30T23:00:00Z,cyl_003,10.36
2026-05-30T23:00:00Z,cyl_004,11.67
2026-05-30T23:00:00Z,cyl_005,11.03
2026-05-31T00:00:00Z,cyl_001,9.35
2026-05-31T00:00:00Z,cyl_002,11.37
2026-05-31T00:00:00Z,cyl_003,10.38
2026-05-31T00:00:00Z,cyl_004,11.59
2026-05-31T00:00:00Z,cyl_005,10.97
2026-05-31T01:00:00Z,cyl_001,9.34
2026-05-31T01:00:00Z,cyl_002,11.34
2026-05-31T01:00:00Z,cyl_003,10.39
2026-05-31T01:00:00Z,cyl_004,11.63
2026-05-31T01:00:00Z,cyl_005,11.03
2026-05-31T02:00:00Z,cyl_001,9.34
2026-05-31T02:00:00Z,cyl_002,11.32
2026-05-31T02:00:00Z,cyl_003,10.39
2026-05-31T02:00:00Z,cyl_004,11.64
2026-05-31T02:00:00Z,cyl_005,11.06
2026-05-31T03:00:00Z,cyl_001,9.31
2026-05-31T03:00:00Z,cyl_002,11.31
2026-05-31T03:00:00Z,cyl_003,10.34
2026-05-31T03:00:00Z,cyl_004,11.62
2026-05-31T03:00:00Z,cyl_005,10.99
2026-05-31T04:00:00Z,cyl_001,9.26
2026-05-31T04:00:00Z,cyl_002,11.34
2026-05-31T04:00:00Z,cyl_003,10.36
2026-05-31T04:00:00Z,cyl_004,11.65
2026-05-31T04:00:00Z,cyl_005,10.97
2026-05-31T05:00:00Z,cyl_001,9.33
2026-05-31T05:00:00Z,cyl_002,11.3
2026-05-31T05:00:00Z,cyl_003,10.3
2026-05-31T05:00:00Z,cyl_004,11.61
2026-05-31T05:00:00Z,cyl_005,10.96
2026-05-31T06:00:00Z,cyl_001,9.31
2026-05-31T06:00:00Z,cyl_002,11.33
2026-05-31T06:00:00Z,cyl_003,10.37
2026-05-31T06:00:00Z,cyl_004,11.61
2026-05-31T06:00:00Z,cyl_005,10.95
2026-05-31T07:00:00Z,cyl_001,9.37
2026-05-31T07:00:00Z,cyl_002,11.28
2026-05-31T07:00:00Z,cyl_003,10.29
2026-05-31T07:00:00Z,cyl_004,11.65
2026-05-31T07:00:00Z,cyl_005,10.95
2026-05-31T08:00:00Z,cyl_001,9.32
2026-05-31T08:00:00Z,cyl_002,11.3
2026-05-31T08:00:00Z,cyl_003,10.32
2026-05-31T08:00:00Z,cyl_004,11.61
2026-05-31T08:00:00Z,cyl_005,10.92
2026-05-31T09:00:00Z,cyl_001,9.28
2026-05-31T09:00:00Z,cyl_002,11.23
2026-05-31T09:00:00Z,cyl_003,10.34
2026-05-31T09:00:00Z,cyl_004,11.57
2026-05-31T09:00:00Z,cyl_005,10.96
2026-05-31T10:00:00Z,cyl_001,9.27
2026-05-31T10:00:00Z,cyl_002,11.24
2026-05-31T10:00:00Z,cyl_003,10.29
2026-05-31T10:00:00Z,cyl_004,11.58
2026-05-31T10:00:00Z,cyl_005,10.92
2026-05-31T11:00:00Z,cyl_001,9.24
2026-05-31T11:00:00Z,cyl_002,11.28
2026-05-31T11:00:00Z,cyl_003,10.31
2026-05-31T11:00:00Z,cyl_004,11.57
2026-05-31T11:00:00Z,cyl_005,10.85
2026-05-31T12:00:00Z,cyl_001,9.24
2026-05-31T12:00:00Z,cyl_002,11.25
2026-05-31T12:00:00Z,cyl_003,10.28
2026-05-31T12:00:00Z,cyl_004,11.56
2026-05-31T12:00:00Z,cyl_005,10.86
2026-05-31T13:00:00Z,cyl_001,9.23
2026-05-31T13:00:00Z,cyl_002,11.21
2026-05-31T13:00:00Z,cyl_003,10.26
2026-05-31T13:00:00Z,cyl_004,11.58
2026-05-31T13:00:00Z,cyl_005,10.89
2026-05-31T14:00:00Z,cyl_001,9.16
2026-05-31T14:00:00Z,cyl_002,11.23
2026-05-31T14:00:00Z,cyl_003,10.25
2026-05-31T14:00:00Z,cyl_004,11.49
2026-05-31T14:00:00Z,cyl_005,10.83
2026-05-31T15:00:00Z,cyl_001,9.25
2026-05-31T15:00:00Z,cyl_002,11.24
2026-05-31T15:00:00Z,cyl_003,10.19
2026-05-31T15:00:00Z,cyl_004,11.47
2026-05-31T15:00:00Z,cyl_005,10.79
2026-05-31T16:00:00Z,cyl_001,9.2
2026-05-31T16:00:00Z,cyl_002,11.26
2026-05-31T16:00:00Z,cyl_003,10.19
2026-05-31T16:00:00Z,cyl_004,11.54
2026-05-31T16:00:00Z,cyl_005,10.82
2026-05-31T17:00:00Z,cyl_001,9.21
2026-05-31T17:00:00Z,cyl_002,11.2
2026-05-31T17:00:00Z,cyl_003,10.21
2026-05-31T17:00:00Z,cyl_004,11.5
2026-05-31T17:00:00Z,cyl_005,10.8
2026-05-31T18:00:00Z,cyl_001,9.19
2026-05-31T18:00:00Z,cyl_002,11.16
2026-05-31T18:00:00Z,cyl_003,10.22
2026-05-31T18:00:00Z,cyl_004,11.58
2026-05-31T18:00:00Z,cyl_005,10.81
2026-05-31T19:00:00Z,cyl_001,9.2
2026-05-31T19:00:00Z,cyl_002,11.17
2026-05-31T19:00:00Z,cyl_003,10.22
2026-05-31T19:00:00Z,cyl_004,11.49
2026-05-31T19:00:00Z,cyl_005,10.77
2026-05-31T20:00:00Z,cyl_001,9.17
2026-05-31T20:00:00Z,cyl_002,11.11
2026-05-31T20:00:00Z,cyl_003,10.19
2026-05-31T20:00:00Z,cyl_004,11.5
2026-05-31T20:00:00Z,cyl_005,10.8
2026-05-31T21:00:00Z,cyl_001,9.17
2026-05-31T21:00:00Z,cyl_002,11.14
2026-05-31T21:00:00Z,cyl_003,10.17
2026-05-31T21:00:00Z,cyl_004,11.42
2026-05-31T21:00:00Z,cyl_005,10.76
2026-05-31T22:00:00Z,cyl_001,9.14
2026-05-31T22:00:00Z,cyl_002,11.17
2026-05-31T22:00:00Z,cyl_003,10.19
2026-05-31T22:00:00Z,cyl_004,11.48
2026-05-31T22:00:00Z,cyl_005,10.77
2026-05-31T23:00:00Z,cyl_001,9.12
2026-05-31T23:00:00Z,cyl_002,11.09
2026-05-31T23:00:00Z,cyl_003,10.15
2026-05-31T23:00:00Z,cyl_004,11.47
2026-05-31T23:00:00Z,cyl_005,10.79
2026-06-01T00:00:00Z,cyl_001,9.06
2026-06-01T00:00:00Z,cyl_002,11.11
2026-06-01T00:00:00Z,cyl_003,10.2
2026-06-01T00:00:00Z,cyl_004,11.42
2026-06-01T00:00:00Z,cyl_005,10.78
2026-06-01T01:00:00Z,cyl_001,9.15
2026-06-01T01:00:00Z,cyl_002,11.13
2026-06-01T01:00:00Z,cyl_003,10.18
2026-06-01T01:00:00Z,cyl_004,11.46
2026-06-01T01:00:00Z,cyl_005,10.73
2026-06-01T02:00:00Z,cyl_001,9.1
2026-06-01T02:00:00Z,cyl_002,11.12
2026-06-01T02:00:00Z,cyl_003,10.15
2026-06-01T02:00:00Z,cyl_004,11.43
2026-06-01T02:00:00Z,cyl_005,10.72
2026-06-01T03:00:00Z,cyl_001,9.07
2026-06-01T03:00:00Z,cyl_002,11.05
2026-06-01T03:00:00Z,cyl_003,10.19
2026-06-01T03:00:00Z,cyl_004,11.46
2026-06-01T03:00:00Z,cyl_005,10.71
2026-06-01T04:00:00Z,cyl_001,9.1
2026-06-01T04:00:00Z,cyl_002,11.03
2026-06-01T04:00:00Z,cyl_003,10.12
2026-06-01T04:00:00Z,cyl_004,11.45
2026-06-01T04:00:00Z,cyl_005,10.67
2026-06-01T05:00:00Z,cyl_001,9.03
2026-06-01T05:00:00Z,cyl_002,11.02
2026-06-01T05:00:00Z,cyl_003,10.08
2026-06-01T05:00:00Z,cyl_004,11.37
2026-06-01T05:00:00Z,cyl_005,10.78
2026-06-01T06:00:00Z,cyl_001,9.08
2026-06-01T06:00:00Z,cyl_002,11.09
2026-06-01T06:00:00Z,cyl_003,10.16
2026-06-01T06:00:00Z,cyl_004,11.41
2026-06-01T06:00:00Z,cyl_005,10.67
2026-06-01T07:00:00Z,cyl_001,9.06
2026-06-01T07:00:00Z,cyl_002,11.02
2026-06-01T07:00:00Z,cyl_003,10.1
2026-06-01T07:00:00Z,cyl_004,11.3
2026-06-01T07:00:00Z,cyl_005,10.67
2026-06-01T08:00:00Z,cyl_001,9.03
2026-06-01T08:00:00Z,cyl_002,11.01
2026-06-01T08:00:00Z,cyl_003,10.03
2026-06-01T08:00:00Z,cyl_004,11.33
2026-06-01T08:00:00Z,cyl_005,10.62
2026-06-01T09:00:00Z,cyl_001,9.01
2026-06-01T09:00:00Z,cyl_002,11.02
2026-06-01T09:00:00Z,cyl_003,10.06
2026-06-01T09:00:00Z,cyl_004,11.36
2026-06-01T09:00:00Z,cyl_005,10.64
2026-06-01T10:00:00Z,cyl_001,9.05
2026-06-01T10:00:00Z,cyl_002,11.04
2026-06-01T10:00:00Z,cyl_003,10.05
2026-06-01T10:00:00Z,cyl_004,11.34
2026-06-01T10:00:00Z,cyl_005,10.64
2026-06-01T11:00:00Z,cyl_001,9.02
2026-06-01T11:00:00Z,cyl_002,11.01
2026-06-01T11:00:00Z,cyl_003,10.01
2026-06-01T11:00:00Z,cyl_004,11.35
2026-06-01T11:00:00Z,cyl_005,10.57
2026-06-01T12:00:00Z,cyl_001,9.03
2026-06-01T12:00:00Z,cyl_002,10.92
2026-06-01T12:00:00Z,cyl_003,10.11
2026-06-01T12:00:00Z,cyl_004,11.34
2026-06-01T12:00:00Z,cyl_005,10.62
2026-06-01T13:00:00Z,cyl_001,8.99
2026-06-01T13:00:00Z,cyl_002,10.98
2026-06-01T13:00:00Z,cyl_003,10.02
2026-06-01T13:00:00Z,cyl_004,11.32
2026-06-01T13:00:00Z,cyl_005,10.63
2026-06-01T14:00:00Z,cyl_001,8.95
2026-06-01T14:00:00Z,cyl_002,10.96
2026-06-01T14:00:00Z,cyl_003,10.1
2026-06-01T14:00:00Z,cyl_004,11.28
2026-06-01T14:00:00Z,cyl_005,10.63
2026-06-01T15:00:00Z,cyl_001,8.93
2026-06-01T15:00:00Z,cyl_002,10.94
2026-06-01T15:00:00Z,cyl_003,9.96
2026-06-01T15:00:00Z,cyl_004,11.32
2026-06-01T15:00:00Z,cyl_005,10.61
2026-06-01T16:00:00Z,cyl_001,8.96
2026-06-01T16:00:00Z,cyl_002,10.97
2026-06-01T16:00:00Z,cyl_003,10.08
2026-06-01T16:00:00Z,cyl_004,11.32
2026-06-01T16:00:00Z,cyl_005,10.53
2026-06-01T17:00:00Z,cyl_001,8.95
2026-06-01T17:00:00Z,cyl_002,10.88
2026-06-01T17:00:00Z,cyl_003,9.99
2026-06-01T17:00:00Z,cyl_004,11.25
2026-06-01T17:00:00Z,cyl_005,10.49
2026-06-01T18:00:00Z,cyl_001,8.87
2026-06-01T18:00:00Z,cyl_002,10.93
2026-06-01T18:00:00Z,cyl_003,9.97
2026-06-01T18:00:00Z,cyl_004,11.33
2026-06-01T18:00:00Z,cyl_005,10.51
2026-06-01T19:00:00Z,cyl_001,8.91
2026-06-01T19:00:00Z,cyl_002,10.92
2026-06-01T19:00:00Z,cyl_003,10.0
2026-06-01T19:00:00Z,cyl_004,11.29
2026-06-01T19:00:00Z,cyl_005,10.53
2026-06-01T20:00:00Z,cyl_001,8.91
2026-06-01T20:00:00Z,cyl_002,10.92
2026-06-01T20:00:00Z,cyl_003,9.96
2026-06-01T20:00:00Z,cyl_004,11.25
2026-06-01T20:00:00Z,cyl_005,10.52
2026-06-01T21:00:00Z,cyl_001,8.97
2026-06-01T21:00:00Z,cyl_002,10.93
2026-06-01T21:00:00Z,cyl_003,10.02
2026-06-01T21:00:00Z,cyl_004,11.22
2026-06-01T21:00:00Z,cyl_005,10.49
2026-06-01T22:00:00Z,cyl_001,8.9
2026-06-01T22:00:00Z,cyl_002,10.89
2026-06-01T22:00:00Z,cyl_003,9.99
2026-06-01T22:00:00Z,cyl_004,11.21
2026-06-01T22:00:00Z,cyl_005,10.46
2026-06-01T23:00:00Z,cyl_001,8.81
2026-06-01T23:00:00Z,cyl_002,10.89
2026-06-01T23:00:00Z,cyl_003,9.95
2026-06-01T23:00:00Z,cyl_004,11.22
2026-06-01T23:00:00Z,cyl_005,10.48
2026-06-02T00:00:00Z,cyl_001,8.86
2026-06-02T00:00:00Z,cyl_002,10.92
2026-06-02T00:00:00Z,cyl_003,9.91
2026-06-02T00:00:00Z,cyl_004,10.38
2026-06-02T00:00:00Z,cyl_005,10.53
2026-06-02T01:00:00Z,cyl_001,8.89
2026-06-02T01:00:00Z,cyl_002,10.85
2026-06-02T01:00:00Z,cyl_003,9.91
2026-06-02T01:00:00Z,cyl_004,9.49
2026-06-02T01:00:00Z,cyl_005,10.48
2026-06-02T02:00:00Z,cyl_001,8.87
2026-06-02T02:00:00Z,cyl_002,10.84
2026-06-02T02:00:00Z,cyl_003,9.88
2026-06-02T02:00:00Z,cyl_004,9.51
2026-06-02T02:00:00Z,cyl_005,10.45
2026-06-02T03:00:00Z,cyl_001,8.89
2026-06-02T03:00:00Z,cyl_002,10.86
2026-06-02T03:00:00Z,cyl_003,9.91
2026-06-02T03:00:00Z,cyl_004,9.49
2026-06-02T03:00:00Z,cyl_005,10.43
2026-06-02T04:00:00Z,cyl_001,8.83
2026-06-02T04:00:00Z,cyl_002,10.79
2026-06-02T04:00:00Z,cyl_003,9.87
2026-06-02T04:00:00Z,cyl_004,9.48
2026-06-02T04:00:00Z,cyl_005,10.4
2026-06-02T05:00:00Z,cyl_001,8.81
2026-06-02T05:00:00Z,cyl_002,10.77
2026-06-02T05:00:00Z,cyl_003,9.87
2026-06-02T05:00:00Z,cyl_004,9.51
2026-06-02T05:00:00Z,cyl_005,10.38
2026-06-02T06:00:00Z,cyl_001,8.84
2026-06-02T06:00:00Z,cyl_002,10.85
2026-06-02T06:00:00Z,cyl_003,9.87
2026-06-02T06:00:00Z,cyl_004,9.49
2026-06-02T06:00:00Z,cyl_005,10.44
2026-06-02T07:00:00Z,cyl_001,8.83
2026-06-02T07:00:00Z,cyl_002,10.81
2026-06-02T07:00:00Z,cyl_003,9.88
2026-06-02T07:00:00Z,cyl_004,9.48
2026-06-02T07:00:00Z,cyl_005,10.38
2026-06-02T08:00:00Z,cyl_001,8.8
2026-06-02T08:00:00Z,cyl_002,10.76
2026-06-02T08:00:00Z,cyl_003,9.8
2026-06-02T08:00:00Z,cyl_004,9.48
2026-06-02T08:00:00Z,cyl_005,10.38
2026-06-02T09:00:00Z,cyl_001,8.77
2026-06-02T09:00:00Z,cyl_002,10.85
2026-06-02T09:00:00Z,cyl_003,9.86
2026-06-02T09:00:00Z,cyl_004,9.44
2026-06-02T09:00:00Z,cyl_005,10.32
2026-06-02T10:00:00Z,cyl_001,8.76
2026-06-02T10:00:00Z,cyl_002,10.82
2026-06-02T10:00:00Z,cyl_003,9.81
2026-06-02T10:00:00Z,cyl_004,9.43
2026-06-02T10:00:00Z,cyl_005,10.35
2026-06-02T11:00:00Z,cyl_001,8.74
2026-06-02T11:00:00Z,cyl_002,10.84
2026-06-02T11:00:00Z,cyl_003,9.84
2026-06-02T11:00:00Z,cyl_004,9.44
2026-06-02T11:00:00Z,cyl_005,10.35
2026-06-02T12:00:00Z,cyl_001,8.78
2026-06-02T12:00:00Z,cyl_002,10.83
2026-06-02T12:00:00Z,cyl_003,9.79
2026-06-02T12:00:00Z,cyl_004,9.41
2026-06-02T12:00:00Z,cyl_005,10.31
2026-06-02T13:00:00Z,cyl_001,8.73
2026-06-02T13:00:00Z,cyl_002,10.84
2026-06-02T13:00:00Z,cyl_003,9.72
2026-06-02T13:00:00Z,cyl_004,9.51
2026-06-02T13:00:00Z,cyl_005,10.32
2026-06-02T14:00:00Z,cyl_001,8.71
2026-06-02T14:00:00Z,cyl_002,10.78
2026-06-02T14:00:00Z,cyl_003,9.8
2026-06-02T14:00:00Z,cyl_004,9.39
2026-06-02T14:00:00Z,cyl_005,10.32
2026-06-02T15:00:00Z,cyl_001,8.71
2026-06-02T15:00:00Z,cyl_002,10.75
2026-06-02T15:00:00Z,cyl_003,9.73
2026-06-02T15:00:00Z,cyl_004,9.44
2026-06-02T15:00:00Z,cyl_005,10.29
2026-06-02T16:00:00Z,cyl_001,8.76
2026-06-02T16:00:00Z,cyl_002,10.77
2026-06-02T16:00:00Z,cyl_003,9.77
2026-06-02T16:00:00Z,cyl_004,9.33
2026-06-02T16:00:00Z,cyl_005,10.29
2026-06-02T17:00:00Z,cyl_001,8.72
2026-06-02T17:00:00Z,cyl_002,10.77
2026-06-02T17:00:00Z,cyl_003,9.75
2026-06-02T17:00:00Z,cyl_004,9.37
2026-06-02T17:00:00Z,cyl_005,10.22
2026-06-02T18:00:00Z,cyl_001,8.68
2026-06-02T18:00:00Z,cyl_002,10.75
2026-06-02T18:00:00Z,cyl_003,9.72
2026-06-02T18:00:00Z,cyl_004,9.4
2026-06-02T18:00:00Z,cyl_005,10.27
2026-06-02T19:00:00Z,cyl_001,8.65
2026-06-02T19:00:00Z,cyl_002,10.77
2026-06-02T19:00:00Z,cyl_003,9.71
2026-06-02T19:00:00Z,cyl_004,9.33
2026-06-02T19:00:00Z,cyl_005,10.26
2026-06-02T20:00:00Z,cyl_001,8.64
2026-06-02T20:00:00Z,cyl_002,10.69
2026-06-02T20:00:00Z,cyl_003,9.67
2026-06-02T20:00:00Z,cyl_004,9.42
2026-06-02T20:00:00Z,cyl_005,10.22
2026-06-02T21:00:00Z,cyl_001,8.65
2026-06-02T21:00:00Z,cyl_002,10.74
2026-06-02T21:00:00Z,cyl_003,9.69
2026-06-02T21:00:00Z,cyl_004,9.35
2026-06-02T21:00:00Z,cyl_005,10.2
2026-06-02T22:00:00Z,cyl_001,8.68
2026-06-02T22:00:00Z,cyl_002,10.72
2026-06-02T22:00:00Z,cyl_003,9.63
2026-06-02T22:00:00Z,cyl_004,9.31
2026-06-02T22:00:00Z,cyl_005,10.17
2026-06-02T23:00:00Z,cyl_001,8.65
2026-06-02T23:00:00Z,cyl_002,10.69
2026-06-02T23:00:00Z,cyl_003,9.71
2026-06-02T23:00:00Z,cyl_004,9.34
2026-06-02T23:00:00Z,cyl_005,10.23
2026-06-03T00:00:00Z,cyl_001,8.62
2026-06-03T00:00:00Z,cyl_002,10.75
2026-06-03T00:00:00Z,cyl_003,9.67
2026-06-03T00:00:00Z,cyl_004,9.32
2026-06-03T00:00:00Z,cyl_005,10.2
2026-06-03T01:00:00Z,cyl_001,8.59
2026-06-03T01:00:00Z,cyl_002,10.69
2026-06-03T01:00:00Z,cyl_003,9.66
2026-06-03T01:00:00Z,cyl_004,9.28
2026-06-03T01:00:00Z,cyl_005,10.18
2026-06-03T02:00:00Z,cyl_001,8.64
2026-06-03T02:00:00Z,cyl_002,10.69
2026-06-03T02:00:00Z,cyl_003,9.71
2026-06-03T02:00:00Z,cyl_004,9.31
2026-06-03T02:00:00Z,cyl_005,10.14
2026-06-03T03:00:00Z,cyl_001,10.35
2026-06-03T03:00:00Z,cyl_002,10.65
2026-06-03T03:00:00Z,cyl_003,9.67
2026-06-03T03:00:00Z,cyl_004,9.32
2026-06-03T03:00:00Z,cyl_005,10.2
2026-06-03T04:00:00Z,cyl_001,8.58
2026-06-03T04:00:00Z,cyl_002,10.67
2026-06-03T04:00:00Z,cyl_003,9.6
2026-06-03T04:00:00Z,cyl_004,9.25
2026-06-03T04:00:00Z,cyl_005,10.13
2026-06-03T05:00:00Z,cyl_001,8.54
2026-06-03T05:00:00Z,cyl_002,10.59
2026-06-03T05:00:00Z,cyl_003,9.64
2026-06-03T05:00:00Z,cyl_004,9.3
2026-06-03T05:00:00Z,cyl_005,10.17
2026-06-03T06:00:00Z,cyl_001,8.58
2026-06-03T06:00:00Z,cyl_002,10.6
2026-06-03T06:00:00Z,cyl_003,9.61
2026-06-03T06:00:00Z,cyl_004,9.23
2026-06-03T06:00:00Z,cyl_005,10.09
2026-06-03T07:00:00Z,cyl_001,8.5
2026-06-03T07:00:00Z,cyl_002,10.59
2026-06-03T07:00:00Z,cyl_003,9.62
2026-06-03T07:00:00Z,cyl_004,9.21
2026-06-03T07:00:00Z,cyl_005,10.08
2026-06-03T08:00:00Z,cyl_001,8.49
2026-06-03T08:00:00Z,cyl_002,10.62
2026-06-03T08:00:00Z,cyl_003,9.6
2026-06-03T08:00:00Z,cyl_004,9.21
2026-06-03T08:00:00Z,cyl_005,10.01
2026-06-03T09:00:00Z,cyl_001,8.54
2026-06-03T09:00:00Z,cyl_002,10.57
2026-06-03T09:00:00Z,cyl_003,9.6
2026-06-03T09:00:00Z,cyl_004,9.26
2026-06-03T09:00:00Z,cyl_005,10.07
2026-06-03T10:00:00Z,cyl_001,8.54
2026-06-03T10:00:00Z,cyl_002,10.56
2026-06-03T10:00:00Z,cyl_003,9.61
2026-06-03T10:00:00Z,cyl_004,9.22
2026-06-03T10:00:00Z,cyl_005,10.05
2026-06-03T11:00:00Z,cyl_001,8.52
2026-06-03T11:00:00Z,cyl_002,10.59
2026-06-03T11:00:00Z,cyl_003,9.61
2026-06-03T11:00:00Z,cyl_004,9.23
2026-06-03T11:00:00Z,cyl_005,10.03
2026-06-03T12:00:00Z,cyl_001,8.51
2026-06-03T12:00:00Z,cyl_002,10.58
2026-06-03T12:00:00Z,cyl_003,9.51
2026-06-03T12:00:00Z,cyl_004,9.24
2026-06-03T12:00:00Z,cyl_005,10.01
2026-06-03T13:00:00Z,cyl_001,8.52
2026-06-03T13:00:00Z,cyl_002,10.57
2026-06-03T13:00:00Z,cyl_003,9.54
2026-06-03T13:00:00Z,cyl_004,9.15
2026-06-03T13:00:00Z,cyl_005,10.05
2026-06-03T14:00:00Z,cyl_001,8.55
2026-06-03T14:00:00Z,cyl_002,10.56
2026-06-03T14:00:00Z,cyl_003,9.54
2026-06-03T14:00:00Z,cyl_004,9.21
2026-06-03T14:00:00Z,cyl_005,10.0
2026-06-03T15:00:00Z,cyl_001,8.51
2026-06-03T15:00:00Z,cyl_002,10.53
2026-06-03T15:00:00Z,cyl_003,9.51
2026-06-03T15:00:00Z,cyl_004,9.11
2026-06-03T15:00:00Z,cyl_005,9.99
2026-06-03T16:00:00Z,cyl_001,8.44
2026-06-03T16:00:00Z,cyl_002,10.57
2026-06-03T16:00:00Z,cyl_003,9.51
2026-06-03T16:00:00Z,cyl_004,9.14
2026-06-03T16:00:00Z,cyl_005,10.02
2026-06-03T17:00:00Z,cyl_001,8.42
2026-06-03T17:00:00Z,cyl_002,10.52
2026-06-03T17:00:00Z,cyl_003,9.57
2026-06-03T17:00:00Z,cyl_004,9.15
2026-06-03T17:00:00Z,cyl_005,10.0
2026-06-03T18:00:00Z,cyl_001,8.41
2026-06-03T18:00:00Z,cyl_002,10.51
2026-06-03T18:00:00Z,cyl_003,9.44
2026-06-03T18:00:00Z,cyl_004,9.14
2026-06-03T18:00:00Z,cyl_005,9.93
2026-06-03T19:00:00Z,cyl_001,8.39
2026-06-03T19:00:00Z,cyl_002,10.51
2026-06-03T19:00:00Z,cyl_003,9.48
2026-06-03T19:00:00Z,cyl_004,9.15
2026-06-03T19:00:00Z,cyl_005,9.99
2026-06-03T20:00:00Z,cyl_001,8.43
2026-06-03T20:00:00Z,cyl_002,10.48
2026-06-03T20:00:00Z,cyl_003,9.48
2026-06-03T20:00:00Z,cyl_004,9.07
2026-06-03T20:00:00Z,cyl_005,9.96
2026-06-03T21:00:00Z,cyl_001,8.45
2026-06-03T21:00:00Z,cyl_002,10.42
2026-06-03T21:00:00Z,cyl_003,9.46
2026-06-03T21:00:00Z,cyl_004,9.13
2026-06-03T21:00:00Z,cyl_005,9.95
2026-06-03T22:00:00Z,cyl_001,8.35
2026-06-03T22:00:00Z,cyl_002,10.44
2026-06-03T22:00:00Z,cyl_003,9.44
2026-06-03T22:00:00Z,cyl_004,9.14
2026-06-03T22:00:00Z,cyl_005,9.94
2026-06-03T23:00:00Z,cyl_001,8.38
2026-06-03T23:00:00Z,cyl_002,10.45
2026-06-03T23:00:00Z,cyl_003,9.4
2026-06-03T23:00:00Z,cyl_004,9.11
2026-06-03T23:00:00Z,cyl_005,9.9
2026-06-04T00:00:00Z,cyl_001,8.36
2026-06-04T00:00:00Z,cyl_002,10.51
2026-06-04T00:00:00Z,cyl_003,9.51
2026-06-04T00:00:00Z,cyl_004,9.06
2026-06-04T00:00:00Z,cyl_005,9.94
2026-06-04T01:00:00Z,cyl_001,8.35
2026-06-04T01:00:00Z,cyl_002,10.45
2026-06-04T01:00:00Z,cyl_003,9.39
2026-06-04T01:00:00Z,cyl_004,9.08
2026-06-04T01:00:00Z,cyl_005,9.95
2026-06-04T02:00:00Z,cyl_001,8.37
2026-06-04T02:00:00Z,cyl_002,10.39
2026-06-04T02:00:00Z,cyl_003,9.43
2026-06-04T02:00:00Z,cyl_004,9.02
2026-06-04T02:00:00Z,cyl_005,9.87
2026-06-04T03:00:00Z,cyl_001,8.34
2026-06-04T03:00:00Z,cyl_002,10.44
2026-06-04T03:00:00Z,cyl_003,9.42
2026-06-04T03:00:00Z,cyl_004,9.04
2026-06-04T03:00:00Z,cyl_005,9.91
2026-06-04T04:00:00Z,cyl_001,8.32
2026-06-04T04:00:00Z,cyl_002,10.4
2026-06-04T04:00:00Z,cyl_003,9.41
2026-06-04T04:00:00Z,cyl_004,9.01
2026-06-04T04:00:00Z,cyl_005,9.86
2026-06-04T05:00:00Z,cyl_001,8.33
2026-06-04T05:00:00Z,cyl_002,10.38
2026-06-04T05:00:00Z,cyl_003,9.47
2026-06-04T05:00:00Z,cyl_004,9.02
2026-06-04T05:00:00Z,cyl_005,9.88
2026-06-04T06:00:00Z,cyl_001,8.36
2026-06-04T06:00:00Z,cyl_002,10.39
2026-06-04T06:00:00Z,cyl_003,9.34
2026-06-04T06:00:00Z,cyl_004,9.01
2026-06-04T06:00:00Z,cyl_005,9.8
2026-06-04T07:00:00Z,cyl_001,8.31
2026-06-04T07:00:00Z,cyl_002,10.35
2026-06-04T07:00:00Z,cyl_003,9.37
2026-06-04T07:00:00Z,cyl_004,9.06
2026-06-04T07:00:00Z,cyl_005,9.79
2026-06-04T08:00:00Z,cyl_001,8.35
2026-06-04T08:00:00Z,cyl_002,10.35
2026-06-04T08:00:00Z,cyl_003,9.35
2026-06-04T08:00:00Z,cyl_004,9.07
2026-06-04T08:00:00Z,cyl_005,9.8
2026-06-04T09:00:00Z,cyl_001,8.29
2026-06-04T09:00:00Z,cyl_002,10.34
2026-06-04T09:00:00Z,cyl_003,7.48
2026-06-04T09:00:00Z,cyl_004,8.97
2026-06-04T09:00:00Z,cyl_005,9.81
2026-06-04T10:00:00Z,cyl_001,8.29
2026-06-04T10:00:00Z,cyl_002,10.29
2026-06-04T10:00:00Z,cyl_003,9.34
2026-06-04T10:00:00Z,cyl_004,8.97
2026-06-04T10:00:00Z,cyl_005,9.83
2026-06-04T11:00:00Z,cyl_001,8.26
2026-06-04T11:00:00Z,cyl_002,10.33
2026-06-04T11:00:00Z,cyl_003,8.42
2026-06-04T11:00:00Z,cyl_004,9.0
2026-06-04T11:00:00Z,cyl_005,9.78
2026-06-04T12:00:00Z,cyl_001,8.25
2026-06-04T12:00:00Z,cyl_002,10.35
2026-06-04T12:00:00Z,cyl_003,7.53
2026-06-04T12:00:00Z,cyl_004,8.95
2026-06-04T12:00:00Z,cyl_005,9.83
2026-06-04T13:00:00Z,cyl_001,8.24
2026-06-04T13:00:00Z,cyl_002,10.29
2026-06-04T13:00:00Z,cyl_003,7.53
2026-06-04T13:00:00Z,cyl_004,8.9
2026-06-04T13:00:00Z,cyl_005,9.75
2026-06-04T14:00:00Z,cyl_001,8.2
2026-06-04T14:00:00Z,cyl_002,10.3
2026-06-04T14:00:00Z,cyl_003,7.46
2026-06-04T14:00:00Z,cyl_004,8.93
2026-06-04T14:00:00Z,cyl_005,9.72
2026-06-04T15:00:00Z,cyl_001,8.18
2026-06-04T15:00:00Z,cyl_002,10.28
2026-06-04T15:00:00Z,cyl_003,7.47
2026-06-04T15:00:00Z,cyl_004,8.97
2026-06-04T15:00:00Z,cyl_005,9.74
2026-06-04T16:00:00Z,cyl_001,8.19
2026-06-04T16:00:00Z,cyl_002,10.34
2026-06-04T16:00:00Z,cyl_003,7.49
2026-06-04T16:00:00Z,cyl_004,8.94
2026-06-04T16:00:00Z,cyl_005,9.71
2026-06-04T17:00:00Z,cyl_001,8.26
2026-06-04T17:00:00Z,cyl_002,10.26
2026-06-04T17:00:00Z,cyl_003,7.48
2026-06-04T17:00:00Z,cyl_004,8.91
2026-06-04T17:00:00Z,cyl_005,9.74
2026-06-04T18:00:00Z,cyl_001,8.26
2026-06-04T18:00:00Z,cyl_002,10.23
2026-06-04T18:00:00Z,cyl_003,7.49
2026-06-04T18:00:00Z,cyl_004,8.94
2026-06-04T18:00:00Z,cyl_005,9.72
2026-06-04T19:00:00Z,cyl_001,8.14
2026-06-04T19:00:00Z,cyl_002,10.2
2026-06-04T19:00:00Z,cyl_003,7.39
2026-06-04T19:00:00Z,cyl_004,8.91
2026-06-04T19:00:00Z,cyl_005,9.66
2026-06-04T20:00:00Z,cyl_001,8.21
2026-06-04T20:00:00Z,cyl_002,10.25
2026-06-04T20:00:00Z,cyl_003,7.48
2026-06-04T20:00:00Z,cyl_004,8.91
2026-06-04T20:00:00Z,cyl_005,9.69
2026-06-04T21:00:00Z,cyl_001,8.15
2026-06-04T21:00:00Z,cyl_002,10.23
2026-06-04T21:00:00Z,cyl_003,7.44
2026-06-04T21:00:00Z,cyl_004,8.9
2026-06-04T21:00:00Z,cyl_005,9.64
2026-06-04T22:00:00Z,cyl_001,8.1
2026-06-04T22:00:00Z,cyl_002,10.18
2026-06-04T22:00:00Z,cyl_003,7.4
2026-06-04T22:00:00Z,cyl_004,8.82
2026-06-04T22:00:00Z,cyl_005,9.7
2026-06-04T23:00:00Z,cyl_001,8.14
2026-06-04T23:00:00Z,cyl_002,10.21
2026-06-04T23:00:00Z,cyl_003,7.34
2026-06-04T23:00:00Z,cyl_004,8.86
2026-06-04T23:00:00Z,cyl_005,9.63
2026-06-05T00:00:00Z,cyl_001,8.11
2026-06-05T00:00:00Z,cyl_002,10.19
2026-06-05T00:00:00Z,cyl_003,7.34
2026-06-05T00:00:00Z,cyl_004,8.87
2026-06-05T00:00:00Z,cyl_005,9.65
2026-06-05T01:00:00Z,cyl_001,8.09
2026-06-05T01:00:00Z,cyl_002,10.2
2026-06-05T01:00:00Z,cyl_003,7.36
2026-06-05T01:00:00Z,cyl_004,8.86
2026-06-05T01:00:00Z,cyl_005,9.67
2026-06-05T02:00:00Z,cyl_001,8.12
2026-06-05T02:00:00Z,cyl_002,10.22
2026-06-05T02:00:00Z,cyl_003,7.38
2026-06-05T02:00:00Z,cyl_004,8.86
2026-06-05T02:00:00Z,cyl_005,9.64
2026-06-05T03:00:00Z,cyl_001,8.05
2026-06-05T03:00:00Z,cyl_002,10.18
2026-06-05T03:00:00Z,cyl_003,7.35
2026-06-05T03:00:00Z,cyl_004,8.87
2026-06-05T03:00:00Z,cyl_005,9.57
2026-06-05T04:00:00Z,cyl_001,8.09
2026-06-05T04:00:00Z,cyl_002,10.21
2026-06-05T04:00:00Z,cyl_003,7.32
2026-06-05T04:00:00Z,cyl_004,8.82
2026-06-05T04:00:00Z,cyl_005,9.65
2026-06-05T05:00:00Z,cyl_001,8.07
2026-06-05T05:00:00Z,cyl_002,10.21
2026-06-05T05:00:00Z,cyl_003,7.35
2026-06-05T05:00:00Z,cyl_004,8.88
2026-06-05T05:00:00Z,cyl_005,9.6
2026-06-05T06:00:00Z,cyl_001,8.08
2026-06-05T06:00:00Z,cyl_002,10.16
2026-06-05T06:00:00Z,cyl_003,7.27
2026-06-05T06:00:00Z,cyl_004,8.81
2026-06-05T06:00:00Z,cyl_005,9.57
2026-06-05T07:00:00Z,cyl_001,8.08
2026-06-05T07:00:00Z,cyl_002,10.12
2026-06-05T07:00:00Z,cyl_003,7.35
2026-06-05T07:00:00Z,cyl_004,8.76
2026-06-05T07:00:00Z,cyl_005,9.58
2026-06-05T08:00:00Z,cyl_001,8.03
2026-06-05T08:00:00Z,cyl_002,10.23
2026-06-05T08:00:00Z,cyl_003,7.27
2026-06-05T08:00:00Z,cyl_004,8.81
2026-06-05T08:00:00Z,cyl_005,9.56
2026-06-05T09:00:00Z,cyl_001,8.05
2026-06-05T09:00:00Z,cyl_002,10.19
2026-06-05T09:00:00Z,cyl_003,7.26
2026-06-05T09:00:00Z,cyl_004,8.78
2026-06-05T09:00:00Z,cyl_005,9.47
2026-06-05T10:00:00Z,cyl_001,8.02
2026-06-05T10:00:00Z,cyl_002,10.16
2026-06-05T10:00:00Z,cyl_003,7.3
2026-06-05T10:00:00Z,cyl_004,8.76
2026-06-05T10:00:00Z,cyl_005,9.57
2026-06-05T11:00:00Z,cyl_001,8.1
2026-06-05T11:00:00Z,cyl_002,10.23
2026-06-05T11:00:00Z,cyl_003,7.25
2026-06-05T11:00:00Z,cyl_004,8.79
2026-06-05T11:00:00Z,cyl_005,9.52
2026-06-05T12:00:00Z,cyl_001,8.01
2026-06-05T12:00:00Z,cyl_002,10.21
2026-06-05T12:00:00Z,cyl_003,7.26
2026-06-05T12:00:00Z,cyl_004,8.74
2026-06-05T12:00:00Z,cyl_005,9.5
2026-06-05T13:00:00Z,cyl_001,8.05
2026-06-05T13:00:00Z,cyl_002,10.17
2026-06-05T13:00:00Z,cyl_003,7.24
2026-06-05T13:00:00Z,cyl_004,8.78
2026-06-05T13:00:00Z,cyl_005,9.51
2026-06-05T14:00:00Z,cyl_001,8.0
2026-06-05T14:00:00Z,cyl_002,10.22
2026-06-05T14:00:00Z,cyl_003,7.29
2026-06-05T14:00:00Z,cyl_004,8.69
2026-06-05T14:00:00Z,cyl_005,9.46
2026-06-05T15:00:00Z,cyl_001,7.98
2026-06-05T15:00:00Z,cyl_002,10.2
2026-06-05T15:00:00Z,cyl_003,7.19
2026-06-05T15:00:00Z,cyl_004,8.77
2026-06-05T15:00:00Z,cyl_005,9.42
2026-06-05T16:00:00Z,cyl_001,8.02
2026-06-05T16:00:00Z,cyl_002,10.17
2026-06-05T16:00:00Z,cyl_003,7.2
2026-06-05T16:00:00Z,cyl_004,8.7
2026-06-05T16:00:00Z,cyl_005,9.45
2026-06-05T17:00:00Z,cyl_001,7.98
2026-06-05T17:00:00Z,cyl_002,10.19
2026-06-05T17:00:00Z,cyl_003,7.18
2026-06-05T17:00:00Z,cyl_004,8.69
2026-06-05T17:00:00Z,cyl_005,9.4
2026-06-05T18:00:00Z,cyl_001,7.94
2026-06-05T18:00:00Z,cyl_002,10.24
2026-06-05T18:00:00Z,cyl_003,7.22
2026-06-05T18:00:00Z,cyl_004,8.67
2026-06-05T18:00:00Z,cyl_005,9.4
2026-06-05T19:00:00Z,cyl_001,7.94
2026-06-05T19:00:00Z,cyl_002,10.14
2026-06-05T19:00:00Z,cyl_003,7.22
2026-06-05T19:00:00Z,cyl_004,8.74
2026-06-05T19:00:00Z,cyl_005,9.44
2026-06-05T20:00:00Z,cyl_001,7.88
2026-06-05T20:00:00Z,cyl_002,10.1
2026-06-05T20:00:00Z,cyl_003,7.17
2026-06-05T20:00:00Z,cyl_004,8.68
2026-06-05T20:00:00Z,cyl_005,9.42
2026-06-05T21:00:00Z,cyl_001,7.93
2026-06-05T21:00:00Z,cyl_002,10.15
2026-06-05T21:00:00Z,cyl_003,7.18
2026-06-05T21:00:00Z,cyl_004,8.68
2026-06-05T21:00:00Z,cyl_005,9.38
2026-06-05T22:00:00Z,cyl_001,7.87
2026-06-05T22:00:00Z,cyl_002,10.09
2026-06-05T22:00:00Z,cyl_003,7.17
2026-06-05T22:00:00Z,cyl_004,8.64
2026-06-05T22:00:00Z,cyl_005,9.31
2026-06-05T23:00:00Z,cyl_001,7.92
2026-06-05T23:00:00Z,cyl_002,10.08
2026-06-05T23:00:00Z,cyl_003,7.19
2026-06-05T23:00:00Z,cyl_004,8.64
2026-06-05T23:00:00Z,cyl_005,9.31
2026-06-06T00:00:00Z,cyl_001,7.86
2026-06-06T00:00:00Z,cyl_002,10.09
2026-06-06T00:00:00Z,cyl_003,7.12
2026-06-06T00:00:00Z,cyl_004,8.63
2026-06-06T00:00:00Z,cyl_005,9.39
2026-06-06T01:00:00Z,cyl_001,7.89
2026-06-06T01:00:00Z,cyl_002,10.09
2026-06-06T01:00:00Z,cyl_003,7.17
2026-06-06T01:00:00Z,cyl_004,8.64
2026-06-06T01:00:00Z,cyl_005,9.35
2026-06-06T02:00:00Z,cyl_001,7.86
2026-06-06T02:00:00Z,cyl_002,10.06
2026-06-06T02:00:00Z,cyl_003,7.09
2026-06-06T02:00:00Z,cyl_004,8.59
2026-06-06T02:00:00Z,cyl_005,9.38
2026-06-06T03:00:00Z,cyl_001,7.88
2026-06-06T03:00:00Z,cyl_002,10.14
2026-06-06T03:00:00Z,cyl_003,7.09
2026-06-06T03:00:00Z,cyl_004,8.64
2026-06-06T03:00:00Z,cyl_005,9.4
2026-06-06T04:00:00Z,cyl_001,7.86
2026-06-06T04:00:00Z,cyl_002,10.07
2026-06-06T04:00:00Z,cyl_003,7.13
2026-06-06T04:00:00Z,cyl_004,8.62
2026-06-06T04:00:00Z,cyl_005,9.33
2026-06-06T05:00:00Z,cyl_001,7.81
2026-06-06T05:00:00Z,cyl_002,10.02
2026-06-06T05:00:00Z,cyl_003,7.09
2026-06-06T05:00:00Z,cyl_004,8.59
2026-06-06T05:00:00Z,cyl_005,9.27
2026-06-06T06:00:00Z,cyl_001,7.83
2026-06-06T06:00:00Z,cyl_002,10.01
2026-06-06T06:00:00Z,cyl_003,7.08
2026-06-06T06:00:00Z,cyl_004,8.58
2026-06-06T06:00:00Z,cyl_005,9.26
2026-06-06T07:00:00Z,cyl_001,7.85
2026-06-06T07:00:00Z,cyl_002,10.07
2026-06-06T07:00:00Z,cyl_003,7.12
2026-06-06T07:00:00Z,cyl_004,6.61
2026-06-06T07:00:00Z,cyl_005,9.26
2026-06-06T08:00:00Z,cyl_001,7.8
2026-06-06T08:00:00Z,cyl_002,9.99
2026-06-06T08:00:00Z,cyl_003,7.09
2026-06-06T08:00:00Z,cyl_004,8.58
2026-06-06T08:00:00Z,cyl_005,9.3
2026-06-06T09:00:00Z,cyl_001,7.78
2026-06-06T09:00:00Z,cyl_002,10.01
2026-06-06T09:00:00Z,cyl_003,7.02
2026-06-06T09:00:00Z,cyl_004,8.54
2026-06-06T09:00:00Z,cyl_005,9.23
2026-06-06T10:00:00Z,cyl_001,7.79
2026-06-06T10:00:00Z,cyl_002,10.04
2026-06-06T10:00:00Z,cyl_003,6.99
2026-06-06T10:00:00Z,cyl_004,8.57
2026-06-06T10:00:00Z,cyl_005,9.25
2026-06-06T11:00:00Z,cyl_001,7.8
2026-06-06T11:00:00Z,cyl_002,9.98
2026-06-06T11:00:00Z,cyl_003,7.11
2026-06-06T11:00:00Z,cyl_004,8.54
2026-06-06T11:00:00Z,cyl_005,9.21
2026-06-06T12:00:00Z,cyl_001,7.76
2026-06-06T12:00:00Z,cyl_002,9.95
2026-06-06T12:00:00Z,cyl_003,7.01
2026-06-06T12:00:00Z,cyl_004,8.56
2026-06-06T12:00:00Z,cyl_005,9.21
2026-06-06T13:00:00Z,cyl_001,7.75
2026-06-06T13:00:00Z,cyl_002,9.93
2026-06-06T13:00:00Z,cyl_003,7.03
2026-06-06T13:00:00Z,cyl_004,8.49
2026-06-06T13:00:00Z,cyl_005,9.19
2026-06-06T14:00:00Z,cyl_001,7.71
2026-06-06T14:00:00Z,cyl_002,9.95
2026-06-06T14:00:00Z,cyl_003,7.02
2026-06-06T14:00:00Z,cyl_004,8.58
2026-06-06T14:00:00Z,cyl_005,9.17
2026-06-06T15:00:00Z,cyl_001,7.76
2026-06-06T15:00:00Z,cyl_002,9.94
2026-06-06T15:00:00Z,cyl_003,6.98
2026-06-06T15:00:00Z,cyl_004,8.49
2026-06-06T15:00:00Z,cyl_005,9.19
2026-06-06T16:00:00Z,cyl_001,7.74
2026-06-06T16:00:00Z,cyl_002,9.93
2026-06-06T16:00:00Z,cyl_003,6.97
2026-06-06T16:00:00Z,cyl_004,8.47
2026-06-06T16:00:00Z,cyl_005,9.18
2026-06-06T17:00:00Z,cyl_001,7.73
2026-06-06T17:00:00Z,cyl_002,9.95
2026-06-06T17:00:00Z,cyl_003,6.98
2026-06-06T17:00:00Z,cyl_004,8.5
2026-06-06T17:00:00Z,cyl_005,9.13
2026-06-06T18:00:00Z,cyl_001,7.69
2026-06-06T18:00:00Z,cyl_002,9.88
2026-06-06T18:00:00Z,cyl_003,6.9
2026-06-06T18:00:00Z,cyl_004,8.46
2026-06-06T18:00:00Z,cyl_005,9.14
2026-06-06T19:00:00Z,cyl_001,7.67
2026-06-06T19:00:00Z,cyl_002,9.89
2026-06-06T19:00:00Z,cyl_003,6.93
2026-06-06T19:00:00Z,cyl_004,8.48
2026-06-06T19:00:00Z,cyl_005,9.14
2026-06-06T20:00:00Z,cyl_001,7.62
2026-06-06T20:00:00Z,cyl_002,9.87
2026-06-06T20:00:00Z,cyl_003,6.97
2026-06-06T20:00:00Z,cyl_004,8.51
2026-06-06T20:00:00Z,cyl_005,9.13
2026-06-06T21:00:00Z,cyl_001,7.64
2026-06-06T21:00:00Z,cyl_002,9.93
2026-06-06T21:00:00Z,cyl_003,6.96
2026-06-06T21:00:00Z,cyl_004,8.54
2026-06-06T21:00:00Z,cyl_005,9.06
2026-06-06T22:00:00Z,cyl_001,7.69
2026-06-06T22:00:00Z,cyl_002,9.87
2026-06-06T22:00:00Z,cyl_003,6.93
2026-06-06T22:00:00Z,cyl_004,8.44
2026-06-06T22:00:00Z,cyl_005,9.12
2026-06-06T23:00:00Z,cyl_001,7.66
2026-06-06T23:00:00Z,cyl_002,9.9
2026-06-06T23:00:00Z,cyl_003,6.94
2026-06-06T23:00:00Z,cyl_004,8.46
2026-06-06T23:00:00Z,cyl_005,9.08
2026-06-07T00:00:00Z,cyl_001,7.67
2026-06-07T00:00:00Z,cyl_002,9.86
2026-06-07T00:00:00Z,cyl_003,6.94
2026-06-07T00:00:00Z,cyl_004,8.44
2026-06-07T00:00:00Z,cyl_005,9.08
2026-06-07T01:00:00Z,cyl_001,7.58
2026-06-07T01:00:00Z,cyl_002,9.82
2026-06-07T01:00:00Z,cyl_003,6.92
2026-06-07T01:00:00Z,cyl_004,8.43
2026-06-07T01:00:00Z,cyl_005,9.07
2026-06-07T02:00:00Z,cyl_001,7.59
2026-06-07T02:00:00Z,cyl_002,9.85
2026-06-07T02:00:00Z,cyl_003,6.86
2026-06-07T02:00:00Z,cyl_004,8.41
2026-06-07T02:00:00Z,cyl_005,9.03
2026-06-07T03:00:00Z,cyl_001,7.58
2026-06-07T03:00:00Z,cyl_002,9.77
2026-06-07T03:00:00Z,cyl_003,6.91
2026-06-07T03:00:00Z,cyl_004,8.38
2026-06-07T03:00:00Z,cyl_005,8.99
2026-06-07T04:00:00Z,cyl_001,7.53
2026-06-07T04:00:00Z,cyl_002,9.84
2026-06-07T04:00:00Z,cyl_003,6.86
2026-06-07T04:00:00Z,cyl_004,8.39
2026-06-07T04:00:00Z,cyl_005,9.07
2026-06-07T05:00:00Z,cyl_001,7.63
2026-06-07T05:00:00Z,cyl_002,9.72
2026-06-07T05:00:00Z,cyl_003,6.89
2026-06-07T05:00:00Z,cyl_004,8.39
2026-06-07T05:00:00Z,cyl_005,9.08
2026-06-07T06:00:00Z,cyl_001,7.57
2026-06-07T06:00:00Z,cyl_002,9.82
2026-06-07T06:00:00Z,cyl_003,6.83
2026-06-07T06:00:00Z,cyl_004,8.38
2026-06-07T06:00:00Z,cyl_005,8.94
2026-06-07T07:00:00Z,cyl_001,7.56
2026-06-07T07:00:00Z,cyl_002,9.74
2026-06-07T07:00:00Z,cyl_003,6.83
2026-06-07T07:00:00Z,cyl_004,8.38
2026-06-07T07:00:00Z,cyl_005,9.01
2026-06-07T08:00:00Z,cyl_001,7.54
2026-06-07T08:00:00Z,cyl_002,9.73
2026-06-07T08:00:00Z,cyl_003,6.82
2026-06-07T08:00:00Z,cyl_004,8.41
2026-06-07T08:00:00Z,cyl_005,9.04
2026-06-07T09:00:00Z,cyl_001,7.54
2026-06-07T09:00:00Z,cyl_002,9.67
2026-06-07T09:00:00Z,cyl_003,6.83
2026-06-07T09:00:00Z,cyl_004,8.34
2026-06-07T09:00:00Z,cyl_005,8.98
2026-06-07T10:00:00Z,cyl_001,7.55
2026-06-07T10:00:00Z,cyl_002,9.77
2026-06-07T10:00:00Z,cyl_003,6.88
2026-06-07T10:00:00Z,cyl_004,8.3
2026-06-07T10:00:00Z,cyl_005,9.02
2026-06-07T11:00:00Z,cyl_001,7.5
2026-06-07T11:00:00Z,cyl_002,9.72
2026-06-07T11:00:00Z,cyl_003,6.82
2026-06-07T11:00:00Z,cyl_004,8.35
2026-06-07T11:00:00Z,cyl_005,8.98
2026-06-07T12:00:00Z,cyl_001,7.51
2026-06-07T12:00:00Z,cyl_002,9.74
2026-06-07T12:00:00Z,cyl_003,6.76
2026-06-07T12:00:00Z,cyl_004,8.3
2026-06-07T12:00:00Z,cyl_005,9.01
2026-06-07T13:00:00Z,cyl_001,7.5
2026-06-07T13:00:00Z,cyl_002,9.69
2026-06-07T13:00:00Z,cyl_003,6.75
2026-06-07T13:00:00Z,cyl_004,8.34
2026-06-07T13:00:00Z,cyl_005,8.98
2026-06-07T14:00:00Z,cyl_001,7.48
2026-06-07T14:00:00Z,cyl_002,9.72
2026-06-07T14:00:00Z,cyl_003,6.77
2026-06-07T14:00:00Z,cyl_004,8.3
2026-06-07T14:00:00Z,cyl_005,8.98
2026-06-07T15:00:00Z,cyl_001,7.51
2026-06-07T15:00:00Z,cyl_002,9.71
2026-06-07T15:00:00Z,cyl_003,6.8
2026-06-07T15:00:00Z,cyl_004,8.31
2026-06-07T15:00:00Z,cyl_005,8.99
2026-06-07T16:00:00Z,cyl_001,7.48
2026-06-07T16:00:00Z,cyl_002,9.66
2026-06-07T16:00:00Z,cyl_003,6.76
2026-06-07T16:00:00Z,cyl_004,8.23
2026-06-07T16:00:00Z,cyl_005,9.02
2026-06-07T17:00:00Z,cyl_001,7.48
2026-06-07T17:00:00Z,cyl_002,9.65
2026-06-07T17:00:00Z,cyl_003,6.74
2026-06-07T17:00:00Z,cyl_004,8.25
2026-06-07T17:00:00Z,cyl_005,9.04
2026-06-07T18:00:00Z,cyl_001,7.49
2026-06-07T18:00:00Z,cyl_002,9.7
2026-06-07T18:00:00Z,cyl_003,6.77
2026-06-07T18:00:00Z,cyl_004,8.21
2026-06-07T18:00:00Z,cyl_005,9.0
2026-06-07T19:00:00Z,cyl_001,7.43
2026-06-07T19:00:00Z,cyl_002,9.66
2026-06-07T19:00:00Z,cyl_003,6.77
2026-06-07T19:00:00Z,cyl_004,8.31
2026-06-07T19:00:00Z,cyl_005,9.05
2026-06-07T20:00:00Z,cyl_001,7.37
2026-06-07T20:00:00Z,cyl_002,9.64
2026-06-07T20:00:00Z,cyl_003,6.66
2026-06-07T20:00:00Z,cyl_004,10.72
2026-06-07T20:00:00Z,cyl_005,8.98
2026-06-07T21:00:00Z,cyl_001,7.43
2026-06-07T21:00:00Z,cyl_002,9.66
2026-06-07T21:00:00Z,cyl_003,6.69
2026-06-07T21:00:00Z,cyl_004,8.26
2026-06-07T21:00:00Z,cyl_005,9.0
2026-06-07T22:00:00Z,cyl_001,7.42
2026-06-07T22:00:00Z,cyl_002,9.56
2026-06-07T22:00:00Z,cyl_003,6.67
2026-06-07T22:00:00Z,cyl_004,8.23
2026-06-07T22:00:00Z,cyl_005,9.0
2026-06-07T23:00:00Z,cyl_001,7.4
2026-06-07T23:00:00Z,cyl_002,9.64
2026-06-07T23:00:00Z,cyl_003,6.7
2026-06-07T23:00:00Z,cyl_004,8.15
2026-06-07T23:00:00Z,cyl_005,8.93
2026-06-08T00:00:00Z,cyl_001,7.37
2026-06-08T00:00:00Z,cyl_002,9.66
2026-06-08T00:00:00Z,cyl_003,6.66
2026-06-08T00:00:00Z,cyl_004,8.21
2026-06-08T00:00:00Z,cyl_005,8.93
2026-06-08T01:00:00Z,cyl_001,7.41
2026-06-08T01:00:00Z,cyl_002,9.58
2026-06-08T01:00:00Z,cyl_003,6.66
2026-06-08T01:00:00Z,cyl_004,8.18
2026-06-08T01:00:00Z,cyl_005,8.96
2026-06-08T02:00:00Z,cyl_001,7.4
2026-06-08T02:00:00Z,cyl_002,9.62
2026-06-08T02:00:00Z,cyl_003,6.65
2026-06-08T02:00:00Z,cyl_004,8.24
2026-06-08T02:00:00Z,cyl_005,8.97
2026-06-08T03:00:00Z,cyl_001,7.38
2026-06-08T03:00:00Z,cyl_002,9.56
2026-06-08T03:00:00Z,cyl_003,6.61
2026-06-08T03:00:00Z,cyl_004,8.15
2026-06-08T03:00:00Z,cyl_005,8.91
2026-06-08T04:00:00Z,cyl_001,7.35
2026-06-08T04:00:00Z,cyl_002,9.55
2026-06-08T04:00:00Z,cyl_003,6.63
2026-06-08T04:00:00Z,cyl_004,8.17
2026-06-08T04:00:00Z,cyl_005,8.91
2026-06-08T05:00:00Z,cyl_001,7.31
2026-06-08T05:00:00Z,cyl_002,9.52
2026-06-08T05:00:00Z,cyl_003,6.6
2026-06-08T05:00:00Z,cyl_004,8.14
2026-06-08T05:00:00Z,cyl_005,8.91
2026-06-08T06:00:00Z,cyl_001,7.35
2026-06-08T06:00:00Z,cyl_002,9.46
2026-06-08T06:00:00Z,cyl_003,6.62
2026-06-08T06:00:00Z,cyl_004,8.17
2026-06-08T06:00:00Z,cyl_005,8.93
2026-06-08T07:00:00Z,cyl_001,7.28
2026-06-08T07:00:00Z,cyl_002,9.53
2026-06-08T07:00:00Z,cyl_003,6.59
2026-06-08T07:00:00Z,cyl_004,8.13
2026-06-08T07:00:00Z,cyl_005,8.87
2026-06-08T08:00:00Z,cyl_001,7.3
2026-06-08T08:00:00Z,cyl_002,9.6
2026-06-08T08:00:00Z,cyl_003,6.6
2026-06-08T08:00:00Z,cyl_004,8.15
2026-06-08T08:00:00Z,cyl_005,8.86
2026-06-08T09:00:00Z,cyl_001,7.31
2026-06-08T09:00:00Z,cyl_002,9.55
2026-06-08T09:00:00Z,cyl_003,6.61
2026-06-08T09:00:00Z,cyl_004,8.09
2026-06-08T09:00:00Z,cyl_005,8.9
2026-06-08T10:00:00Z,cyl_001,7.3
2026-06-08T10:00:00Z,cyl_002,9.49
2026-06-08T10:00:00Z,cyl_003,6.58
2026-06-08T10:00:00Z,cyl_004,8.09
2026-06-08T10:00:00Z,cyl_005,8.91
2026-06-08T11:00:00Z,cyl_001,7.3
2026-06-08T11:00:00Z,cyl_002,9.47
2026-06-08T11:00:00Z,cyl_003,6.62
2026-06-08T11:00:00Z,cyl_004,8.08
2026-06-08T11:00:00Z,cyl_005,8.87
2026-06-08T12:00:00Z,cyl_001,7.28
2026-06-08T12:00:00Z,cyl_002,9.48
2026-06-08T12:00:00Z,cyl_003,6.54
2026-06-08T12:00:00Z,cyl_004,8.08
2026-06-08T12:00:00Z,cyl_005,8.82
2026-06-08T13:00:00Z,cyl_001,7.26
2026-06-08T13:00:00Z,cyl_002,9.46
2026-06-08T13:00:00Z,cyl_003,6.5
2026-06-08T13:00:00Z,cyl_004,8.12
2026-06-08T13:00:00Z,cyl_005,8.81
2026-06-08T14:00:00Z,cyl_001,7.27
2026-06-08T14:00:00Z,cyl_002,9.37
2026-06-08T14:00:00Z,cyl_003,6.51
2026-06-08T14:00:00Z,cyl_004,8.04
2026-06-08T14:00:00Z,cyl_005,8.75
2026-06-08T15:00:00Z,cyl_001,7.21
2026-06-08T15:00:00Z,cyl_002,9.49
2026-06-08T15:00:00Z,cyl_003,6.52
2026-06-08T15:00:00Z,cyl_004,8.06
2026-06-08T15:00:00Z,cyl_005,8.81
2026-06-08T16:00:00Z,cyl_001,7.27
2026-06-08T16:00:00Z,cyl_002,9.45
2026-06-08T16:00:00Z,cyl_003,6.44
2026-06-08T16:00:00Z,cyl_004,8.07
2026-06-08T16:00:00Z,cyl_005,8.78
2026-06-08T17:00:00Z,cyl_001,7.21
2026-06-08T17:00:00Z,cyl_002,9.42
2026-06-08T17:00:00Z,cyl_003,6.53
2026-06-08T17:00:00Z,cyl_004,8.05
2026-06-08T17:00:00Z,cyl_005,8.77
2026-06-08T18:00:00Z,cyl_001,7.21
2026-06-08T18:00:00Z,cyl_002,9.45
2026-06-08T18:00:00Z,cyl_003,6.5
2026-06-08T18:00:00Z,cyl_004,8.01
2026-06-08T18:00:00Z,cyl_005,8.75
2026-06-08T19:00:00Z,cyl_001,7.15
2026-06-08T19:00:00Z,cyl_002,9.42
2026-06-08T19:00:00Z,cyl_003,6.45
2026-06-08T19:00:00Z,cyl_004,8.01
2026-06-08T19:00:00Z,cyl_005,8.77
2026-06-08T20:00:00Z,cyl_001,7.14
2026-06-08T20:00:00Z,cyl_002,9.4
2026-06-08T20:00:00Z,cyl_003,6.49
2026-06-08T20:00:00Z,cyl_004,8.04
2026-06-08T20:00:00Z,cyl_005,8.75
2026-06-08T21:00:00Z,cyl_001,7.17
2026-06-08T21:00:00Z,cyl_002,9.38
2026-06-08T21:00:00Z,cyl_003,6.42
2026-06-08T21:00:00Z,cyl_004,7.98
2026-06-08T21:00:00Z,cyl_005,8.71
2026-06-08T22:00:00Z,cyl_001,7.12
2026-06-08T22:00:00Z,cyl_002,9.44
2026-06-08T22:00:00Z,cyl_003,6.45
2026-06-08T22:00:00Z,cyl_004,7.99
2026-06-08T22:00:00Z,cyl_005,8.72
2026-06-08T23:00:00Z,cyl_001,7.2
2026-06-08T23:00:00Z,cyl_002,9.4
2026-06-08T23:00:00Z,cyl_003,6.42
2026-06-08T23:00:00Z,cyl_004,7.98
2026-06-08T23:00:00Z,cyl_005,8.7
2026-06-09T00:00:00Z,cyl_001,7.15
2026-06-09T00:00:00Z,cyl_002,9.35
2026-06-09T00:00:00Z,cyl_003,6.45
2026-06-09T00:00:00Z,cyl_004,7.97
2026-06-09T00:00:00Z,cyl_005,8.66
2026-06-09T01:00:00Z,cyl_001,7.16
2026-06-09T01:00:00Z,cyl_002,9.34
2026-06-09T01:00:00Z,cyl_003,6.42
2026-06-09T01:00:00Z,cyl_004,7.97
2026-06-09T01:00:00Z,cyl_005,8.66
2026-06-09T02:00:00Z,cyl_001,7.12
2026-06-09T02:00:00Z,cyl_002,9.32
2026-06-09T02:00:00Z,cyl_003,6.44
2026-06-09T02:00:00Z,cyl_004,7.97
2026-06-09T02:00:00Z,cyl_005,8.67
2026-06-09T03:00:00Z,cyl_001,7.14
2026-06-09T03:00:00Z,cyl_002,9.31
2026-06-09T03:00:00Z,cyl_003,6.45
2026-06-09T03:00:00Z,cyl_004,7.94
2026-06-09T03:00:00Z,cyl_005,8.61
2026-06-09T04:00:00Z,cyl_001,7.09
2026-06-09T04:00:00Z,cyl_002,9.34
2026-06-09T04:00:00Z,cyl_003,6.41
2026-06-09T04:00:00Z,cyl_004,7.92
2026-06-09T04:00:00Z,cyl_005,8.66
2026-06-09T05:00:00Z,cyl_001,7.09
2026-06-09T05:00:00Z,cyl_002,9.26
2026-06-09T05:00:00Z,cyl_003,6.43
2026-06-09T05:00:00Z,cyl_004,7.92
2026-06-09T05:00:00Z,cyl_005,8.6
2026-06-09T06:00:00Z,cyl_001,7.11
2026-06-09T06:00:00Z,cyl_002,9.29
2026-06-09T06:00:00Z,cyl_003,6.35
2026-06-09T06:00:00Z,cyl_004,7.91
2026-06-09T06:00:00Z,cyl_005,8.67
2026-06-09T07:00:00Z,cyl_001,7.03
2026-06-09T07:00:00Z,cyl_002,9.29
2026-06-09T07:00:00Z,cyl_003,6.37
2026-06-09T07:00:00Z,cyl_004,7.95
2026-06-09T07:00:00Z,cyl_005,8.59
2026-06-09T08:00:00Z,cyl_001,7.08
2026-06-09T08:00:00Z,cyl_002,9.26
2026-06-09T08:00:00Z,cyl_003,6.4
2026-06-09T08:00:00Z,cyl_004,7.9
2026-06-09T08:00:00Z,cyl_005,8.59
2026-06-09T09:00:00Z,cyl_001,7.11
2026-06-09T09:00:00Z,cyl_002,9.27
2026-06-09T09:00:00Z,cyl_003,6.35
2026-06-09T09:00:00Z,cyl_004,7.85
2026-06-09T09:00:00Z,cyl_005,8.63
2026-06-09T10:00:00Z,cyl_001,7.02
2026-06-09T10:00:00Z,cyl_002,9.26
2026-06-09T10:00:00Z,cyl_003,6.41
2026-06-09T10:00:00Z,cyl_004,7.9
2026-06-09T10:00:00Z,cyl_005,8.57
2026-06-09T11:00:00Z,cyl_001,6.97
2026-06-09T11:00:00Z,cyl_002,9.18
2026-06-09T11:00:00Z,cyl_003,6.35
2026-06-09T11:00:00Z,cyl_004,7.88
2026-06-09T11:00:00Z,cyl_005,8.55
2026-06-09T12:00:00Z,cyl_001,7.05
2026-06-09T12:00:00Z,cyl_002,9.28
2026-06-09T12:00:00Z,cyl_003,6.3
2026-06-09T12:00:00Z,cyl_004,7.89
2026-06-09T12:00:00Z,cyl_005,8.53
2026-06-09T13:00:00Z,cyl_001,7.02
2026-06-09T13:00:00Z,cyl_002,9.26
2026-06-09T13:00:00Z,cyl_003,6.3
2026-06-09T13:00:00Z,cyl_004,7.9
2026-06-09T13:00:00Z,cyl_005,8.58
2026-06-09T14:00:00Z,cyl_001,6.99
2026-06-09T14:00:00Z,cyl_002,9.23
2026-06-09T14:00:00Z,cyl_003,6.24
2026-06-09T14:00:00Z,cyl_004,7.86
2026-06-09T14:00:00Z,cyl_005,8.53
2026-06-09T15:00:00Z,cyl_001,7.02
2026-06-09T15:00:00Z,cyl_002,9.19
2026-06-09T15:00:00Z,cyl_003,6.29
2026-06-09T15:00:00Z,cyl_004,7.83
2026-06-09T15:00:00Z,cyl_005,8.55
2026-06-09T16:00:00Z,cyl_001,6.97
2026-06-09T16:00:00Z,cyl_002,9.19
2026-06-09T16:00:00Z,cyl_003,6.27
2026-06-09T16:00:00Z,cyl_004,7.78
2026-06-09T16:00:00Z,cyl_005,8.5
2026-06-09T17:00:00Z,cyl_001,7.02
2026-06-09T17:00:00Z,cyl_002,9.24
2026-06-09T17:00:00Z,cyl_003,6.26
2026-06-09T17:00:00Z,cyl_004,7.81
2026-06-09T17:00:00Z,cyl_005,8.51
2026-06-09T18:00:00Z,cyl_001,6.96
2026-06-09T18:00:00Z,cyl_002,9.17
2026-06-09T18:00:00Z,cyl_003,6.26
2026-06-09T18:00:00Z,cyl_004,7.85
2026-06-09T18:00:00Z,cyl_005,8.45
2026-06-09T19:00:00Z,cyl_001,6.96
2026-06-09T19:00:00Z,cyl_002,9.15
2026-06-09T19:00:00Z,cyl_003,6.19
2026-06-09T19:00:00Z,cyl_004,7.89
2026-06-09T19:00:00Z,cyl_005,8.5
2026-06-09T20:00:00Z,cyl_001,6.9
2026-06-09T20:00:00Z,cyl_002,9.18
2026-06-09T20:00:00Z,cyl_003,6.29
2026-06-09T20:00:00Z,cyl_004,7.81
2026-06-09T20:00:00Z,cyl_005,8.48
2026-06-09T21:00:00Z,cyl_001,6.92
2026-06-09T21:00:00Z,cyl_002,9.14
2026-06-09T21:00:00Z,cyl_003,6.26
2026-06-09T21:00:00Z,cyl_004,7.82
2026-06-09T21:00:00Z,cyl_005,8.4
2026-06-09T22:00:00Z,cyl_001,6.93
2026-06-09T22:00:00Z,cyl_002,9.12
2026-06-09T22:00:00Z,cyl_003,6.18
2026-06-09T22:00:00Z,cyl_004,7.78
2026-06-09T22:00:00Z,cyl_005,8.44
2026-06-09T23:00:00Z,cyl_001,6.89
2026-06-09T23:00:00Z,cyl_002,9.09
2026-06-09T23:00:00Z,cyl_003,6.14
2026-06-09T23:00:00Z,cyl_004,7.76
2026-06-09T23:00:00Z,cyl_005,8.41
2026-06-10T00:00:00Z,cyl_001,6.87
2026-06-10T00:00:00Z,cyl_002,9.11
2026-06-10T00:00:00Z,cyl_003,6.19
2026-06-10T00:00:00Z,cyl_004,7.74
2026-06-10T00:00:00Z,cyl_005,8.4
2026-06-10T01:00:00Z,cyl_001,6.87
2026-06-10T01:00:00Z,cyl_002,9.15
2026-06-10T01:00:00Z,cyl_003,6.22
2026-06-10T01:00:00Z,cyl_004,7.71
2026-06-10T01:00:00Z,cyl_005,8.4
2026-06-10T02:00:00Z,cyl_001,6.88
2026-06-10T02:00:00Z,cyl_002,9.11
2026-06-10T02:00:00Z,cyl_003,6.16
2026-06-10T02:00:00Z,cyl_004,7.72
2026-06-10T02:00:00Z,cyl_005,8.4
2026-06-10T03:00:00Z,cyl_001,6.92
2026-06-10T03:00:00Z,cyl_002,9.07
2026-06-10T03:00:00Z,cyl_003,6.2
2026-06-10T03:00:00Z,cyl_004,7.76
2026-06-10T03:00:00Z,cyl_005,8.44
2026-06-10T04:00:00Z,cyl_001,6.84
2026-06-10T04:00:00Z,cyl_002,9.06
2026-06-10T04:00:00Z,cyl_003,6.15
2026-06-10T04:00:00Z,cyl_004,7.71
2026-06-10T04:00:00Z,cyl_005,8.4
2026-06-10T05:00:00Z,cyl_001,6.82
2026-06-10T05:00:00Z,cyl_002,9.06
2026-06-10T05:00:00Z,cyl_003,6.11
2026-06-10T05:00:00Z,cyl_004,7.68
2026-06-10T05:00:00Z,cyl_005,8.36
2026-06-10T06:00:00Z,cyl_001,6.81
2026-06-10T06:00:00Z,cyl_002,9.08
2026-06-10T06:00:00Z,cyl_003,6.17
2026-06-10T06:00:00Z,cyl_004,7.68
2026-06-10T06:00:00Z,cyl_005,8.3
2026-06-10T07:00:00Z,cyl_001,6.83
2026-06-10T07:00:00Z,cyl_002,9.02
2026-06-10T07:00:00Z,cyl_003,6.15
2026-06-10T07:00:00Z,cyl_004,7.67
2026-06-10T07:00:00Z,cyl_005,8.32
2026-06-10T08:00:00Z,cyl_001,6.76
2026-06-10T08:00:00Z,cyl_002,9.02
2026-06-10T08:00:00Z,cyl_003,6.09
2026-06-10T08:00:00Z,cyl_004,7.64
2026-06-10T08:00:00Z,cyl_005,8.31
2026-06-10T09:00:00Z,cyl_001,6.8
2026-06-10T09:00:00Z,cyl_002,9.07
2026-06-10T09:00:00Z,cyl_003,6.07
2026-06-10T09:00:00Z,cyl_004,7.69
2026-06-10T09:00:00Z,cyl_005,8.34
2026-06-10T10:00:00Z,cyl_001,6.82
2026-06-10T10:00:00Z,cyl_002,9.04
2026-06-10T10:00:00Z,cyl_003,6.1
2026-06-10T10:00:00Z,cyl_004,7.66
2026-06-10T10:00:00Z,cyl_005,8.28
2026-06-10T11:00:00Z,cyl_001,6.76
2026-06-10T11:00:00Z,cyl_002,8.96
2026-06-10T11:00:00Z,cyl_003,6.06
2026-06-10T11:00:00Z,cyl_004,7.64
2026-06-10T11:00:00Z,cyl_005,8.33
2026-06-10T12:00:00Z,cyl_001,6.78
2026-06-10T12:00:00Z,cyl_002,9.0
2026-06-10T12:00:00Z,cyl_003,6.11
2026-06-10T12:00:00Z,cyl_004,7.63
2026-06-10T12:00:00Z,cyl_005,8.3
2026-06-10T13:00:00Z,cyl_001,6.74
2026-06-10T13:00:00Z,cyl_002,9.01
2026-06-10T13:00:00Z,cyl_003,6.05
2026-06-10T13:00:00Z,cyl_004,7.62
2026-06-10T13:00:00Z,cyl_005,8.22
2026-06-10T14:00:00Z,cyl_001,6.74
2026-06-10T14:00:00Z,cyl_002,8.93
2026-06-10T14:00:00Z,cyl_003,6.07
2026-06-10T14:00:00Z,cyl_004,7.64
2026-06-10T14:00:00Z,cyl_005,8.3
2026-06-10T15:00:00Z,cyl_001,6.73
2026-06-10T15:00:00Z,cyl_002,8.95
2026-06-10T15:00:00Z,cyl_003,6.11
2026-06-10T15:00:00Z,cyl_004,7.67
2026-06-10T15:00:00Z,cyl_005,8.24
2026-06-10T16:00:00Z,cyl_001,6.73
2026-06-10T16:00:00Z,cyl_002,8.97
2026-06-10T16:00:00Z,cyl_003,6.05
2026-06-10T16:00:00Z,cyl_004,7.54
2026-06-10T16:00:00Z,cyl_005,8.21
2026-06-10T17:00:00Z,cyl_001,6.72
2026-06-10T17:00:00Z,cyl_002,8.97
2026-06-10T17:00:00Z,cyl_003,5.99
2026-06-10T17:00:00Z,cyl_004,7.6
2026-06-10T17:00:00Z,cyl_005,8.21
2026-06-10T18:00:00Z,cyl_001,6.69
2026-06-10T18:00:00Z,cyl_002,8.91
2026-06-10T18:00:00Z,cyl_003,6.05
2026-06-10T18:00:00Z,cyl_004,7.67
2026-06-10T18:00:00Z,cyl_005,8.15
2026-06-10T19:00:00Z,cyl_001,6.73
2026-06-10T19:00:00Z,cyl_002,8.92
2026-06-10T19:00:00Z,cyl_003,6.02
2026-06-10T19:00:00Z,cyl_004,7.52
2026-06-10T19:00:00Z,cyl_005,8.2
2026-06-10T20:00:00Z,cyl_001,6.64
2026-06-10T20:00:00Z,cyl_002,8.91
2026-06-10T20:00:00Z,cyl_003,5.99
2026-06-10T20:00:00Z,cyl_004,7.57
2026-06-10T20:00:00Z,cyl_005,8.19
2026-06-10T21:00:00Z,cyl_001,6.76
2026-06-10T21:00:00Z,cyl_002,8.93
2026-06-10T21:00:00Z,cyl_003,5.95
2026-06-10T21:00:00Z,cyl_004,7.52
2026-06-10T21:00:00Z,cyl_005,8.19
2026-06-10T22:00:00Z,cyl_001,6.66
2026-06-10T22:00:00Z,cyl_002,8.89
2026-06-10T22:00:00Z,cyl_003,5.99
2026-06-10T22:00:00Z,cyl_004,7.57
2026-06-10T22:00:00Z,cyl_005,8.11
2026-06-10T23:00:00Z,cyl_001,6.67
2026-06-10T23:00:00Z,cyl_002,8.88
2026-06-10T23:00:00Z,cyl_003,6.0
2026-06-10T23:00:00Z,cyl_004,7.58
2026-06-10T23:00:00Z,cyl_005,8.12
2026-06-11T00:00:00Z,cyl_001,6.65
2026-06-11T00:00:00Z,cyl_002,8.85
2026-06-11T00:00:00Z,cyl_003,5.96
2026-06-11T00:00:00Z,cyl_004,7.56
2026-06-11T00:00:00Z,cyl_005,8.1
2026-06-11T01:00:00Z,cyl_001,6.66
2026-06-11T01:00:00Z,cyl_002,8.87
2026-06-11T01:00:00Z,cyl_003,5.99
2026-06-11T01:00:00Z,cyl_004,7.51
2026-06-11T01:00:00Z,cyl_005,8.12
2026-06-11T02:00:00Z,cyl_001,6.62
2026-06-11T02:00:00Z,cyl_002,8.88
2026-06-11T02:00:00Z,cyl_003,5.94
2026-06-11T02:00:00Z,cyl_004,7.53
2026-06-11T02:00:00Z,cyl_005,8.1
2026-06-11T03:00:00Z,cyl_001,6.6
2026-06-11T03:00:00Z,cyl_002,8.81
2026-06-11T03:00:00Z,cyl_003,5.9
2026-06-11T03:00:00Z,cyl_004,7.5
2026-06-11T03:00:00Z,cyl_005,8.08
2026-06-11T04:00:00Z,cyl_001,6.58
2026-06-11T04:00:00Z,cyl_002,8.8
2026-06-11T04:00:00Z,cyl_003,5.92
2026-06-11T04:00:00Z,cyl_004,7.49
2026-06-11T04:00:00Z,cyl_005,8.09
2026-06-11T05:00:00Z,cyl_001,6.6
2026-06-11T05:00:00Z,cyl_002,8.86
2026-06-11T05:00:00Z,cyl_003,5.91
2026-06-11T05:00:00Z,cyl_004,7.53
2026-06-11T05:00:00Z,cyl_005,8.06
2026-06-11T06:00:00Z,cyl_001,6.63
2026-06-11T06:00:00Z,cyl_002,8.79
2026-06-11T06:00:00Z,cyl_003,5.91
2026-06-11T06:00:00Z,cyl_004,7.51
2026-06-11T06:00:00Z,cyl_005,8.12
2026-06-11T07:00:00Z,cyl_001,6.53
2026-06-11T07:00:00Z,cyl_002,8.75
2026-06-11T07:00:00Z,cyl_003,5.94
2026-06-11T07:00:00Z,cyl_004,7.48
2026-06-11T07:00:00Z,cyl_005,8.01
2026-06-11T08:00:00Z,cyl_001,6.61
2026-06-11T08:00:00Z,cyl_002,8.74
2026-06-11T08:00:00Z,cyl_003,5.87
2026-06-11T08:00:00Z,cyl_004,7.49
2026-06-11T08:00:00Z,cyl_005,8.05
2026-06-11T09:00:00Z,cyl_001,6.54
2026-06-11T09:00:00Z,cyl_002,8.74
2026-06-11T09:00:00Z,cyl_003,5.83
2026-06-11T09:00:00Z,cyl_004,7.43
2026-06-11T09:00:00Z,cyl_005,8.02
2026-06-11T10:00:00Z,cyl_001,6.5
2026-06-11T10:00:00Z,cyl_002,8.76
2026-06-11T10:00:00Z,cyl_003,5.87
2026-06-11T10:00:00Z,cyl_004,7.39
2026-06-11T10:00:00Z,cyl_005,8.01
2026-06-11T11:00:00Z,cyl_001,6.53
2026-06-11T11:00:00Z,cyl_002,8.72
2026-06-11T11:00:00Z,cyl_003,5.83
2026-06-11T11:00:00Z,cyl_004,7.42
2026-06-11T11:00:00Z,cyl_005,8.02
2026-06-11T12:00:00Z,cyl_001,6.51
2026-06-11T12:00:00Z,cyl_002,8.72
2026-06-11T12:00:00Z,cyl_003,5.82
2026-06-11T12:00:00Z,cyl_004,7.51
2026-06-11T12:00:00Z,cyl_005,8.01
2026-06-11T13:00:00Z,cyl_001,6.52
2026-06-11T13:00:00Z,cyl_002,8.72
2026-06-11T13:00:00Z,cyl_003,5.86
2026-06-11T13:00:00Z,cyl_004,7.32
2026-06-11T13:00:00Z,cyl_005,7.97
2026-06-11T14:00:00Z,cyl_001,6.46
2026-06-11T14:00:00Z,cyl_002,8.71
2026-06-11T14:00:00Z,cyl_003,5.87
2026-06-11T14:00:00Z,cyl_004,7.43
2026-06-11T14:00:00Z,cyl_005,7.95
2026-06-11T15:00:00Z,cyl_001,6.48
2026-06-11T15:00:00Z,cyl_002,8.69
2026-06-11T15:00:00Z,cyl_003,5.83
2026-06-11T15:00:00Z,cyl_004,7.44
2026-06-11T15:00:00Z,cyl_005,7.96
2026-06-11T16:00:00Z,cyl_001,6.51
2026-06-11T16:00:00Z,cyl_002,8.7
2026-06-11T16:00:00Z,cyl_003,5.84
2026-06-11T16:00:00Z,cyl_004,7.46
2026-06-11T16:00:00Z,cyl_005,7.93
2026-06-11T17:00:00Z,cyl_001,6.47
2026-06-11T17:00:00Z,cyl_002,8.7
2026-06-11T17:00:00Z,cyl_003,5.83
2026-06-11T17:00:00Z,cyl_004,7.39
2026-06-11T17:00:00Z,cyl_005,7.96
2026-06-11T18:00:00Z,cyl_001,6.42
2026-06-11T18:00:00Z,cyl_002,8.62
2026-06-11T18:00:00Z,cyl_003,5.87
2026-06-11T18:00:00Z,cyl_004,7.39
2026-06-11T18:00:00Z,cyl_005,7.93
2026-06-11T19:00:00Z,cyl_001,6.47
2026-06-11T19:00:00Z,cyl_002,8.62
2026-06-11T19:00:00Z,cyl_003,5.83
2026-06-11T19:00:00Z,cyl_004,7.39
2026-06-11T19:00:00Z,cyl_005,7.93
2026-06-11T20:00:00Z,cyl_001,6.42
2026-06-11T20:00:00Z,cyl_002,8.67
2026-06-11T20:00:00Z,cyl_003,5.86
2026-06-11T20:00:00Z,cyl_004,7.32
2026-06-11T20:00:00Z,cyl_005,7.93
2026-06-11T21:00:00Z,cyl_001,6.42
2026-06-11T21:00:00Z,cyl_002,8.62
2026-06-11T21:00:00Z,cyl_003,5.83
2026-06-11T21:00:00Z,cyl_004,7.36
2026-06-11T21:00:00Z,cyl_005,7.87
2026-06-11T22:00:00Z,cyl_001,6.41
2026-06-11T22:00:00Z,cyl_002,8.62
2026-06-11T22:00:00Z,cyl_003,5.8
2026-06-11T22:00:00Z,cyl_004,7.32
2026-06-11T22:00:00Z,cyl_005,7.83
2026-06-11T23:00:00Z,cyl_001,6.43
2026-06-11T23:00:00Z,cyl_002,8.61
2026-06-11T23:00:00Z,cyl_003,5.83
2026-06-11T23:00:00Z,cyl_004,7.32
2026-06-11T23:00:00Z,cyl_005,7.86
2026-06-12T00:00:00Z,cyl_001,6.42
2026-06-12T00:00:00Z,cyl_002,8.62
2026-06-12T00:00:00Z,cyl_003,5.8
2026-06-12T00:00:00Z,cyl_004,7.33
2026-06-12T00:00:00Z,cyl_005,7.87
2026-06-12T01:00:00Z,cyl_001,6.36
2026-06-12T01:00:00Z,cyl_002,8.59
2026-06-12T01:00:00Z,cyl_003,5.8
2026-06-12T01:00:00Z,cyl_004,7.35
2026-06-12T01:00:00Z,cyl_005,7.79
2026-06-12T02:00:00Z,cyl_001,6.4
2026-06-12T02:00:00Z,cyl_002,8.62
2026-06-12T02:00:00Z,cyl_003,5.82
2026-06-12T02:00:00Z,cyl_004,7.28
2026-06-12T02:00:00Z,cyl_005,7.85
2026-06-12T03:00:00Z,cyl_001,6.34
2026-06-12T03:00:00Z,cyl_002,8.63
2026-06-12T03:00:00Z,cyl_003,5.74
2026-06-12T03:00:00Z,cyl_004,7.31
2026-06-12T03:00:00Z,cyl_005,7.82
2026-06-12T04:00:00Z,cyl_001,6.36
2026-06-12T04:00:00Z,cyl_002,8.56
2026-06-12T04:00:00Z,cyl_003,5.75
2026-06-12T04:00:00Z,cyl_004,7.33
2026-06-12T04:00:00Z,cyl_005,7.84
2026-06-12T05:00:00Z,cyl_001,6.34
2026-06-12T05:00:00Z,cyl_002,8.58
2026-06-12T05:00:00Z,cyl_003,5.76
2026-06-12T05:00:00Z,cyl_004,7.26
2026-06-12T05:00:00Z,cyl_005,7.82
2026-06-12T06:00:00Z,cyl_001,6.37
2026-06-12T06:00:00Z,cyl_002,8.5
2026-06-12T06:00:00Z,cyl_003,5.76
2026-06-12T06:00:00Z,cyl_004,7.25
2026-06-12T06:00:00Z,cyl_005,7.77
2026-06-12T07:00:00Z,cyl_001,6.33
2026-06-12T07:00:00Z,cyl_002,8.55
2026-06-12T07:00:00Z,cyl_003,5.75
2026-06-12T07:00:00Z,cyl_004,7.25
2026-06-12T07:00:00Z,cyl_005,7.76
2026-06-12T08:00:00Z,cyl_001,6.33
2026-06-12T08:00:00Z,cyl_002,8.49
2026-06-12T08:00:00Z,cyl_003,5.77
2026-06-12T08:00:00Z,cyl_004,7.26
2026-06-12T08:00:00Z,cyl_005,7.76
2026-06-12T09:00:00Z,cyl_001,6.34
2026-06-12T09:00:00Z,cyl_002,8.54
2026-06-12T09:00:00Z,cyl_003,5.72
2026-06-12T09:00:00Z,cyl_004,7.28
2026-06-12T09:00:00Z,cyl_005,7.75
2026-06-12T10:00:00Z,cyl_001,6.29
2026-06-12T10:00:00Z,cyl_002,8.47
2026-06-12T10:00:00Z,cyl_003,5.7
2026-06-12T10:00:00Z,cyl_004,7.25
2026-06-12T10:00:00Z,cyl_005,7.71
2026-06-12T11:00:00Z,cyl_001,6.32
2026-06-12T11:00:00Z,cyl_002,8.57
2026-06-12T11:00:00Z,cyl_003,5.66
2026-06-12T11:00:00Z,cyl_004,7.2
2026-06-12T11:00:00Z,cyl_005,7.78
2026-06-12T12:00:00Z,cyl_001,6.27
2026-06-12T12:00:00Z,cyl_002,8.44
2026-06-12T12:00:00Z,cyl_003,5.64
2026-06-12T12:00:00Z,cyl_004,7.21
2026-06-12T12:00:00Z,cyl_005,7.76
2026-06-12T13:00:00Z,cyl_001,6.31
2026-06-12T13:00:00Z,cyl_002,8.46
2026-06-12T13:00:00Z,cyl_003,5.65
2026-06-12T13:00:00Z,cyl_004,7.19
2026-06-12T13:00:00Z,cyl_005,7.63
2026-06-12T14:00:00Z,cyl_001,6.23
2026-06-12T14:00:00Z,cyl_002,8.5
2026-06-12T14:00:00Z,cyl_003,5.66
2026-06-12T14:00:00Z,cyl_004,7.18
2026-06-12T14:00:00Z,cyl_005,7.7
2026-06-12T15:00:00Z,cyl_001,6.25
2026-06-12T15:00:00Z,cyl_002,8.53
2026-06-12T15:00:00Z,cyl_003,5.66
2026-06-12T15:00:00Z,cyl_004,7.15
2026-06-12T15:00:00Z,cyl_005,7.72
2026-06-12T16:00:00Z,cyl_001,6.24
2026-06-12T16:00:00Z,cyl_002,8.46
2026-06-12T16:00:00Z,cyl_003,5.65
2026-06-12T16:00:00Z,cyl_004,7.17
2026-06-12T16:00:00Z,cyl_005,7.68
2026-06-12T17:00:00Z,cyl_001,6.21
2026-06-12T17:00:00Z,cyl_002,8.41
2026-06-12T17:00:00Z,cyl_003,5.64
2026-06-12T17:00:00Z,cyl_004,7.12
2026-06-12T17:00:00Z,cyl_005,7.68
2026-06-12T18:00:00Z,cyl_001,6.2
2026-06-12T18:00:00Z,cyl_002,8.47
2026-06-12T18:00:00Z,cyl_003,5.6
2026-06-12T18:00:00Z,cyl_004,7.13
2026-06-12T18:00:00Z,cyl_005,7.65
2026-06-12T19:00:00Z,cyl_001,6.24
2026-06-12T19:00:00Z,cyl_002,8.39
2026-06-12T19:00:00Z,cyl_003,5.65
2026-06-12T19:00:00Z,cyl_004,7.08
2026-06-12T19:00:00Z,cyl_005,7.64
2026-06-12T20:00:00Z,cyl_001,6.2
2026-06-12T20:00:00Z,cyl_002,8.32
2026-06-12T20:00:00Z,cyl_003,5.57
2026-06-12T20:00:00Z,cyl_004,7.12
2026-06-12T20:00:00Z,cyl_005,7.56
2026-06-12T21:00:00Z,cyl_001,6.18
2026-06-12T21:00:00Z,cyl_002,8.41
2026-06-12T21:00:00Z,cyl_003,5.6
2026-06-12T21:00:00Z,cyl_004,7.12
2026-06-12T21:00:00Z,cyl_005,7.56
2026-06-12T22:00:00Z,cyl_001,6.23
2026-06-12T22:00:00Z,cyl_002,8.37
2026-06-12T22:00:00Z,cyl_003,5.57
2026-06-12T22:00:00Z,cyl_004,7.14
2026-06-12T22:00:00Z,cyl_005,7.58
2026-06-12T23:00:00Z,cyl_001,6.16
2026-06-12T23:00:00Z,cyl_002,8.32
2026-06-12T23:00:00Z,cyl_003,5.57
2026-06-12T23:00:00Z,cyl_004,7.07
2026-06-12T23:00:00Z,cyl_005,7.54
2026-06-13T00:00:00Z,cyl_001,6.09
2026-06-13T00:00:00Z,cyl_002,8.35
2026-06-13T00:00:00Z,cyl_003,5.65
2026-06-13T00:00:00Z,cyl_004,7.1
2026-06-13T00:00:00Z,cyl_005,7.56
2026-06-13T01:00:00Z,cyl_001,6.2
2026-06-13T01:00:00Z,cyl_002,8.28
2026-06-13T01:00:00Z,cyl_003,5.62
2026-06-13T01:00:00Z,cyl_004,7.05
2026-06-13T01:00:00Z,cyl_005,7.54
2026-06-13T02:00:00Z,cyl_001,6.13
2026-06-13T02:00:00Z,cyl_002,8.37
2026-06-13T02:00:00Z,cyl_003,5.6
2026-06-13T02:00:00Z,cyl_004,7.06
2026-06-13T02:00:00Z,cyl_005,7.55
2026-06-13T03:00:00Z,cyl_001,6.09
2026-06-13T03:00:00Z,cyl_002,8.33
2026-06-13T03:00:00Z,cyl_003,5.49
2026-06-13T03:00:00Z,cyl_004,7.01
2026-06-13T03:00:00Z,cyl_005,7.58
2026-06-13T04:00:00Z,cyl_001,6.06
2026-06-13T04:00:00Z,cyl_002,8.32
2026-06-13T04:00:00Z,cyl_003,5.55
2026-06-13T04:00:00Z,cyl_004,7.06
2026-06-13T04:00:00Z,cyl_005,7.55
2026-06-13T05:00:00Z,cyl_001,6.09
2026-06-13T05:00:00Z,cyl_002,8.27
2026-06-13T05:00:00Z,cyl_003,5.49
2026-06-13T05:00:00Z,cyl_004,7.05
2026-06-13T05:00:00Z,cyl_005,7.48
2026-06-13T06:00:00Z,cyl_001,6.08
2026-06-13T06:00:00Z,cyl_002,8.26
2026-06-13T06:00:00Z,cyl_003,5.45
2026-06-13T06:00:00Z,cyl_004,7.03
2026-06-13T06:00:00Z,cyl_005,7.53
2026-06-13T07:00:00Z,cyl_001,6.08
2026-06-13T07:00:00Z,cyl_002,8.31
2026-06-13T07:00:00Z,cyl_003,5.51
2026-06-13T07:00:00Z,cyl_004,7.03
2026-06-13T07:00:00Z,cyl_005,7.5
2026-06-13T08:00:00Z,cyl_001,6.05
2026-06-13T08:00:00Z,cyl_002,8.31
2026-06-13T08:00:00Z,cyl_003,5.52
2026-06-13T08:00:00Z,cyl_004,7.01
2026-06-13T08:00:00Z,cyl_005,7.48
2026-06-13T09:00:00Z,cyl_001,6.1
2026-06-13T09:00:00Z,cyl_002,8.32
2026-06-13T09:00:00Z,cyl_003,5.49
2026-06-13T09:00:00Z,cyl_004,7.04
2026-06-13T09:00:00Z,cyl_005,7.46
2026-06-13T10:00:00Z,cyl_001,6.05
2026-06-13T10:00:00Z,cyl_002,8.29
2026-06-13T10:00:00Z,cyl_003,7.31
2026-06-13T10:00:00Z,cyl_004,7.0
2026-06-13T10:00:00Z,cyl_005,7.42
2026-06-13T11:00:00Z,cyl_001,6.09
2026-06-13T11:00:00Z,cyl_002,8.25
2026-06-13T11:00:00Z,cyl_003,5.46
2026-06-13T11:00:00Z,cyl_004,7.03
2026-06-13T11:00:00Z,cyl_005,7.49
2026-06-13T12:00:00Z,cyl_001,6.01
2026-06-13T12:00:00Z,cyl_002,8.26
2026-06-13T12:00:00Z,cyl_003,5.48
2026-06-13T12:00:00Z,cyl_004,7.0
2026-06-13T12:00:00Z,cyl_005,7.44
2026-06-13T13:00:00Z,cyl_001,6.03
2026-06-13T13:00:00Z,cyl_002,8.2
2026-06-13T13:00:00Z,cyl_003,5.45
2026-06-13T13:00:00Z,cyl_004,6.97
2026-06-13T13:00:00Z,cyl_005,7.47
2026-06-13T14:00:00Z,cyl_001,6.01
2026-06-13T14:00:00Z,cyl_002,8.25
2026-06-13T14:00:00Z,cyl_003,5.43
2026-06-13T14:00:00Z,cyl_004,7.02
2026-06-13T14:00:00Z,cyl_005,7.43
2026-06-13T15:00:00Z,cyl_001,6.02
2026-06-13T15:00:00Z,cyl_002,8.23
2026-06-13T15:00:00Z,cyl_003,5.46
2026-06-13T15:00:00Z,cyl_004,6.93
2026-06-13T15:00:00Z,cyl_005,7.39
2026-06-13T16:00:00Z,cyl_001,5.98
2026-06-13T16:00:00Z,cyl_002,8.21
2026-06-13T16:00:00Z,cyl_003,5.33
2026-06-13T16:00:00Z,cyl_004,6.97
2026-06-13T16:00:00Z,cyl_005,7.38
2026-06-13T17:00:00Z,cyl_001,6.01
2026-06-13T17:00:00Z,cyl_002,8.15
2026-06-13T17:00:00Z,cyl_003,5.41
2026-06-13T17:00:00Z,cyl_004,6.95
2026-06-13T17:00:00Z,cyl_005,7.35
2026-06-13T18:00:00Z,cyl_001,5.96
2026-06-13T18:00:00Z,cyl_002,8.12
2026-06-13T18:00:00Z,cyl_003,5.34
2026-06-13T18:00:00Z,cyl_004,6.93
2026-06-13T18:00:00Z,cyl_005,7.39
2026-06-13T19:00:00Z,cyl_001,5.94
2026-06-13T19:00:00Z,cyl_002,8.11
2026-06-13T19:00:00Z,cyl_003,5.37
2026-06-13T19:00:00Z,cyl_004,6.83
2026-06-13T19:00:00Z,cyl_005,7.34
2026-06-13T20:00:00Z,cyl_001,5.95
2026-06-13T20:00:00Z,cyl_002,8.16
2026-06-13T20:00:00Z,cyl_003,5.39
2026-06-13T20:00:00Z,cyl_004,6.9
2026-06-13T20:00:00Z,cyl_005,7.36
2026-06-13T21:00:00Z,cyl_001,5.96
2026-06-13T21:00:00Z,cyl_002,8.18
2026-06-13T21:00:00Z,cyl_003,5.36
2026-06-13T21:00:00Z,cyl_004,6.91
2026-06-13T21:00:00Z,cyl_005,7.31
2026-06-13T22:00:00Z,cyl_001,5.93
2026-06-13T22:00:00Z,cyl_002,8.16
2026-06-13T22:00:00Z,cyl_003,5.37
2026-06-13T22:00:00Z,cyl_004,6.95
2026-06-13T22:00:00Z,cyl_005,7.38
2026-06-13T23:00:00Z,cyl_001,5.92
2026-06-13T23:00:00Z,cyl_002,8.13
2026-06-13T23:00:00Z,cyl_003,5.35
2026-06-13T23:00:00Z,cyl_004,6.87
2026-06-13T23:00:00Z,cyl_005,7.26
2026-06-14T00:00:00Z,cyl_001,5.91
2026-06-14T00:00:00Z,cyl_002,8.13
2026-06-14T00:00:00Z,cyl_003,5.35
2026-06-14T00:00:00Z,cyl_004,6.85
2026-06-14T00:00:00Z,cyl_005,7.34
2026-06-14T01:00:00Z,cyl_001,5.89
2026-06-14T01:00:00Z,cyl_002,8.12
2026-06-14T01:00:00Z,cyl_003,5.31
2026-06-14T01:00:00Z,cyl_004,6.82
2026-06-14T01:00:00Z,cyl_005,7.28
2026-06-14T02:00:00Z,cyl_001,5.91
2026-06-14T02:00:00Z,cyl_002,8.1
2026-06-14T02:00:00Z,cyl_003,5.35
2026-06-14T02:00:00Z,cyl_004,6.84
2026-06-14T02:00:00Z,cyl_005,7.3
2026-06-14T03:00:00Z,cyl_001,5.81
2026-06-14T03:00:00Z,cyl_002,8.12
2026-06-14T03:00:00Z,cyl_003,5.33
2026-06-14T03:00:00Z,cyl_004,6.91
2026-06-14T03:00:00Z,cyl_005,7.26
2026-06-14T04:00:00Z,cyl_001,5.89
2026-06-14T04:00:00Z,cyl_002,8.06
2026-06-14T04:00:00Z,cyl_003,5.26
2026-06-14T04:00:00Z,cyl_004,6.85
2026-06-14T04:00:00Z,cyl_005,7.29
2026-06-14T05:00:00Z,cyl_001,5.84
2026-06-14T05:00:00Z,cyl_002,8.04
2026-06-14T05:00:00Z,cyl_003,5.25
2026-06-14T05:00:00Z,cyl_004,6.82
2026-06-14T05:00:00Z,cyl_005,7.24
2026-06-14T06:00:00Z,cyl_001,5.85
2026-06-14T06:00:00Z,cyl_002,8.11
2026-06-14T06:00:00Z,cyl_003,5.29
2026-06-14T06:00:00Z,cyl_004,6.81
2026-06-14T06:00:00Z,cyl_005,7.23
2026-06-14T07:00:00Z,cyl_001,5.86
2026-06-14T07:00:00Z,cyl_002,8.06
2026-06-14T07:00:00Z,cyl_003,5.28
2026-06-14T07:00:00Z,cyl_004,6.83
2026-06-14T07:00:00Z,cyl_005,7.23
2026-06-14T08:00:00Z,cyl_001,5.79
2026-06-14T08:00:00Z,cyl_002,8.06
2026-06-14T08:00:00Z,cyl_003,5.26
2026-06-14T08:00:00Z,cyl_004,6.76
2026-06-14T08:00:00Z,cyl_005,7.22
2026-06-14T09:00:00Z,cyl_001,5.85
2026-06-14T09:00:00Z,cyl_002,8.02
2026-06-14T09:00:00Z,cyl_003,5.28
2026-06-14T09:00:00Z,cyl_004,6.76
2026-06-14T09:00:00Z,cyl_005,7.18
2026-06-14T10:00:00Z,cyl_001,5.8
2026-06-14T10:00:00Z,cyl_002,7.98
2026-06-14T10:00:00Z,cyl_003,5.25
2026-06-14T10:00:00Z,cyl_004,6.79
2026-06-14T10:00:00Z,cyl_005,7.13
2026-06-14T11:00:00Z,cyl_001,5.72
2026-06-14T11:00:00Z,cyl_002,7.97
2026-06-14T11:00:00Z,cyl_003,5.23
2026-06-14T11:00:00Z,cyl_004,6.78
2026-06-14T11:00:00Z,cyl_005,7.09
2026-06-14T12:00:00Z,cyl_001,5.81
2026-06-14T12:00:00Z,cyl_002,7.98
2026-06-14T12:00:00Z,cyl_003,5.18
2026-06-14T12:00:00Z,cyl_004,6.72
2026-06-14T12:00:00Z,cyl_005,7.1
2026-06-14T13:00:00Z,cyl_001,5.78
2026-06-14T13:00:00Z,cyl_002,7.94
2026-06-14T13:00:00Z,cyl_003,5.24
2026-06-14T13:00:00Z,cyl_004,6.77
2026-06-14T13:00:00Z,cyl_005,7.13
2026-06-14T14:00:00Z,cyl_001,5.75
2026-06-14T14:00:00Z,cyl_002,7.97
2026-06-14T14:00:00Z,cyl_003,5.15
2026-06-14T14:00:00Z,cyl_004,6.7
2026-06-14T14:00:00Z,cyl_005,7.13
2026-06-14T15:00:00Z,cyl_001,5.67
2026-06-14T15:00:00Z,cyl_002,7.96
2026-06-14T15:00:00Z,cyl_003,5.19
2026-06-14T15:00:00Z,cyl_004,6.72
2026-06-14T15:00:00Z,cyl_005,7.08
2026-06-14T16:00:00Z,cyl_001,5.75
2026-06-14T16:00:00Z,cyl_002,7.96
2026-06-14T16:00:00Z,cyl_003,5.18
2026-06-14T16:00:00Z,cyl_004,6.74
2026-06-14T16:00:00Z,cyl_005,7.07
2026-06-14T17:00:00Z,cyl_001,5.72
2026-06-14T17:00:00Z,cyl_002,7.96
2026-06-14T17:00:00Z,cyl_003,5.16
2026-06-14T17:00:00Z,cyl_004,6.73
2026-06-14T17:00:00Z,cyl_005,7.05
2026-06-14T18:00:00Z,cyl_001,5.72
2026-06-14T18:00:00Z,cyl_002,8.0
2026-06-14T18:00:00Z,cyl_003,5.09
2026-06-14T18:00:00Z,cyl_004,6.67
2026-06-14T18:00:00Z,cyl_005,7.11
2026-06-14T19:00:00Z,cyl_001,5.7
2026-06-14T19:00:00Z,cyl_002,7.9
2026-06-14T19:00:00Z,cyl_003,5.14
2026-06-14T19:00:00Z,cyl_004,6.68
2026-06-14T19:00:00Z,cyl_005,7.06
2026-06-14T20:00:00Z,cyl_001,5.71
2026-06-14T20:00:00Z,cyl_002,7.92
2026-06-14T20:00:00Z,cyl_003,5.18
2026-06-14T20:00:00Z,cyl_004,6.67
2026-06-14T20:00:00Z,cyl_005,7.09
2026-06-14T21:00:00Z,cyl_001,5.7
2026-06-14T21:00:00Z,cyl_002,7.94
2026-06-14T21:00:00Z,cyl_003,5.09
2026-06-14T21:00:00Z,cyl_004,6.69
2026-06-14T21:00:00Z,cyl_005,7.12
2026-06-14T22:00:00Z,cyl_001,5.65
2026-06-14T22:00:00Z,cyl_002,7.98
2026-06-14T22:00:00Z,cyl_003,5.07
2026-06-14T22:00:00Z,cyl_004,6.6
2026-06-14T22:00:00Z,cyl_005,7.05
2026-06-14T23:00:00Z,cyl_001,5.63
2026-06-14T23:00:00Z,cyl_002,7.98
2026-06-14T23:00:00Z,cyl_003,5.07
2026-06-14T23:00:00Z,cyl_004,6.63
2026-06-14T23:00:00Z,cyl_005,7.06
2026-06-15T00:00:00Z,cyl_001,5.68
2026-06-15T00:00:00Z,cyl_002,7.91
2026-06-15T00:00:00Z,cyl_003,3.15
2026-06-15T00:00:00Z,cyl_004,6.67
2026-06-15T00:00:00Z,cyl_005,6.99
2026-06-15T01:00:00Z,cyl_001,5.6
2026-06-15T01:00:00Z,cyl_002,7.94
2026-06-15T01:00:00Z,cyl_003,3.08
2026-06-15T01:00:00Z,cyl_004,6.61
2026-06-15T01:00:00Z,cyl_005,7.0
2026-06-15T02:00:00Z,cyl_001,5.61
2026-06-15T02:00:00Z,cyl_002,7.96
2026-06-15T02:00:00Z,cyl_003,3.11
2026-06-15T02:00:00Z,cyl_004,6.63
2026-06-15T02:00:00Z,cyl_005,7.04
2026-06-15T03:00:00Z,cyl_001,5.66
2026-06-15T03:00:00Z,cyl_002,7.92
2026-06-15T03:00:00Z,cyl_003,3.09
2026-06-15T03:00:00Z,cyl_004,6.63
2026-06-15T03:00:00Z,cyl_005,7.0
2026-06-15T04:00:00Z,cyl_001,5.64
2026-06-15T04:00:00Z,cyl_002,7.92
2026-06-15T04:00:00Z,cyl_003,3.13
2026-06-15T04:00:00Z,cyl_004,6.61
2026-06-15T04:00:00Z,cyl_005,6.93
2026-06-15T05:00:00Z,cyl_001,5.6
2026-06-15T05:00:00Z,cyl_002,7.93
2026-06-15T05:00:00Z,cyl_003,3.12
2026-06-15T05:00:00Z,cyl_004,6.6
2026-06-15T05:00:00Z,cyl_005,6.97
2026-06-15T06:00:00Z,cyl_001,5.64
2026-06-15T06:00:00Z,cyl_002,7.88
2026-06-15T06:00:00Z,cyl_003,3.06
2026-06-15T06:00:00Z,cyl_004,6.62
2026-06-15T06:00:00Z,cyl_005,6.95
2026-06-15T07:00:00Z,cyl_001,5.61
2026-06-15T07:00:00Z,cyl_002,8.0
2026-06-15T07:00:00Z,cyl_003,3.07
2026-06-15T07:00:00Z,cyl_004,6.54
2026-06-15T07:00:00Z,cyl_005,6.96
2026-06-15T08:00:00Z,cyl_001,5.6
2026-06-15T08:00:00Z,cyl_002,7.95
2026-06-15T08:00:00Z,cyl_003,3.09
2026-06-15T08:00:00Z,cyl_004,6.59
2026-06-15T08:00:00Z,cyl_005,6.99
2026-06-15T09:00:00Z,cyl_001,5.54
2026-06-15T09:00:00Z,cyl_002,7.94
2026-06-15T09:00:00Z,cyl_003,3.1
2026-06-15T09:00:00Z,cyl_004,6.62
2026-06-15T09:00:00Z,cyl_005,6.94
2026-06-15T10:00:00Z,cyl_001,5.54
2026-06-15T10:00:00Z,cyl_002,7.89
2026-06-15T10:00:00Z,cyl_003,2.98
2026-06-15T10:00:00Z,cyl_004,6.58
2026-06-15T10:00:00Z,cyl_005,6.93
2026-06-15T11:00:00Z,cyl_001,5.56
2026-06-15T11:00:00Z,cyl_002,8.01
2026-06-15T11:00:00Z,cyl_003,3.05
2026-06-15T11:00:00Z,cyl_004,6.56
2026-06-15T11:00:00Z,cyl_005,6.87
2026-06-15T12:00:00Z,cyl_001,5.51
2026-06-15T12:00:00Z,cyl_002,7.93
2026-06-15T12:00:00Z,cyl_003,3.06
2026-06-15T12:00:00Z,cyl_004,6.55
2026-06-15T12:00:00Z,cyl_005,6.88
2026-06-15T13:00:00Z,cyl_001,5.59
2026-06-15T13:00:00Z,cyl_002,7.88
2026-06-15T13:00:00Z,cyl_003,3.02
2026-06-15T13:00:00Z,cyl_004,6.46
2026-06-15T13:00:00Z,cyl_005,6.88
2026-06-15T14:00:00Z,cyl_001,5.57
2026-06-15T14:00:00Z,cyl_002,7.83
2026-06-15T14:00:00Z,cyl_003,3.01
2026-06-15T14:00:00Z,cyl_004,6.49
2026-06-15T14:00:00Z,cyl_005,6.8
2026-06-15T15:00:00Z,cyl_001,5.51
2026-06-15T15:00:00Z,cyl_002,7.87
2026-06-15T15:00:00Z,cyl_003,3.05
2026-06-15T15:00:00Z,cyl_004,6.58
2026-06-15T15:00:00Z,cyl_005,6.89
2026-06-15T16:00:00Z,cyl_001,5.52
2026-06-15T16:00:00Z,cyl_002,7.87
2026-06-15T16:00:00Z,cyl_003,2.95
2026-06-15T16:00:00Z,cyl_004,6.5
2026-06-15T16:00:00Z,cyl_005,6.82
2026-06-15T17:00:00Z,cyl_001,5.52
2026-06-15T17:00:00Z,cyl_002,7.84
2026-06-15T17:00:00Z,cyl_003,3.0
2026-06-15T17:00:00Z,cyl_004,6.52
2026-06-15T17:00:00Z,cyl_005,6.85
2026-06-15T18:00:00Z,cyl_001,5.42
2026-06-15T18:00:00Z,cyl_002,7.84
2026-06-15T18:00:00Z,cyl_003,2.95
2026-06-15T18:00:00Z,cyl_004,6.48
2026-06-15T18:00:00Z,cyl_005,6.82
2026-06-15T19:00:00Z,cyl_001,5.43
2026-06-15T19:00:00Z,cyl_002,7.82
2026-06-15T19:00:00Z,cyl_003,2.91
2026-06-15T19:00:00Z,cyl_004,6.49
2026-06-15T19:00:00Z,cyl_005,6.8
2026-06-15T20:00:00Z,cyl_001,5.43
2026-06-15T20:00:00Z,cyl_002,7.79
2026-06-15T20:00:00Z,cyl_003,2.98
2026-06-15T20:00:00Z,cyl_004,6.46
2026-06-15T20:00:00Z,cyl_005,6.81
2026-06-15T21:00:00Z,cyl_001,5.39
2026-06-15T21:00:00Z,cyl_002,7.83
2026-06-15T21:00:00Z,cyl_003,2.91
2026-06-15T21:00:00Z,cyl_004,6.43
2026-06-15T21:00:00Z,cyl_005,6.73
2026-06-15T22:00:00Z,cyl_001,5.44
2026-06-15T22:00:00Z,cyl_002,7.79
2026-06-15T22:00:00Z,cyl_003,2.94
2026-06-15T22:00:00Z,cyl_004,6.43
2026-06-15T22:00:00Z,cyl_005,6.71
2026-06-15T23:00:00Z,cyl_001,5.43
2026-06-15T23:00:00Z,cyl_002,7.75
2026-06-15T23:00:00Z,cyl_003,2.92
2026-06-15T23:00:00Z,cyl_004,6.39
2026-06-15T23:00:00Z,cyl_005,6.76
2026-06-16T00:00:00Z,cyl_001,5.35
2026-06-16T00:00:00Z,cyl_002,7.79
2026-06-16T00:00:00Z,cyl_003,2.94
2026-06-16T00:00:00Z,cyl_004,6.44
2026-06-16T00:00:00Z,cyl_005,6.73
2026-06-16T01:00:00Z,cyl_001,5.44
2026-06-16T01:00:00Z,cyl_002,7.74
2026-06-16T01:00:00Z,cyl_003,2.9
2026-06-16T01:00:00Z,cyl_004,6.4
2026-06-16T01:00:00Z,cyl_005,6.77
2026-06-16T02:00:00Z,cyl_001,5.37
2026-06-16T02:00:00Z,cyl_002,7.72
2026-06-16T02:00:00Z,cyl_003,2.89
2026-06-16T02:00:00Z,cyl_004,6.36
2026-06-16T02:00:00Z,cyl_005,6.68
2026-06-16T03:00:00Z,cyl_001,5.4
2026-06-16T03:00:00Z,cyl_002,7.77
2026-06-16T03:00:00Z,cyl_003,2.85
2026-06-16T03:00:00Z,cyl_004,6.39
2026-06-16T03:00:00Z,cyl_005,6.66
2026-06-16T04:00:00Z,cyl_001,5.38
2026-06-16T04:00:00Z,cyl_002,7.69
2026-06-16T04:00:00Z,cyl_003,2.86
2026-06-16T04:00:00Z,cyl_004,6.35
2026-06-16T04:00:00Z,cyl_005,6.7
2026-06-16T05:00:00Z,cyl_001,5.35
2026-06-16T05:00:00Z,cyl_002,7.74
2026-06-16T05:00:00Z,cyl_003,2.82
2026-06-16T05:00:00Z,cyl_004,6.39
2026-06-16T05:00:00Z,cyl_005,6.7
2026-06-16T06:00:00Z,cyl_001,5.36
2026-06-16T06:00:00Z,cyl_002,7.72
2026-06-16T06:00:00Z,cyl_003,2.81
2026-06-16T06:00:00Z,cyl_004,6.34
2026-06-16T06:00:00Z,cyl_005,6.63
2026-06-16T07:00:00Z,cyl_001,5.35
2026-06-16T07:00:00Z,cyl_002,7.69
2026-06-16T07:00:00Z,cyl_003,2.86
2026-06-16T07:00:00Z,cyl_004,6.36
2026-06-16T07:00:00Z,cyl_005,6.66
2026-06-16T08:00:00Z,cyl_001,5.3
2026-06-16T08:00:00Z,cyl_002,7.73
2026-06-16T08:00:00Z,cyl_003,2.8
2026-06-16T08:00:00Z,cyl_004,6.39
2026-06-16T08:00:00Z,cyl_005,6.64
2026-06-16T09:00:00Z,cyl_001,5.33
2026-06-16T09:00:00Z,cyl_002,7.67
2026-06-16T09:00:00Z,cyl_003,2.77
2026-06-16T09:00:00Z,cyl_004,6.36
2026-06-16T09:00:00Z,cyl_005,6.64
2026-06-16T10:00:00Z,cyl_001,5.33
2026-06-16T10:00:00Z,cyl_002,7.67
2026-06-16T10:00:00Z,cyl_003,2.78
2026-06-16T10:00:00Z,cyl_004,6.33
2026-06-16T10:00:00Z,cyl_005,6.63
2026-06-16T11:00:00Z,cyl_001,5.3
2026-06-16T11:00:00Z,cyl_002,7.63
2026-06-16T11:00:00Z,cyl_003,2.74
2026-06-16T11:00:00Z,cyl_004,6.32
2026-06-16T11:00:00Z,cyl_005,6.62
2026-06-16T12:00:00Z,cyl_001,5.31
2026-06-16T12:00:00Z,cyl_002,7.69
2026-06-16T12:00:00Z,cyl_003,2.74
2026-06-16T12:00:00Z,cyl_004,6.33
2026-06-16T12:00:00Z,cyl_005,6.55
2026-06-16T13:00:00Z,cyl_001,5.27
2026-06-16T13:00:00Z,cyl_002,7.64
2026-06-16T13:00:00Z,cyl_003,2.74
2026-06-16T13:00:00Z,cyl_004,6.31
2026-06-16T13:00:00Z,cyl_005,6.56
2026-06-16T14:00:00Z,cyl_001,5.16
2026-06-16T14:00:00Z,cyl_002,7.61
2026-06-16T14:00:00Z,cyl_003,2.74
2026-06-16T14:00:00Z,cyl_004,6.32
2026-06-16T14:00:00Z,cyl_005,6.58
2026-06-16T15:00:00Z,cyl_001,5.25
2026-06-16T15:00:00Z,cyl_002,7.62
2026-06-16T15:00:00Z,cyl_003,2.82
2026-06-16T15:00:00Z,cyl_004,6.23
2026-06-16T15:00:00Z,cyl_005,6.57
2026-06-16T16:00:00Z,cyl_001,5.25
2026-06-16T16:00:00Z,cyl_002,7.62
2026-06-16T16:00:00Z,cyl_003,2.73
2026-06-16T16:00:00Z,cyl_004,6.25
2026-06-16T16:00:00Z,cyl_005,6.59
2026-06-16T17:00:00Z,cyl_001,5.23
2026-06-16T17:00:00Z,cyl_002,7.59
2026-06-16T17:00:00Z,cyl_003,2.7
2026-06-16T17:00:00Z,cyl_004,6.25
2026-06-16T17:00:00Z,cyl_005,6.56
2026-06-16T18:00:00Z,cyl_001,5.23
2026-06-16T18:00:00Z,cyl_002,7.61
2026-06-16T18:00:00Z,cyl_003,2.7
2026-06-16T18:00:00Z,cyl_004,6.28
2026-06-16T18:00:00Z,cyl_005,6.54
2026-06-16T19:00:00Z,cyl_001,5.26
2026-06-16T19:00:00Z,cyl_002,7.61
2026-06-16T19:00:00Z,cyl_003,2.72
2026-06-16T19:00:00Z,cyl_004,6.27
2026-06-16T19:00:00Z,cyl_005,6.53
2026-06-16T20:00:00Z,cyl_001,5.22
2026-06-16T20:00:00Z,cyl_002,7.58
2026-06-16T20:00:00Z,cyl_003,2.7
2026-06-16T20:00:00Z,cyl_004,6.27
2026-06-16T20:00:00Z,cyl_005,6.56
2026-06-16T21:00:00Z,cyl_001,5.21
2026-06-16T21:00:00Z,cyl_002,7.6
2026-06-16T21:00:00Z,cyl_003,2.72
2026-06-16T21:00:00Z,cyl_004,6.22
2026-06-16T21:00:00Z,cyl_005,6.48
2026-06-16T22:00:00Z,cyl_001,5.18
2026-06-16T22:00:00Z,cyl_002,7.53
2026-06-16T22:00:00Z,cyl_003,2.73
2026-06-16T22:00:00Z,cyl_004,6.24
2026-06-16T22:00:00Z,cyl_005,6.5
2026-06-16T23:00:00Z,cyl_001,5.16
2026-06-16T23:00:00Z,cyl_002,7.54
2026-06-16T23:00:00Z,cyl_003,2.7
2026-06-16T23:00:00Z,cyl_004,6.21
2026-06-16T23:00:00Z,cyl_005,6.51
2026-06-17T00:00:00Z,cyl_001,5.12
2026-06-17T00:00:00Z,cyl_002,7.54
2026-06-17T00:00:00Z,cyl_003,2.72
2026-06-17T00:00:00Z,cyl_004,6.2
2026-06-17T00:00:00Z,cyl_005,6.44
2026-06-17T01:00:00Z,cyl_001,5.1
2026-06-17T01:00:00Z,cyl_002,7.54
2026-06-17T01:00:00Z,cyl_003,2.71
2026-06-17T01:00:00Z,cyl_004,6.18
2026-06-17T01:00:00Z,cyl_005,6.47
2026-06-17T02:00:00Z,cyl_001,5.11
2026-06-17T02:00:00Z,cyl_002,7.46
2026-06-17T02:00:00Z,cyl_003,2.7
2026-06-17T02:00:00Z,cyl_004,6.16
2026-06-17T02:00:00Z,cyl_005,6.42
2026-06-17T03:00:00Z,cyl_001,5.1
2026-06-17T03:00:00Z,cyl_002,7.5
2026-06-17T03:00:00Z,cyl_003,2.71
2026-06-17T03:00:00Z,cyl_004,6.11
2026-06-17T03:00:00Z,cyl_005,6.46
2026-06-17T04:00:00Z,cyl_001,5.14
2026-06-17T04:00:00Z,cyl_002,7.48
2026-06-17T04:00:00Z,cyl_003,2.7
2026-06-17T04:00:00Z,cyl_004,6.16
2026-06-17T04:00:00Z,cyl_005,6.38
2026-06-17T05:00:00Z,cyl_001,5.06
2026-06-17T05:00:00Z,cyl_002,7.48
2026-06-17T05:00:00Z,cyl_003,2.65
2026-06-17T05:00:00Z,cyl_004,6.1
2026-06-17T05:00:00Z,cyl_005,6.4
2026-06-17T06:00:00Z,cyl_001,5.13
2026-06-17T06:00:00Z,cyl_002,7.48
2026-06-17T06:00:00Z,cyl_003,2.68
2026-06-17T06:00:00Z,cyl_004,6.16
2026-06-17T06:00:00Z,cyl_005,6.37
2026-06-17T07:00:00Z,cyl_001,5.08
2026-06-17T07:00:00Z,cyl_002,7.46
2026-06-17T07:00:00Z,cyl_003,2.68
2026-06-17T07:00:00Z,cyl_004,6.21
2026-06-17T07:00:00Z,cyl_005,6.42
2026-06-17T08:00:00Z,cyl_001,5.1
2026-06-17T08:00:00Z,cyl_002,7.45
2026-06-17T08:00:00Z,cyl_003,2.65
2026-06-17T08:00:00Z,cyl_004,6.15
2026-06-17T08:00:00Z,cyl_005,6.31
2026-06-17T09:00:00Z,cyl_001,5.07
2026-06-17T09:00:00Z,cyl_002,7.43
2026-06-17T09:00:00Z,cyl_003,2.65
2026-06-17T09:00:00Z,cyl_004,6.2
2026-06-17T09:00:00Z,cyl_005,6.4
2026-06-17T10:00:00Z,cyl_001,5.09
2026-06-17T10:00:00Z,cyl_002,7.39
2026-06-17T10:00:00Z,cyl_003,2.63
2026-06-17T10:00:00Z,cyl_004,6.07
2026-06-17T10:00:00Z,cyl_005,6.35
2026-06-17T11:00:00Z,cyl_001,5.04
2026-06-17T11:00:00Z,cyl_002,7.4
2026-06-17T11:00:00Z,cyl_003,2.7
2026-06-17T11:00:00Z,cyl_004,6.05
2026-06-17T11:00:00Z,cyl_005,6.3
2026-06-17T12:00:00Z,cyl_001,5.04
2026-06-17T12:00:00Z,cyl_002,7.42
2026-06-17T12:00:00Z,cyl_003,2.66
2026-06-17T12:00:00Z,cyl_004,6.11
2026-06-17T12:00:00Z,cyl_005,6.3
2026-06-17T13:00:00Z,cyl_001,5.08
2026-06-17T13:00:00Z,cyl_002,7.45
2026-06-17T13:00:00Z,cyl_003,2.67
2026-06-17T13:00:00Z,cyl_004,6.05
2026-06-17T13:00:00Z,cyl_005,6.33
2026-06-17T14:00:00Z,cyl_001,5.04
2026-06-17T14:00:00Z,cyl_002,7.37
2026-06-17T14:00:00Z,cyl_003,2.58
2026-06-17T14:00:00Z,cyl_004,6.07
2026-06-17T14:00:00Z,cyl_005,6.3
2026-06-17T15:00:00Z,cyl_001,5.08
2026-06-17T15:00:00Z,cyl_002,7.38
2026-06-17T15:00:00Z,cyl_003,2.64
2026-06-17T15:00:00Z,cyl_004,6.02
2026-06-17T15:00:00Z,cyl_005,6.32
2026-06-17T16:00:00Z,cyl_001,4.97
2026-06-17T16:00:00Z,cyl_002,7.34
2026-06-17T16:00:00Z,cyl_003,2.59
2026-06-17T16:00:00Z,cyl_004,6.12
2026-06-17T16:00:00Z,cyl_005,6.37
2026-06-17T17:00:00Z,cyl_001,4.99
2026-06-17T17:00:00Z,cyl_002,7.34
2026-06-17T17:00:00Z,cyl_003,2.6
2026-06-17T17:00:00Z,cyl_004,6.02
2026-06-17T17:00:00Z,cyl_005,6.29
2026-06-17T18:00:00Z,cyl_001,4.98
2026-06-17T18:00:00Z,cyl_002,7.32
2026-06-17T18:00:00Z,cyl_003,2.57
2026-06-17T18:00:00Z,cyl_004,6.05
2026-06-17T18:00:00Z,cyl_005,6.27
2026-06-17T19:00:00Z,cyl_001,4.97
2026-06-17T19:00:00Z,cyl_002,7.34
2026-06-17T19:00:00Z,cyl_003,2.58
2026-06-17T19:00:00Z,cyl_004,6.05
2026-06-17T19:00:00Z,cyl_005,6.2
2026-06-17T20:00:00Z,cyl_001,4.93
2026-06-17T20:00:00Z,cyl_002,7.32
2026-06-17T20:00:00Z,cyl_003,2.53
2026-06-17T20:00:00Z,cyl_004,6.02
2026-06-17T20:00:00Z,cyl_005,6.26
2026-06-17T21:00:00Z,cyl_001,4.97
2026-06-17T21:00:00Z,cyl_002,7.33
2026-06-17T21:00:00Z,cyl_003,2.58
2026-06-17T21:00:00Z,cyl_004,6.02
2026-06-17T21:00:00Z,cyl_005,6.21
2026-06-17T22:00:00Z,cyl_001,4.92
2026-06-17T22:00:00Z,cyl_002,7.33
2026-06-17T22:00:00Z,cyl_003,2.61
2026-06-17T22:00:00Z,cyl_004,6.05
2026-06-17T22:00:00Z,cyl_005,6.18
2026-06-17T23:00:00Z,cyl_001,4.93
2026-06-17T23:00:00Z,cyl_002,7.29
2026-06-17T23:00:00Z,cyl_003,2.57
2026-06-17T23:00:00Z,cyl_004,6.04
2026-06-17T23:00:00Z,cyl_005,6.19
2026-06-18T00:00:00Z,cyl_001,4.96
2026-06-18T00:00:00Z,cyl_002,7.27
2026-06-18T00:00:00Z,cyl_003,2.54
2026-06-18T00:00:00Z,cyl_004,5.97
2026-06-18T00:00:00Z,cyl_005,6.17
2026-06-18T01:00:00Z,cyl_001,4.94
2026-06-18T01:00:00Z,cyl_002,7.24
2026-06-18T01:00:00Z,cyl_003,2.47
2026-06-18T01:00:00Z,cyl_004,5.95
2026-06-18T01:00:00Z,cyl_005,6.18
2026-06-18T02:00:00Z,cyl_001,4.93
2026-06-18T02:00:00Z,cyl_002,7.19
2026-06-18T02:00:00Z,cyl_003,2.48
2026-06-18T02:00:00Z,cyl_004,5.99
2026-06-18T02:00:00Z,cyl_005,6.15
2026-06-18T03:00:00Z,cyl_001,4.91
2026-06-18T03:00:00Z,cyl_002,7.23
2026-06-18T03:00:00Z,cyl_003,2.51
2026-06-18T03:00:00Z,cyl_004,5.94
2026-06-18T03:00:00Z,cyl_005,6.09
2026-06-18T04:00:00Z,cyl_001,4.87
2026-06-18T04:00:00Z,cyl_002,7.23
2026-06-18T04:00:00Z,cyl_003,2.53
2026-06-18T04:00:00Z,cyl_004,5.93
2026-06-18T04:00:00Z,cyl_005,6.17
2026-06-18T05:00:00Z,cyl_001,4.89
2026-06-18T05:00:00Z,cyl_002,7.23
2026-06-18T05:00:00Z,cyl_003,2.51
2026-06-18T05:00:00Z,cyl_004,5.89
2026-06-18T05:00:00Z,cyl_005,6.13
2026-06-18T06:00:00Z,cyl_001,4.89
2026-06-18T06:00:00Z,cyl_002,7.22
2026-06-18T06:00:00Z,cyl_003,2.5
2026-06-18T06:00:00Z,cyl_004,5.9
2026-06-18T06:00:00Z,cyl_005,6.16
2026-06-18T07:00:00Z,cyl_001,4.85
2026-06-18T07:00:00Z,cyl_002,7.2
2026-06-18T07:00:00Z,cyl_003,2.53
2026-06-18T07:00:00Z,cyl_004,6.0
2026-06-18T07:00:00Z,cyl_005,6.13
2026-06-18T08:00:00Z,cyl_001,4.81
2026-06-18T08:00:00Z,cyl_002,7.2
2026-06-18T08:00:00Z,cyl_003,2.47
2026-06-18T08:00:00Z,cyl_004,5.91
2026-06-18T08:00:00Z,cyl_005,6.11
2026-06-18T09:00:00Z,cyl_001,4.85
2026-06-18T09:00:00Z,cyl_002,7.18
2026-06-18T09:00:00Z,cyl_003,2.39
2026-06-18T09:00:00Z,cyl_004,5.88
2026-06-18T09:00:00Z,cyl_005,6.08
2026-06-18T10:00:00Z,cyl_001,4.78
2026-06-18T10:00:00Z,cyl_002,7.22
2026-06-18T10:00:00Z,cyl_003,2.4
2026-06-18T10:00:00Z,cyl_004,5.92
2026-06-18T10:00:00Z,cyl_005,6.09
2026-06-18T11:00:00Z,cyl_001,4.84
2026-06-18T11:00:00Z,cyl_002,7.19
2026-06-18T11:00:00Z,cyl_003,2.41
2026-06-18T11:00:00Z,cyl_004,5.89
2026-06-18T11:00:00Z,cyl_005,6.07
2026-06-18T12:00:00Z,cyl_001,4.75
2026-06-18T12:00:00Z,cyl_002,7.15
2026-06-18T12:00:00Z,cyl_003,2.44
2026-06-18T12:00:00Z,cyl_004,5.86
2026-06-18T12:00:00Z,cyl_005,6.08
2026-06-18T13:00:00Z,cyl_001,4.78
2026-06-18T13:00:00Z,cyl_002,7.15
2026-06-18T13:00:00Z,cyl_003,2.38
2026-06-18T13:00:00Z,cyl_004,5.83
2026-06-18T13:00:00Z,cyl_005,6.03
2026-06-18T14:00:00Z,cyl_001,4.77
2026-06-18T14:00:00Z,cyl_002,7.16
2026-06-18T14:00:00Z,cyl_003,2.43
2026-06-18T14:00:00Z,cyl_004,5.86
2026-06-18T14:00:00Z,cyl_005,6.05
2026-06-18T15:00:00Z,cyl_001,4.77
2026-06-18T15:00:00Z,cyl_002,7.12
2026-06-18T15:00:00Z,cyl_003,2.4
2026-06-18T15:00:00Z,cyl_004,5.83
2026-06-18T15:00:00Z,cyl_005,6.01
2026-06-18T16:00:00Z,cyl_001,4.7
2026-06-18T16:00:00Z,cyl_002,7.09
2026-06-18T16:00:00Z,cyl_003,2.31
2026-06-18T16:00:00Z,cyl_004,5.92
2026-06-18T16:00:00Z,cyl_005,5.97
2026-06-18T17:00:00Z,cyl_001,4.73
2026-06-18T17:00:00Z,cyl_002,7.09
2026-06-18T17:00:00Z,cyl_003,2.32
2026-06-18T17:00:00Z,cyl_004,5.78
2026-06-18T17:00:00Z,cyl_005,5.94
2026-06-18T18:00:00Z,cyl_001,4.74
2026-06-18T18:00:00Z,cyl_002,7.07
2026-06-18T18:00:00Z,cyl_003,2.39
2026-06-18T18:00:00Z,cyl_004,5.85
2026-06-18T18:00:00Z,cyl_005,5.98
2026-06-18T19:00:00Z,cyl_001,4.77
2026-06-18T19:00:00Z,cyl_002,7.03
2026-06-18T19:00:00Z,cyl_003,2.33
2026-06-18T19:00:00Z,cyl_004,5.85
2026-06-18T19:00:00Z,cyl_005,5.95
2026-06-18T20:00:00Z,cyl_001,4.7
2026-06-18T20:00:00Z,cyl_002,7.05
2026-06-18T20:00:00Z,cyl_003,2.3
2026-06-18T20:00:00Z,cyl_004,5.82
2026-06-18T20:00:00Z,cyl_005,5.92
2026-06-18T21:00:00Z,cyl_001,4.7
2026-06-18T21:00:00Z,cyl_002,7.1
2026-06-18T21:00:00Z,cyl_003,2.3
2026-06-18T21:00:00Z,cyl_004,5.79
2026-06-18T21:00:00Z,cyl_005,5.94
2026-06-18T22:00:00Z,cyl_001,4.75
2026-06-18T22:00:00Z,cyl_002,7.08
2026-06-18T22:00:00Z,cyl_003,2.3
2026-06-18T22:00:00Z,cyl_004,5.83
2026-06-18T22:00:00Z,cyl_005,5.9
2026-06-18T23:00:00Z,cyl_001,4.65
2026-06-18T23:00:00Z,cyl_002,7.05
2026-06-18T23:00:00Z,cyl_003,2.29
2026-06-18T23:00:00Z,cyl_004,5.82
2026-06-18T23:00:00Z,cyl_005,5.89
2026-06-19T00:00:00Z,cyl_001,4.69
2026-06-19T00:00:00Z,cyl_002,7.06
2026-06-19T00:00:00Z,cyl_003,2.31
2026-06-19T00:00:00Z,cyl_004,5.78
2026-06-19T00:00:00Z,cyl_005,5.93
2026-06-19T01:00:00Z,cyl_001,4.68
2026-06-19T01:00:00Z,cyl_002,7.02
2026-06-19T01:00:00Z,cyl_003,2.31
2026-06-19T01:00:00Z,cyl_004,5.74
2026-06-19T01:00:00Z,cyl_005,5.91
2026-06-19T02:00:00Z,cyl_001,4.63
2026-06-19T02:00:00Z,cyl_002,7.03
2026-06-19T02:00:00Z,cyl_003,2.28
2026-06-19T02:00:00Z,cyl_004,5.71
2026-06-19T02:00:00Z,cyl_005,5.86
2026-06-19T03:00:00Z,cyl_001,4.58
2026-06-19T03:00:00Z,cyl_002,7.03
2026-06-19T03:00:00Z,cyl_003,2.19
2026-06-19T03:00:00Z,cyl_004,5.73
2026-06-19T03:00:00Z,cyl_005,5.91
2026-06-19T04:00:00Z,cyl_001,4.61
2026-06-19T04:00:00Z,cyl_002,7.05
2026-06-19T04:00:00Z,cyl_003,2.26
2026-06-19T04:00:00Z,cyl_004,5.74
2026-06-19T04:00:00Z,cyl_005,5.93
2026-06-19T05:00:00Z,cyl_001,4.62
2026-06-19T05:00:00Z,cyl_002,8.59
2026-06-19T05:00:00Z,cyl_003,2.19
2026-06-19T05:00:00Z,cyl_004,5.72
2026-06-19T05:00:00Z,cyl_005,5.86
2026-06-19T06:00:00Z,cyl_001,4.58
2026-06-19T06:00:00Z,cyl_002,6.96
2026-06-19T06:00:00Z,cyl_003,2.25
2026-06-19T06:00:00Z,cyl_004,5.68
2026-06-19T06:00:00Z,cyl_005,5.88
2026-06-19T07:00:00Z,cyl_001,4.62
2026-06-19T07:00:00Z,cyl_002,7.01
2026-06-19T07:00:00Z,cyl_003,2.2
2026-06-19T07:00:00Z,cyl_004,5.74
2026-06-19T07:00:00Z,cyl_005,5.8
2026-06-19T08:00:00Z,cyl_001,4.56
2026-06-19T08:00:00Z,cyl_002,6.95
2026-06-19T08:00:00Z,cyl_003,2.21
2026-06-19T08:00:00Z,cyl_004,5.66
2026-06-19T08:00:00Z,cyl_005,5.82
2026-06-19T09:00:00Z,cyl_001,4.54
2026-06-19T09:00:00Z,cyl_002,6.92
2026-06-19T09:00:00Z,cyl_003,2.21
2026-06-19T09:00:00Z,cyl_004,5.65
2026-06-19T09:00:00Z,cyl_005,5.86
2026-06-19T10:00:00Z,cyl_001,4.53
2026-06-19T10:00:00Z,cyl_002,6.94
2026-06-19T10:00:00Z,cyl_003,2.17
2026-06-19T10:00:00Z,cyl_004,5.64
2026-06-19T10:00:00Z,cyl_005,5.74
2026-06-19T11:00:00Z,cyl_001,4.53
2026-06-19T11:00:00Z,cyl_002,7.0
2026-06-19T11:00:00Z,cyl_003,2.22
2026-06-19T11:00:00Z,cyl_004,5.63
2026-06-19T11:00:00Z,cyl_005,5.77
2026-06-19T12:00:00Z,cyl_001,4.56
2026-06-19T12:00:00Z,cyl_002,6.91
2026-06-19T12:00:00Z,cyl_003,2.17
2026-06-19T12:00:00Z,cyl_004,5.66
2026-06-19T12:00:00Z,cyl_005,5.77
2026-06-19T13:00:00Z,cyl_001,4.49
2026-06-19T13:00:00Z,cyl_002,6.88
2026-06-19T13:00:00Z,cyl_003,2.15
2026-06-19T13:00:00Z,cyl_004,5.64
2026-06-19T13:00:00Z,cyl_005,5.75
2026-06-19T14:00:00Z,cyl_001,4.49
2026-06-19T14:00:00Z,cyl_002,6.88
2026-06-19T14:00:00Z,cyl_003,2.16
2026-06-19T14:00:00Z,cyl_004,5.62
2026-06-19T14:00:00Z,cyl_005,5.73
2026-06-19T15:00:00Z,cyl_001,4.49
2026-06-19T15:00:00Z,cyl_002,6.87
2026-06-19T15:00:00Z,cyl_003,2.13
2026-06-19T15:00:00Z,cyl_004,5.6
2026-06-19T15:00:00Z,cyl_005,5.71
2026-06-19T16:00:00Z,cyl_001,4.46
2026-06-19T16:00:00Z,cyl_002,6.89
2026-06-19T16:00:00Z,cyl_003,2.16
2026-06-19T16:00:00Z,cyl_004,5.57
2026-06-19T16:00:00Z,cyl_005,5.73
2026-06-19T17:00:00Z,cyl_001,2.71
2026-06-19T17:00:00Z,cyl_002,6.81
2026-06-19T17:00:00Z,cyl_003,2.18
2026-06-19T17:00:00Z,cyl_004,5.64
2026-06-19T17:00:00Z,cyl_005,5.69
2026-06-19T18:00:00Z,cyl_001,4.48
2026-06-19T18:00:00Z,cyl_002,6.87
2026-06-19T18:00:00Z,cyl_003,2.1
2026-06-19T18:00:00Z,cyl_004,5.64
2026-06-19T18:00:00Z,cyl_005,5.7
2026-06-19T19:00:00Z,cyl_001,4.46
2026-06-19T19:00:00Z,cyl_002,6.8
2026-06-19T19:00:00Z,cyl_003,2.07
2026-06-19T19:00:00Z,cyl_004,5.64
2026-06-19T19:00:00Z,cyl_005,5.66
2026-06-19T20:00:00Z,cyl_001,4.5
2026-06-19T20:00:00Z,cyl_002,6.88
2026-06-19T20:00:00Z,cyl_003,2.12
2026-06-19T20:00:00Z,cyl_004,5.61
2026-06-19T20:00:00Z,cyl_005,5.72
2026-06-19T21:00:00Z,cyl_001,4.42
2026-06-19T21:00:00Z,cyl_002,6.79
2026-06-19T21:00:00Z,cyl_003,2.06
2026-06-19T21:00:00Z,cyl_004,5.6
2026-06-19T21:00:00Z,cyl_005,5.7
2026-06-19T22:00:00Z,cyl_001,4.45
2026-06-19T22:00:00Z,cyl_002,6.83
2026-06-19T22:00:00Z,cyl_003,2.07
2026-06-19T22:00:00Z,cyl_004,5.53
2026-06-19T22:00:00Z,cyl_005,5.58
2026-06-19T23:00:00Z,cyl_001,4.45
2026-06-19T23:00:00Z,cyl_002,6.7
2026-06-19T23:00:00Z,cyl_003,2.02
2026-06-19T23:00:00Z,cyl_004,5.51
2026-06-19T23:00:00Z,cyl_005,5.66
2026-06-20T00:00:00Z,cyl_001,4.44
2026-06-20T00:00:00Z,cyl_002,6.76
2026-06-20T00:00:00Z,cyl_003,2.02
2026-06-20T00:00:00Z,cyl_004,5.54
2026-06-20T00:00:00Z,cyl_005,5.63
2026-06-20T01:00:00Z,cyl_001,4.4
2026-06-20T01:00:00Z,cyl_002,6.77
2026-06-20T01:00:00Z,cyl_003,2.1
2026-06-20T01:00:00Z,cyl_004,5.5
2026-06-20T01:00:00Z,cyl_005,5.58
2026-06-20T02:00:00Z,cyl_001,4.38
2026-06-20T02:00:00Z,cyl_002,6.78
2026-06-20T02:00:00Z,cyl_003,2.07
2026-06-20T02:00:00Z,cyl_004,5.51
2026-06-20T02:00:00Z,cyl_005,5.6
2026-06-20T03:00:00Z,cyl_001,4.37
2026-06-20T03:00:00Z,cyl_002,6.7
2026-06-20T03:00:00Z,cyl_003,1.98
2026-06-20T03:00:00Z,cyl_004,5.5
2026-06-20T03:00:00Z,cyl_005,5.62
2026-06-20T04:00:00Z,cyl_001,4.38
2026-06-20T04:00:00Z,cyl_002,6.76
2026-06-20T04:00:00Z,cyl_003,2.04
2026-06-20T04:00:00Z,cyl_004,5.47
2026-06-20T04:00:00Z,cyl_005,5.57
2026-06-20T05:00:00Z,cyl_001,4.38
2026-06-20T05:00:00Z,cyl_002,6.72
2026-06-20T05:00:00Z,cyl_003,2.04
2026-06-20T05:00:00Z,cyl_004,5.48
2026-06-20T05:00:00Z,cyl_005,5.54
2026-06-20T06:00:00Z,cyl_001,4.35
2026-06-20T06:00:00Z,cyl_002,6.75
2026-06-20T06:00:00Z,cyl_003,2.03
2026-06-20T06:00:00Z,cyl_004,5.5
2026-06-20T06:00:00Z,cyl_005,5.54
2026-06-20T07:00:00Z,cyl_001,4.37
2026-06-20T07:00:00Z,cyl_002,6.68
2026-06-20T07:00:00Z,cyl_003,2.01
2026-06-20T07:00:00Z,cyl_004,5.46
2026-06-20T07:00:00Z,cyl_005,5.54
2026-06-20T08:00:00Z,cyl_001,4.34
2026-06-20T08:00:00Z,cyl_002,6.67
2026-06-20T08:00:00Z,cyl_003,1.93
2026-06-20T08:00:00Z,cyl_004,5.45
2026-06-20T08:00:00Z,cyl_005,5.52
2026-06-20T09:00:00Z,cyl_001,4.31
2026-06-20T09:00:00Z,cyl_002,6.63
2026-06-20T09:00:00Z,cyl_003,1.89
2026-06-20T09:00:00Z,cyl_004,5.51
2026-06-20T09:00:00Z,cyl_005,5.53
2026-06-20T10:00:00Z,cyl_001,4.3
2026-06-20T10:00:00Z,cyl_002,6.67
2026-06-20T10:00:00Z,cyl_003,1.86
2026-06-20T10:00:00Z,cyl_004,5.48
2026-06-20T10:00:00Z,cyl_005,5.48
2026-06-20T11:00:00Z,cyl_001,4.28
2026-06-20T11:00:00Z,cyl_002,6.67
2026-06-20T11:00:00Z,cyl_003,1.94
2026-06-20T11:00:00Z,cyl_004,5.37
2026-06-20T11:00:00Z,cyl_005,5.51
2026-06-20T12:00:00Z,cyl_001,4.35
2026-06-20T12:00:00Z,cyl_002,6.64
2026-06-20T12:00:00Z,cyl_003,1.95
2026-06-20T12:00:00Z,cyl_004,5.43
2026-06-20T12:00:00Z,cyl_005,5.53
2026-06-20T13:00:00Z,cyl_001,4.3
2026-06-20T13:00:00Z,cyl_002,6.59
2026-06-20T13:00:00Z,cyl_003,1.91
2026-06-20T13:00:00Z,cyl_004,5.45
2026-06-20T13:00:00Z,cyl_005,5.54
2026-06-20T14:00:00Z,cyl_001,4.25
2026-06-20T14:00:00Z,cyl_002,6.66
2026-06-20T14:00:00Z,cyl_003,1.9
2026-06-20T14:00:00Z,cyl_004,5.44
2026-06-20T14:00:00Z,cyl_005,5.48
2026-06-20T15:00:00Z,cyl_001,4.27
2026-06-20T15:00:00Z,cyl_002,6.65
2026-06-20T15:00:00Z,cyl_003,1.85
2026-06-20T15:00:00Z,cyl_004,5.38
2026-06-20T15:00:00Z,cyl_005,5.43
2026-06-20T16:00:00Z,cyl_001,4.28
2026-06-20T16:00:00Z,cyl_002,6.61
2026-06-20T16:00:00Z,cyl_003,1.92
2026-06-20T16:00:00Z,cyl_004,5.37
2026-06-20T16:00:00Z,cyl_005,5.44
2026-06-20T17:00:00Z,cyl_001,4.2
2026-06-20T17:00:00Z,cyl_002,6.62
2026-06-20T17:00:00Z,cyl_003,1.89
2026-06-20T17:00:00Z,cyl_004,5.42
2026-06-20T17:00:00Z,cyl_005,5.45
2026-06-20T18:00:00Z,cyl_001,4.26
2026-06-20T18:00:00Z,cyl_002,6.55
2026-06-20T18:00:00Z,cyl_003,1.88
2026-06-20T18:00:00Z,cyl_004,5.41
2026-06-20T18:00:00Z,cyl_005,5.41
2026-06-20T19:00:00Z,cyl_001,4.26
2026-06-20T19:00:00Z,cyl_002,6.61
2026-06-20T19:00:00Z,cyl_003,1.87
2026-06-20T19:00:00Z,cyl_004,5.39
2026-06-20T19:00:00Z,cyl_005,5.44
2026-06-20T20:00:00Z,cyl_001,4.24
2026-06-20T20:00:00Z,cyl_002,6.51
2026-06-20T20:00:00Z,cyl_003,1.92
2026-06-20T20:00:00Z,cyl_004,5.28
2026-06-20T20:00:00Z,cyl_005,3.66
2026-06-20T21:00:00Z,cyl_001,4.28
2026-06-20T21:00:00Z,cyl_002,6.54
2026-06-20T21:00:00Z,cyl_003,1.91
2026-06-20T21:00:00Z,cyl_004,5.35
2026-06-20T21:00:00Z,cyl_005,3.62
2026-06-20T22:00:00Z,cyl_001,4.18
2026-06-20T22:00:00Z,cyl_002,6.55
2026-06-20T22:00:00Z,cyl_003,1.83
2026-06-20T22:00:00Z,cyl_004,5.31
2026-06-20T22:00:00Z,cyl_005,3.59
2026-06-20T23:00:00Z,cyl_001,4.19
2026-06-20T23:00:00Z,cyl_002,6.5
2026-06-20T23:00:00Z,cyl_003,1.82
2026-06-20T23:00:00Z,cyl_004,5.27
2026-06-20T23:00:00Z,cyl_005,3.63
2026-06-21T00:00:00Z,cyl_001,4.14
2026-06-21T00:00:00Z,cyl_002,6.52
2026-06-21T00:00:00Z,cyl_003,1.84
2026-06-21T00:00:00Z,cyl_004,5.36
2026-06-21T00:00:00Z,cyl_005,3.58
2026-06-21T01:00:00Z,cyl_001,4.13
2026-06-21T01:00:00Z,cyl_002,6.55
2026-06-21T01:00:00Z,cyl_003,1.84
2026-06-21T01:00:00Z,cyl_004,5.27
2026-06-21T01:00:00Z,cyl_005,3.59
2026-06-21T02:00:00Z,cyl_001,4.21
2026-06-21T02:00:00Z,cyl_002,6.47
2026-06-21T02:00:00Z,cyl_003,1.81
2026-06-21T02:00:00Z,cyl_004,5.35
2026-06-21T02:00:00Z,cyl_005,3.56
2026-06-21T03:00:00Z,cyl_001,4.14
2026-06-21T03:00:00Z,cyl_002,6.52
2026-06-21T03:00:00Z,cyl_003,1.79
2026-06-21T03:00:00Z,cyl_004,5.28
2026-06-21T03:00:00Z,cyl_005,3.56
2026-06-21T04:00:00Z,cyl_001,4.09
2026-06-21T04:00:00Z,cyl_002,6.45
2026-06-21T04:00:00Z,cyl_003,1.82
2026-06-21T04:00:00Z,cyl_004,5.31
2026-06-21T04:00:00Z,cyl_005,3.61
2026-06-21T05:00:00Z,cyl_001,4.19
2026-06-21T05:00:00Z,cyl_002,6.44
2026-06-21T05:00:00Z,cyl_003,1.78
2026-06-21T05:00:00Z,cyl_004,5.28
2026-06-21T05:00:00Z,cyl_005,3.49
2026-06-21T06:00:00Z,cyl_001,4.05
2026-06-21T06:00:00Z,cyl_002,6.48
2026-06-21T06:00:00Z,cyl_003,1.81
2026-06-21T06:00:00Z,cyl_004,5.26
2026-06-21T06:00:00Z,cyl_005,3.49
2026-06-21T07:00:00Z,cyl_001,4.12
2026-06-21T07:00:00Z,cyl_002,6.49
2026-06-21T07:00:00Z,cyl_003,1.79
2026-06-21T07:00:00Z,cyl_004,5.22
2026-06-21T07:00:00Z,cyl_005,3.55
2026-06-21T08:00:00Z,cyl_001,4.07
2026-06-21T08:00:00Z,cyl_002,6.41
2026-06-21T08:00:00Z,cyl_003,1.71
2026-06-21T08:00:00Z,cyl_004,5.2
2026-06-21T08:00:00Z,cyl_005,3.48
2026-06-21T09:00:00Z,cyl_001,4.07
2026-06-21T09:00:00Z,cyl_002,6.46
2026-06-21T09:00:00Z,cyl_003,1.75
2026-06-21T09:00:00Z,cyl_004,5.27
2026-06-21T09:00:00Z,cyl_005,3.51
2026-06-21T10:00:00Z,cyl_001,4.08
2026-06-21T10:00:00Z,cyl_002,6.43
2026-06-21T10:00:00Z,cyl_003,1.68
2026-06-21T10:00:00Z,cyl_004,5.16
2026-06-21T10:00:00Z,cyl_005,3.49
2026-06-21T11:00:00Z,cyl_001,4.02
2026-06-21T11:00:00Z,cyl_002,6.42
2026-06-21T11:00:00Z,cyl_003,1.63
2026-06-21T11:00:00Z,cyl_004,5.14
2026-06-21T11:00:00Z,cyl_005,3.47
2026-06-21T12:00:00Z,cyl_001,4.01
2026-06-21T12:00:00Z,cyl_002,6.41
2026-06-21T12:00:00Z,cyl_003,1.78
2026-06-21T12:00:00Z,cyl_004,5.23
2026-06-21T12:00:00Z,cyl_005,3.45
2026-06-21T13:00:00Z,cyl_001,4.0
2026-06-21T13:00:00Z,cyl_002,6.42
2026-06-21T13:00:00Z,cyl_003,1.7
2026-06-21T13:00:00Z,cyl_004,5.21
2026-06-21T13:00:00Z,cyl_005,3.48
2026-06-21T14:00:00Z,cyl_001,4.03
2026-06-21T14:00:00Z,cyl_002,6.42
2026-06-21T14:00:00Z,cyl_003,1.7
2026-06-21T14:00:00Z,cyl_004,5.22
2026-06-21T14:00:00Z,cyl_005,3.45
2026-06-21T15:00:00Z,cyl_001,3.97
2026-06-21T15:00:00Z,cyl_002,6.41
2026-06-21T15:00:00Z,cyl_003,1.71
2026-06-21T15:00:00Z,cyl_004,5.17
2026-06-21T15:00:00Z,cyl_005,3.4
2026-06-21T16:00:00Z,cyl_001,4.02
2026-06-21T16:00:00Z,cyl_002,6.35
2026-06-21T16:00:00Z,cyl_003,1.69
2026-06-21T16:00:00Z,cyl_004,5.21
2026-06-21T16:00:00Z,cyl_005,3.44
2026-06-21T17:00:00Z,cyl_001,4.04
2026-06-21T17:00:00Z,cyl_002,6.29
2026-06-21T17:00:00Z,cyl_003,1.65
2026-06-21T17:00:00Z,cyl_004,5.13
2026-06-21T17:00:00Z,cyl_005,3.41
2026-06-21T18:00:00Z,cyl_001,3.98
2026-06-21T18:00:00Z,cyl_002,6.39
2026-06-21T18:00:00Z,cyl_003,1.64
2026-06-21T18:00:00Z,cyl_004,5.13
2026-06-21T18:00:00Z,cyl_005,3.37
2026-06-21T19:00:00Z,cyl_001,3.96
2026-06-21T19:00:00Z,cyl_002,6.33
2026-06-21T19:00:00Z,cyl_003,1.62
2026-06-21T19:00:00Z,cyl_004,5.18
2026-06-21T19:00:00Z,cyl_005,3.38
2026-06-21T20:00:00Z,cyl_001,4.04
2026-06-21T20:00:00Z,cyl_002,6.3
2026-06-21T20:00:00Z,cyl_003,1.58
2026-06-21T20:00:00Z,cyl_004,5.2
2026-06-21T20:00:00Z,cyl_005,3.36
2026-06-21T21:00:00Z,cyl_001,3.99
2026-06-21T21:00:00Z,cyl_002,6.3
2026-06-21T21:00:00Z,cyl_003,1.62
2026-06-21T21:00:00Z,cyl_004,5.15
2026-06-21T21:00:00Z,cyl_005,3.36
2026-06-21T22:00:00Z,cyl_001,3.99
2026-06-21T22:00:00Z,cyl_002,6.41
2026-06-21T22:00:00Z,cyl_003,1.63
2026-06-21T22:00:00Z,cyl_004,5.11
2026-06-21T22:00:00Z,cyl_005,3.34
2026-06-21T23:00:00Z,cyl_001,3.94
2026-06-21T23:00:00Z,cyl_002,6.26
2026-06-21T23:00:00Z,cyl_003,1.55
2026-06-21T23:00:00Z,cyl_004,5.15
2026-06-21T23:00:00Z,cyl_005,3.38
2026-06-22T00:00:00Z,cyl_001,3.94
2026-06-22T00:00:00Z,cyl_002,6.26
2026-06-22T00:00:00Z,cyl_003,1.6
2026-06-22T00:00:00Z,cyl_004,5.08
2026-06-22T00:00:00Z,cyl_005,3.31
2026-06-22T01:00:00Z,cyl_001,3.97
2026-06-22T01:00:00Z,cyl_002,6.29
2026-06-22T01:00:00Z,cyl_003,1.6
2026-06-22T01:00:00Z,cyl_004,5.07
2026-06-22T01:00:00Z,cyl_005,3.33
2026-06-22T02:00:00Z,cyl_001,3.94
2026-06-22T02:00:00Z,cyl_002,6.19
2026-06-22T02:00:00Z,cyl_003,1.52
2026-06-22T02:00:00Z,cyl_004,5.08
2026-06-22T02:00:00Z,cyl_005,3.32
2026-06-22T03:00:00Z,cyl_001,3.95
2026-06-22T03:00:00Z,cyl_002,6.28
2026-06-22T03:00:00Z,cyl_003,1.57
2026-06-22T03:00:00Z,cyl_004,5.07
2026-06-22T03:00:00Z,cyl_005,3.27
2026-06-22T04:00:00Z,cyl_001,3.87
2026-06-22T04:00:00Z,cyl_002,6.22
2026-06-22T04:00:00Z,cyl_003,1.55
2026-06-22T04:00:00Z,cyl_004,5.08
2026-06-22T04:00:00Z,cyl_005,3.26
2026-06-22T05:00:00Z,cyl_001,3.87
2026-06-22T05:00:00Z,cyl_002,6.24
2026-06-22T05:00:00Z,cyl_003,1.58
2026-06-22T05:00:00Z,cyl_004,5.05
2026-06-22T05:00:00Z,cyl_005,3.28
2026-06-22T06:00:00Z,cyl_001,3.86
2026-06-22T06:00:00Z,cyl_002,6.27
2026-06-22T06:00:00Z,cyl_003,1.53
2026-06-22T06:00:00Z,cyl_004,5.06
2026-06-22T06:00:00Z,cyl_005,3.25
2026-06-22T07:00:00Z,cyl_001,3.84
2026-06-22T07:00:00Z,cyl_002,6.23
2026-06-22T07:00:00Z,cyl_003,1.5
2026-06-22T07:00:00Z,cyl_004,4.98
2026-06-22T07:00:00Z,cyl_005,3.25
2026-06-22T08:00:00Z,cyl_001,3.8
2026-06-22T08:00:00Z,cyl_002,6.18
2026-06-22T08:00:00Z,cyl_003,1.5
2026-06-22T08:00:00Z,cyl_004,5.02
2026-06-22T08:00:00Z,cyl_005,3.22
2026-06-22T09:00:00Z,cyl_001,3.78
2026-06-22T09:00:00Z,cyl_002,6.19
2026-06-22T09:00:00Z,cyl_003,1.52
2026-06-22T09:00:00Z,cyl_004,5.0
2026-06-22T09:00:00Z,cyl_005,3.22
2026-06-22T10:00:00Z,cyl_001,3.84
2026-06-22T10:00:00Z,cyl_002,6.17
2026-06-22T10:00:00Z,cyl_003,1.47
2026-06-22T10:00:00Z,cyl_004,5.04
2026-06-22T10:00:00Z,cyl_005,3.19
2026-06-22T11:00:00Z,cyl_001,3.82
2026-06-22T11:00:00Z,cyl_002,6.23
2026-06-22T11:00:00Z,cyl_003,1.49
2026-06-22T11:00:00Z,cyl_004,5.0
2026-06-22T11:00:00Z,cyl_005,3.21
2026-06-22T12:00:00Z,cyl_001,3.8
2026-06-22T12:00:00Z,cyl_002,6.2
2026-06-22T12:00:00Z,cyl_003,1.5
2026-06-22T12:00:00Z,cyl_004,5.0
2026-06-22T12:00:00Z,cyl_005,3.23
2026-06-22T13:00:00Z,cyl_001,3.8
2026-06-22T13:00:00Z,cyl_002,6.19
2026-06-22T13:00:00Z,cyl_003,1.41
2026-06-22T13:00:00Z,cyl_004,4.94
2026-06-22T13:00:00Z,cyl_005,3.13
2026-06-22T14:00:00Z,cyl_001,3.79
2026-06-22T14:00:00Z,cyl_002,6.17
2026-06-22T14:00:00Z,cyl_003,1.41
2026-06-22T14:00:00Z,cyl_004,4.92
2026-06-22T14:00:00Z,cyl_005,3.12
2026-06-22T15:00:00Z,cyl_001,3.78
2026-06-22T15:00:00Z,cyl_002,6.12
2026-06-22T15:00:00Z,cyl_003,1.37
2026-06-22T15:00:00Z,cyl_004,5.0
2026-06-22T15:00:00Z,cyl_005,3.1
2026-06-22T16:00:00Z,cyl_001,3.8
2026-06-22T16:00:00Z,cyl_002,6.11
2026-06-22T16:00:00Z,cyl_003,1.4
2026-06-22T16:00:00Z,cyl_004,4.91
2026-06-22T16:00:00Z,cyl_005,3.08
2026-06-22T17:00:00Z,cyl_001,3.8
2026-06-22T17:00:00Z,cyl_002,6.08
2026-06-22T17:00:00Z,cyl_003,1.48
2026-06-22T17:00:00Z,cyl_004,4.89
2026-06-22T17:00:00Z,cyl_005,3.11
2026-06-22T18:00:00Z,cyl_001,3.75
2026-06-22T18:00:00Z,cyl_002,6.12
2026-06-22T18:00:00Z,cyl_003,1.38
2026-06-22T18:00:00Z,cyl_004,4.92
2026-06-22T18:00:00Z,cyl_005,3.1
2026-06-22T19:00:00Z,cyl_001,3.73
2026-06-22T19:00:00Z,cyl_002,6.07
2026-06-22T19:00:00Z,cyl_003,1.38
2026-06-22T19:00:00Z,cyl_004,4.96
2026-06-22T19:00:00Z,cyl_005,3.09
2026-06-22T20:00:00Z,cyl_001,3.7
2026-06-22T20:00:00Z,cyl_002,6.08
2026-06-22T20:00:00Z,cyl_003,1.38
2026-06-22T20:00:00Z,cyl_004,4.88
2026-06-22T20:00:00Z,cyl_005,3.04
2026-06-22T21:00:00Z,cyl_001,3.72
2026-06-22T21:00:00Z,cyl_002,6.04
2026-06-22T21:00:00Z,cyl_003,1.38
2026-06-22T21:00:00Z,cyl_004,4.91
2026-06-22T21:00:00Z,cyl_005,3.08
2026-06-22T22:00:00Z,cyl_001,3.74
2026-06-22T22:00:00Z,cyl_002,6.09
2026-06-22T22:00:00Z,cyl_003,1.35
2026-06-22T22:00:00Z,cyl_004,4.96
2026-06-22T22:00:00Z,cyl_005,3.06
2026-06-22T23:00:00Z,cyl_001,3.73
2026-06-22T23:00:00Z,cyl_002,5.98
2026-06-22T23:00:00Z,cyl_003,1.34
2026-06-22T23:00:00Z,cyl_004,4.86
2026-06-22T23:00:00Z,cyl_005,3.03
2026-06-23T00:00:00Z,cyl_001,3.68
2026-06-23T00:00:00Z,cyl_002,6.0
2026-06-23T00:00:00Z,cyl_003,1.35
2026-06-23T00:00:00Z,cyl_004,4.9
2026-06-23T00:00:00Z,cyl_005,2.98
2026-06-23T01:00:00Z,cyl_001,3.71
2026-06-23T01:00:00Z,cyl_002,6.0
2026-06-23T01:00:00Z,cyl_003,1.3
2026-06-23T01:00:00Z,cyl_004,4.86
2026-06-23T01:00:00Z,cyl_005,2.99
2026-06-23T02:00:00Z,cyl_001,3.62
2026-06-23T02:00:00Z,cyl_002,6.02
2026-06-23T02:00:00Z,cyl_003,1.36
2026-06-23T02:00:00Z,cyl_004,4.85
2026-06-23T02:00:00Z,cyl_005,3.03
2026-06-23T03:00:00Z,cyl_001,3.62
2026-06-23T03:00:00Z,cyl_002,6.01
2026-06-23T03:00:00Z,cyl_003,1.27
2026-06-23T03:00:00Z,cyl_004,4.89
2026-06-23T03:00:00Z,cyl_005,3.02
2026-06-23T04:00:00Z,cyl_001,3.64
2026-06-23T04:00:00Z,cyl_002,6.02
2026-06-23T04:00:00Z,cyl_003,1.32
2026-06-23T04:00:00Z,cyl_004,4.82
2026-06-23T04:00:00Z,cyl_005,3.07
2026-06-23T05:00:00Z,cyl_001,3.67
2026-06-23T05:00:00Z,cyl_002,5.95
2026-06-23T05:00:00Z,cyl_003,1.27
2026-06-23T05:00:00Z,cyl_004,4.85
2026-06-23T05:00:00Z,cyl_005,3.02
2026-06-23T06:00:00Z,cyl_001,2.85
2026-06-23T06:00:00Z,cyl_002,5.97
2026-06-23T06:00:00Z,cyl_003,1.25
2026-06-23T06:00:00Z,cyl_004,4.8
2026-06-23T06:00:00Z,cyl_005,2.97
2026-06-23T07:00:00Z,cyl_001,2.14
2026-06-23T07:00:00Z,cyl_002,5.91
2026-06-23T07:00:00Z,cyl_003,1.25
2026-06-23T07:00:00Z,cyl_004,4.81
2026-06-23T07:00:00Z,cyl_005,2.96
2026-06-23T08:00:00Z,cyl_001,1.32
2026-06-23T08:00:00Z,cyl_002,5.94
2026-06-23T08:00:00Z,cyl_003,1.25
2026-06-23T08:00:00Z,cyl_004,4.79
2026-06-23T08:00:00Z,cyl_005,3.0
2026-06-23T09:00:00Z,cyl_001,1.28
2026-06-23T09:00:00Z,cyl_002,5.92
2026-06-23T09:00:00Z,cyl_003,1.25
2026-06-23T09:00:00Z,cyl_004,4.75
2026-06-23T09:00:00Z,cyl_005,2.93
2026-06-23T10:00:00Z,cyl_001,1.2
2026-06-23T10:00:00Z,cyl_002,5.89
2026-06-23T10:00:00Z,cyl_003,1.24
2026-06-23T10:00:00Z,cyl_004,4.76
2026-06-23T10:00:00Z,cyl_005,2.95
2026-06-23T11:00:00Z,cyl_001,1.25
2026-06-23T11:00:00Z,cyl_002,5.88
2026-06-23T11:00:00Z,cyl_003,1.2
2026-06-23T11:00:00Z,cyl_004,4.79
2026-06-23T11:00:00Z,cyl_005,2.95
2026-06-23T12:00:00Z,cyl_001,1.22
2026-06-23T12:00:00Z,cyl_002,5.96
2026-06-23T12:00:00Z,cyl_003,1.25
2026-06-23T12:00:00Z,cyl_004,4.84
2026-06-23T12:00:00Z,cyl_005,2.9
2026-06-23T13:00:00Z,cyl_001,1.28
2026-06-23T13:00:00Z,cyl_002,5.91
2026-06-23T13:00:00Z,cyl_003,1.16
2026-06-23T13:00:00Z,cyl_004,4.76
2026-06-23T13:00:00Z,cyl_005,2.89
2026-06-23T14:00:00Z,cyl_001,1.23
2026-06-23T14:00:00Z,cyl_002,5.91
2026-06-23T14:00:00Z,cyl_003,1.17
2026-06-23T14:00:00Z,cyl_004,4.7
2026-06-23T14:00:00Z,cyl_005,2.92
2026-06-23T15:00:00Z,cyl_001,1.18
2026-06-23T15:00:00Z,cyl_002,5.86
2026-06-23T15:00:00Z,cyl_003,1.14
2026-06-23T15:00:00Z,cyl_004,4.72
2026-06-23T15:00:00Z,cyl_005,2.83
2026-06-23T16:00:00Z,cyl_001,1.18
2026-06-23T16:00:00Z,cyl_002,5.85
2026-06-23T16:00:00Z,cyl_003,1.16
2026-06-23T16:00:00Z,cyl_004,4.68
2026-06-23T16:00:00Z,cyl_005,2.87
2026-06-23T17:00:00Z,cyl_001,1.22
2026-06-23T17:00:00Z,cyl_002,5.87
2026-06-23T17:00:00Z,cyl_003,1.16
2026-06-23T17:00:00Z,cyl_004,4.74
2026-06-23T17:00:00Z,cyl_005,2.84
2026-06-23T18:00:00Z,cyl_001,1.14
2026-06-23T18:00:00Z,cyl_002,5.87
2026-06-23T18:00:00Z,cyl_003,1.12
2026-06-23T18:00:00Z,cyl_004,4.68
2026-06-23T18:00:00Z,cyl_005,2.87
2026-06-23T19:00:00Z,cyl_001,1.18
2026-06-23T19:00:00Z,cyl_002,5.88
2026-06-23T19:00:00Z,cyl_003,1.14
2026-06-23T19:00:00Z,cyl_004,4.66
2026-06-23T19:00:00Z,cyl_005,2.82
2026-06-23T20:00:00Z,cyl_001,1.18
2026-06-23T20:00:00Z,cyl_002,5.83
2026-06-23T20:00:00Z,cyl_003,1.13
2026-06-23T20:00:00Z,cyl_004,4.69
2026-06-23T20:00:00Z,cyl_005,2.81
2026-06-23T21:00:00Z,cyl_001,1.15
2026-06-23T21:00:00Z,cyl_002,5.86
2026-06-23T21:00:00Z,cyl_003,1.12
2026-06-23T21:00:00Z,cyl_004,4.65
2026-06-23T21:00:00Z,cyl_005,2.8
2026-06-23T22:00:00Z,cyl_001,1.16
2026-06-23T22:00:00Z,cyl_002,5.82
2026-06-23T22:00:00Z,cyl_003,1.14
2026-06-23T22:00:00Z,cyl_004,4.69
2026-06-23T22:00:00Z,cyl_005,2.78
2026-06-23T23:00:00Z,cyl_001,1.14
2026-06-23T23:00:00Z,cyl_002,5.79
2026-06-23T23:00:00Z,cyl_003,1.11
2026-06-23T23:00:00Z,cyl_004,4.65
2026-06-23T23:00:00Z,cyl_005,2.77
2026-06-24T00:00:00Z,cyl_001,1.1
2026-06-24T00:00:00Z,cyl_002,5.8
2026-06-24T00:00:00Z,cyl_003,1.14
2026-06-24T00:00:00Z,cyl_004,4.62
2026-06-24T00:00:00Z,cyl_005,2.75
2026-06-24T01:00:00Z,cyl_001,1.12
2026-06-24T01:00:00Z,cyl_002,5.82
2026-06-24T01:00:00Z,cyl_003,1.06
2026-06-24T01:00:00Z,cyl_004,4.63
2026-06-24T01:00:00Z,cyl_005,2.73
2026-06-24T02:00:00Z,cyl_001,1.13
2026-06-24T02:00:00Z,cyl_002,5.78
2026-06-24T02:00:00Z,cyl_003,1.04
2026-06-24T02:00:00Z,cyl_004,4.68
2026-06-24T02:00:00Z,cyl_005,2.77
2026-06-24T03:00:00Z,cyl_001,1.09
2026-06-24T03:00:00Z,cyl_002,5.81
2026-06-24T03:00:00Z,cyl_003,1.05
2026-06-24T03:00:00Z,cyl_004,4.59
2026-06-24T03:00:00Z,cyl_005,2.76
2026-06-24T04:00:00Z,cyl_001,1.06
2026-06-24T04:00:00Z,cyl_002,5.86
2026-06-24T04:00:00Z,cyl_003,1.0
2026-06-24T04:00:00Z,cyl_004,4.58
2026-06-24T04:00:00Z,cyl_005,2.69
2026-06-24T05:00:00Z,cyl_001,1.01
2026-06-24T05:00:00Z,cyl_002,5.79
2026-06-24T05:00:00Z,cyl_003,1.04
2026-06-24T05:00:00Z,cyl_004,4.57
2026-06-24T05:00:00Z,cyl_005,2.72
2026-06-24T06:00:00Z,cyl_001,1.01
2026-06-24T06:00:00Z,cyl_002,5.83
2026-06-24T06:00:00Z,cyl_003,1.03
2026-06-24T06:00:00Z,cyl_004,4.62
2026-06-24T06:00:00Z,cyl_005,2.7
2026-06-24T07:00:00Z,cyl_001,1.03
2026-06-24T07:00:00Z,cyl_002,5.74
2026-06-24T07:00:00Z,cyl_003,1.03
2026-06-24T07:00:00Z,cyl_004,4.57
2026-06-24T07:00:00Z,cyl_005,2.71
2026-06-24T08:00:00Z,cyl_001,1.04
2026-06-24T08:00:00Z,cyl_002,5.73
2026-06-24T08:00:00Z,cyl_003,1.05
2026-06-24T08:00:00Z,cyl_004,4.62
2026-06-24T08:00:00Z,cyl_005,2.66
2026-06-24T09:00:00Z,cyl_001,1.07
2026-06-24T09:00:00Z,cyl_002,5.79
2026-06-24T09:00:00Z,cyl_003,1.06
2026-06-24T09:00:00Z,cyl_004,4.53
2026-06-24T09:00:00Z,cyl_005,2.62
2026-06-24T10:00:00Z,cyl_001,1.0
2026-06-24T10:00:00Z,cyl_002,5.73
2026-06-24T10:00:00Z,cyl_003,0.99
2026-06-24T10:00:00Z,cyl_004,4.56
2026-06-24T10:00:00Z,cyl_005,2.64
2026-06-24T11:00:00Z,cyl_001,1.05
2026-06-24T11:00:00Z,cyl_002,5.74
2026-06-24T11:00:00Z,cyl_003,0.99
2026-06-24T11:00:00Z,cyl_004,4.56
2026-06-24T11:00:00Z,cyl_005,2.64
2026-06-24T12:00:00Z,cyl_001,0.96
2026-06-24T12:00:00Z,cyl_002,5.71
2026-06-24T12:00:00Z,cyl_003,1.04
2026-06-24T12:00:00Z,cyl_004,4.56
2026-06-24T12:00:00Z,cyl_005,2.61
2026-06-24T13:00:00Z,cyl_001,1.0
2026-06-24T13:00:00Z,cyl_002,5.71
2026-06-24T13:00:00Z,cyl_003,0.95
2026-06-24T13:00:00Z,cyl_004,4.55
2026-06-24T13:00:00Z,cyl_005,2.66
2026-06-24T14:00:00Z,cyl_001,0.89
2026-06-24T14:00:00Z,cyl_002,5.7
2026-06-24T14:00:00Z,cyl_003,0.93
2026-06-24T14:00:00Z,cyl_004,4.51
2026-06-24T14:00:00Z,cyl_005,2.6
2026-06-24T15:00:00Z,cyl_001,0.99
2026-06-24T15:00:00Z,cyl_002,5.66
2026-06-24T15:00:00Z,cyl_003,0.91
2026-06-24T15:00:00Z,cyl_004,4.5
2026-06-24T15:00:00Z,cyl_005,2.6
2026-06-24T16:00:00Z,cyl_001,0.96
2026-06-24T16:00:00Z,cyl_002,5.69
2026-06-24T16:00:00Z,cyl_003,0.91
2026-06-24T16:00:00Z,cyl_004,4.46
2026-06-24T16:00:00Z,cyl_005,2.64
2026-06-24T17:00:00Z,cyl_001,0.95
2026-06-24T17:00:00Z,cyl_002,5.64
2026-06-24T17:00:00Z,cyl_003,0.9
2026-06-24T17:00:00Z,cyl_004,4.48
2026-06-24T17:00:00Z,cyl_005,2.53
2026-06-24T18:00:00Z,cyl_001,0.93
2026-06-24T18:00:00Z,cyl_002,5.65
2026-06-24T18:00:00Z,cyl_003,0.9
2026-06-24T18:00:00Z,cyl_004,4.43
2026-06-24T18:00:00Z,cyl_005,2.51
2026-06-24T19:00:00Z,cyl_001,0.95
2026-06-24T19:00:00Z,cyl_002,5.68
2026-06-24T19:00:00Z,cyl_003,0.91
2026-06-24T19:00:00Z,cyl_004,4.53
2026-06-24T19:00:00Z,cyl_005,2.54
2026-06-24T20:00:00Z,cyl_001,0.9
2026-06-24T20:00:00Z,cyl_002,5.64
2026-06-24T20:00:00Z,cyl_003,0.94
2026-06-24T20:00:00Z,cyl_004,4.48
2026-06-24T20:00:00Z,cyl_005,2.51
2026-06-24T21:00:00Z,cyl_001,0.9
2026-06-24T21:00:00Z,cyl_002,5.61
2026-06-24T21:00:00Z,cyl_003,0.9
2026-06-24T21:00:00Z,cyl_004,4.42
2026-06-24T21:00:00Z,cyl_005,2.54
2026-06-24T22:00:00Z,cyl_001,0.92
2026-06-24T22:00:00Z,cyl_002,5.64
2026-06-24T22:00:00Z,cyl_003,0.91
2026-06-24T22:00:00Z,cyl_004,4.45
2026-06-24T22:00:00Z,cyl_005,2.51
2026-06-24T23:00:00Z,cyl_001,0.91
2026-06-24T23:00:00Z,cyl_002,5.63
2026-06-24T23:00:00Z,cyl_003,0.84
2026-06-24T23:00:00Z,cyl_004,4.39
2026-06-24T23:00:00Z,cyl_005,2.49
2026-06-25T00:00:00Z,cyl_001,0.88
2026-06-25T00:00:00Z,cyl_002,5.58
2026-06-25T00:00:00Z,cyl_003,0.83
2026-06-25T00:00:00Z,cyl_004,4.49
2026-06-25T00:00:00Z,cyl_005,2.47
2026-06-25T01:00:00Z,cyl_001,0.86
2026-06-25T01:00:00Z,cyl_002,5.59
2026-06-25T01:00:00Z,cyl_003,0.83
2026-06-25T01:00:00Z,cyl_004,4.39
2026-06-25T01:00:00Z,cyl_005,2.47
2026-06-25T02:00:00Z,cyl_001,0.88
2026-06-25T02:00:00Z,cyl_002,5.55
2026-06-25T02:00:00Z,cyl_003,0.8
2026-06-25T02:00:00Z,cyl_004,4.37
2026-06-25T02:00:00Z,cyl_005,2.44
2026-06-25T03:00:00Z,cyl_001,0.83
2026-06-25T03:00:00Z,cyl_002,5.57
2026-06-25T03:00:00Z,cyl_003,0.86
2026-06-25T03:00:00Z,cyl_004,4.4
2026-06-25T03:00:00Z,cyl_005,2.44
2026-06-25T04:00:00Z,cyl_001,0.79
2026-06-25T04:00:00Z,cyl_002,5.57
2026-06-25T04:00:00Z,cyl_003,0.83
2026-06-25T04:00:00Z,cyl_004,4.35
2026-06-25T04:00:00Z,cyl_005,2.36
2026-06-25T05:00:00Z,cyl_001,0.77
2026-06-25T05:00:00Z,cyl_002,5.63
2026-06-25T05:00:00Z,cyl_003,0.82
2026-06-25T05:00:00Z,cyl_004,4.37
2026-06-25T05:00:00Z,cyl_005,0.2
2026-06-25T06:00:00Z,cyl_001,0.86
2026-06-25T06:00:00Z,cyl_002,5.56
2026-06-25T06:00:00Z,cyl_003,0.86
2026-06-25T06:00:00Z,cyl_004,4.37
2026-06-25T06:00:00Z,cyl_005,2.47
2026-06-25T07:00:00Z,cyl_001,0.88
2026-06-25T07:00:00Z,cyl_002,5.51
2026-06-25T07:00:00Z,cyl_003,0.79
2026-06-25T07:00:00Z,cyl_004,4.35
2026-06-25T07:00:00Z,cyl_005,2.41
2026-06-25T08:00:00Z,cyl_001,0.79
2026-06-25T08:00:00Z,cyl_002,5.51
2026-06-25T08:00:00Z,cyl_003,0.79
2026-06-25T08:00:00Z,cyl_004,4.35
2026-06-25T08:00:00Z,cyl_005,2.35
2026-06-25T09:00:00Z,cyl_001,0.8
2026-06-25T09:00:00Z,cyl_002,5.52
2026-06-25T09:00:00Z,cyl_003,0.76
2026-06-25T09:00:00Z,cyl_004,4.32
2026-06-25T09:00:00Z,cyl_005,0.13
2026-06-25T10:00:00Z,cyl_001,0.77
2026-06-25T10:00:00Z,cyl_002,5.46
2026-06-25T10:00:00Z,cyl_003,0.74
2026-06-25T10:00:00Z,cyl_004,4.44
2026-06-25T10:00:00Z,cyl_005,2.34
2026-06-25T11:00:00Z,cyl_001,0.73
2026-06-25T11:00:00Z,cyl_002,5.53
2026-06-25T11:00:00Z,cyl_003,0.73
2026-06-25T11:00:00Z,cyl_004,4.29
2026-06-25T11:00:00Z,cyl_005,2.37
2026-06-25T12:00:00Z,cyl_001,0.74
2026-06-25T12:00:00Z,cyl_002,5.49
2026-06-25T12:00:00Z,cyl_003,0.78
2026-06-25T12:00:00Z,cyl_004,4.34
2026-06-25T12:00:00Z,cyl_005,2.34
2026-06-25T13:00:00Z,cyl_001,0.71
2026-06-25T13:00:00Z,cyl_002,5.5
2026-06-25T13:00:00Z,cyl_003,0.77
2026-06-25T13:00:00Z,cyl_004,4.29
2026-06-25T13:00:00Z,cyl_005,2.33
2026-06-25T14:00:00Z,cyl_001,0.72
2026-06-25T14:00:00Z,cyl_002,5.48
2026-06-25T14:00:00Z,cyl_003,0.72
2026-06-25T14:00:00Z,cyl_004,4.3
2026-06-25T14:00:00Z,cyl_005,2.26
2026-06-25T15:00:00Z,cyl_001,0.71
2026-06-25T15:00:00Z,cyl_002,5.49
2026-06-25T15:00:00Z,cyl_003,0.63
2026-06-25T15:00:00Z,cyl_004,4.3
2026-06-25T15:00:00Z,cyl_005,2.33
2026-06-25T16:00:00Z,cyl_001,0.7
2026-06-25T16:00:00Z,cyl_002,5.43
2026-06-25T16:00:00Z,cyl_003,0.71
2026-06-25T16:00:00Z,cyl_004,4.32
2026-06-25T16:00:00Z,cyl_005,2.3
2026-06-25T17:00:00Z,cyl_001,0.73
2026-06-25T17:00:00Z,cyl_002,5.4
2026-06-25T17:00:00Z,cyl_003,0.72
2026-06-25T17:00:00Z,cyl_004,4.27
2026-06-25T17:00:00Z,cyl_005,2.26
2026-06-25T18:00:00Z,cyl_001,0.66
2026-06-25T18:00:00Z,cyl_002,5.43
2026-06-25T18:00:00Z,cyl_003,0.75
2026-06-25T18:00:00Z,cyl_004,4.29
2026-06-25T18:00:00Z,cyl_005,2.27
2026-06-25T19:00:00Z,cyl_001,0.7
2026-06-25T19:00:00Z,cyl_002,5.35
2026-06-25T19:00:00Z,cyl_003,14.23
2026-06-25T19:00:00Z,cyl_004,4.24
2026-06-25T19:00:00Z,cyl_005,2.24
2026-06-25T20:00:00Z,cyl_001,0.72
2026-06-25T20:00:00Z,cyl_002,5.43
2026-06-25T20:00:00Z,cyl_003,14.18
2026-06-25T20:00:00Z,cyl_004,4.2
2026-06-25T20:00:00Z,cyl_005,2.26
2026-06-25T21:00:00Z,cyl_001,0.62
2026-06-25T21:00:00Z,cyl_002,5.38
2026-06-25T21:00:00Z,cyl_003,14.17
2026-06-25T21:00:00Z,cyl_004,4.23
2026-06-25T21:00:00Z,cyl_005,2.22
2026-06-25T22:00:00Z,cyl_001,0.64
2026-06-25T22:00:00Z,cyl_002,5.38
2026-06-25T22:00:00Z,cyl_003,14.17
2026-06-25T22:00:00Z,cyl_004,4.25
2026-06-25T22:00:00Z,cyl_005,2.23
2026-06-25T23:00:00Z,cyl_001,0.58
2026-06-25T23:00:00Z,cyl_002,5.41
2026-06-25T23:00:00Z,cyl_003,16.07
2026-06-25T23:00:00Z,cyl_004,4.22
2026-06-25T23:00:00Z,cyl_005,2.23
2026-06-26T00:00:00Z,cyl_001,0.61
2026-06-26T00:00:00Z,cyl_002,5.32
2026-06-26T00:00:00Z,cyl_003,14.18
2026-06-26T00:00:00Z,cyl_004,4.21
2026-06-26T00:00:00Z,cyl_005,2.15
2026-06-26T01:00:00Z,cyl_001,0.57
2026-06-26T01:00:00Z,cyl_002,5.38
2026-06-26T01:00:00Z,cyl_003,14.13
2026-06-26T01:00:00Z,cyl_004,4.18
2026-06-26T01:00:00Z,cyl_005,2.22
2026-06-26T02:00:00Z,cyl_001,0.58
2026-06-26T02:00:00Z,cyl_002,5.35
2026-06-26T02:00:00Z,cyl_003,14.12
2026-06-26T02:00:00Z,cyl_004,4.19
2026-06-26T02:00:00Z,cyl_005,2.19
2026-06-26T03:00:00Z,cyl_001,0.59
2026-06-26T03:00:00Z,cyl_002,5.31
2026-06-26T03:00:00Z,cyl_003,14.12
2026-06-26T03:00:00Z,cyl_004,4.15
2026-06-26T03:00:00Z,cyl_005,2.14
2026-06-26T04:00:00Z,cyl_001,0.61
2026-06-26T04:00:00Z,cyl_002,5.31
2026-06-26T04:00:00Z,cyl_003,14.09
2026-06-26T04:00:00Z,cyl_004,4.17
2026-06-26T04:00:00Z,cyl_005,2.19
2026-06-26T05:00:00Z,cyl_001,0.59
2026-06-26T05:00:00Z,cyl_002,5.32
2026-06-26T05:00:00Z,cyl_003,14.12
2026-06-26T05:00:00Z,cyl_004,4.17
2026-06-26T05:00:00Z,cyl_005,2.17
2026-06-26T06:00:00Z,cyl_001,0.56
2026-06-26T06:00:00Z,cyl_002,5.32
2026-06-26T06:00:00Z,cyl_003,14.14
2026-06-26T06:00:00Z,cyl_004,4.13
2026-06-26T06:00:00Z,cyl_005,2.15
2026-06-26T07:00:00Z,cyl_001,0.54
2026-06-26T07:00:00Z,cyl_002,5.29
2026-06-26T07:00:00Z,cyl_003,14.12
2026-06-26T07:00:00Z,cyl_004,4.14
2026-06-26T07:00:00Z,cyl_005,2.14
2026-06-26T08:00:00Z,cyl_001,0.53
2026-06-26T08:00:00Z,cyl_002,5.34
2026-06-26T08:00:00Z,cyl_003,14.09
2026-06-26T08:00:00Z,cyl_004,4.08
2026-06-26T08:00:00Z,cyl_005,2.14
2026-06-26T09:00:00Z,cyl_001,0.53
2026-06-26T09:00:00Z,cyl_002,5.27
2026-06-26T09:00:00Z,cyl_003,14.04
2026-06-26T09:00:00Z,cyl_004,4.12
2026-06-26T09:00:00Z,cyl_005,2.15
2026-06-26T10:00:00Z,cyl_001,0.51
2026-06-26T10:00:00Z,cyl_002,5.26
2026-06-26T10:00:00Z,cyl_003,14.1
2026-06-26T10:00:00Z,cyl_004,4.07
2026-06-26T10:00:00Z,cyl_005,2.05
2026-06-26T11:00:00Z,cyl_001,0.52
2026-06-26T11:00:00Z,cyl_002,5.25
2026-06-26T11:00:00Z,cyl_003,14.02
2026-06-26T11:00:00Z,cyl_004,4.11
2026-06-26T11:00:00Z,cyl_005,2.05
2026-06-26T12:00:00Z,cyl_001,0.45
2026-06-26T12:00:00Z,cyl_002,5.3
2026-06-26T12:00:00Z,cyl_003,14.02
2026-06-26T12:00:00Z,cyl_004,4.09
2026-06-26T12:00:00Z,cyl_005,2.09
2026-06-26T13:00:00Z,cyl_001,0.47
2026-06-26T13:00:00Z,cyl_002,5.25
2026-06-26T13:00:00Z,cyl_003,14.06
2026-06-26T13:00:00Z,cyl_004,4.07
2026-06-26T13:00:00Z,cyl_005,2.07
2026-06-26T14:00:00Z,cyl_001,0.54
2026-06-26T14:00:00Z,cyl_002,5.23
2026-06-26T14:00:00Z,cyl_003,13.99
2026-06-26T14:00:00Z,cyl_004,4.01
2026-06-26T14:00:00Z,cyl_005,2.1
2026-06-26T15:00:00Z,cyl_001,0.48
2026-06-26T15:00:00Z,cyl_002,5.22
2026-06-26T15:00:00Z,cyl_003,14.05
2026-06-26T15:00:00Z,cyl_004,4.07
2026-06-26T15:00:00Z,cyl_005,1.97
2026-06-26T16:00:00Z,cyl_001,0.46
2026-06-26T16:00:00Z,cyl_002,5.16
2026-06-26T16:00:00Z,cyl_003,13.94
2026-06-26T16:00:00Z,cyl_004,4.05
2026-06-26T16:00:00Z,cyl_005,2.02
2026-06-26T17:00:00Z,cyl_001,0.47
2026-06-26T17:00:00Z,cyl_002,5.17
2026-06-26T17:00:00Z,cyl_003,14.01
2026-06-26T17:00:00Z,cyl_004,4.01
2026-06-26T17:00:00Z,cyl_005,2.0
2026-06-26T18:00:00Z,cyl_001,0.42
2026-06-26T18:00:00Z,cyl_002,5.14
2026-06-26T18:00:00Z,cyl_003,14.04
2026-06-26T18:00:00Z,cyl_004,4.01
2026-06-26T18:00:00Z,cyl_005,1.99
2026-06-26T19:00:00Z,cyl_001,0.49
2026-06-26T19:00:00Z,cyl_002,5.12
2026-06-26T19:00:00Z,cyl_003,13.91
2026-06-26T19:00:00Z,cyl_004,4.0
2026-06-26T19:00:00Z,cyl_005,1.99
2026-06-26T20:00:00Z,cyl_001,0.4
2026-06-26T20:00:00Z,cyl_002,5.13
2026-06-26T20:00:00Z,cyl_003,13.96
2026-06-26T20:00:00Z,cyl_004,3.99
2026-06-26T20:00:00Z,cyl_005,1.96
2026-06-26T21:00:00Z,cyl_001,0.35
2026-06-26T21:00:00Z,cyl_002,5.12
2026-06-26T21:00:00Z,cyl_003,13.91
2026-06-26T21:00:00Z,cyl_004,3.97
2026-06-26T21:00:00Z,cyl_005,2.03
2026-06-26T22:00:00Z,cyl_001,0.4
2026-06-26T22:00:00Z,cyl_002,5.12
2026-06-26T22:00:00Z,cyl_003,13.95
2026-06-26T22:00:00Z,cyl_004,4.01
2026-06-26T22:00:00Z,cyl_005,1.98
2026-06-26T23:00:00Z,cyl_001,0.44
2026-06-26T23:00:00Z,cyl_002,5.1
2026-06-26T23:00:00Z,cyl_003,13.95
2026-06-26T23:00:00Z,cyl_004,4.03
2026-06-26T23:00:00Z,cyl_005,1.96
2026-06-27T00:00:00Z,cyl_001,0.39
2026-06-27T00:00:00Z,cyl_002,5.11
2026-06-27T00:00:00Z,cyl_003,13.99
2026-06-27T00:00:00Z,cyl_004,3.19
2026-06-27T00:00:00Z,cyl_005,1.91
2026-06-27T01:00:00Z,cyl_001,14.17
2026-06-27T01:00:00Z,cyl_002,5.11
2026-06-27T01:00:00Z,cyl_003,13.87
2026-06-27T01:00:00Z,cyl_004,2.46
2026-06-27T01:00:00Z,cyl_005,1.91
2026-06-27T02:00:00Z,cyl_001,14.1
2026-06-27T02:00:00Z,cyl_002,5.11
2026-06-27T02:00:00Z,cyl_003,13.87
2026-06-27T02:00:00Z,cyl_004,1.65
2026-06-27T02:00:00Z,cyl_005,1.91
2026-06-27T03:00:00Z,cyl_001,14.09
2026-06-27T03:00:00Z,cyl_002,5.09
2026-06-27T03:00:00Z,cyl_003,13.92
2026-06-27T03:00:00Z,cyl_004,1.73
2026-06-27T03:00:00Z,cyl_005,1.88
2026-06-27T04:00:00Z,cyl_001,14.11
2026-06-27T04:00:00Z,cyl_002,5.1
2026-06-27T04:00:00Z,cyl_003,13.85
2026-06-27T04:00:00Z,cyl_004,1.67
2026-06-27T04:00:00Z,cyl_005,1.87
2026-06-27T05:00:00Z,cyl_001,14.14
2026-06-27T05:00:00Z,cyl_002,5.07
2026-06-27T05:00:00Z,cyl_003,13.87
2026-06-27T05:00:00Z,cyl_004,1.64
2026-06-27T05:00:00Z,cyl_005,1.84
2026-06-27T06:00:00Z,cyl_001,14.1
2026-06-27T06:00:00Z,cyl_002,5.02
2026-06-27T06:00:00Z,cyl_003,13.89
2026-06-27T06:00:00Z,cyl_004,1.67
2026-06-27T06:00:00Z,cyl_005,1.84
2026-06-27T07:00:00Z,cyl_001,14.08
2026-06-27T07:00:00Z,cyl_002,5.05
2026-06-27T07:00:00Z,cyl_003,13.82
2026-06-27T07:00:00Z,cyl_004,1.67
2026-06-27T07:00:00Z,cyl_005,1.89
2026-06-27T08:00:00Z,cyl_001,14.07
2026-06-27T08:00:00Z,cyl_002,8.01
2026-06-27T08:00:00Z,cyl_003,13.83
2026-06-27T08:00:00Z,cyl_004,1.63
2026-06-27T08:00:00Z,cyl_005,1.8
2026-06-27T09:00:00Z,cyl_001,14.03
2026-06-27T09:00:00Z,cyl_002,5.07
2026-06-27T09:00:00Z,cyl_003,13.82
2026-06-27T09:00:00Z,cyl_004,1.66
2026-06-27T09:00:00Z,cyl_005,1.75
2026-06-27T10:00:00Z,cyl_001,14.03
2026-06-27T10:00:00Z,cyl_002,4.97
2026-06-27T10:00:00Z,cyl_003,13.74
2026-06-27T10:00:00Z,cyl_004,1.63
2026-06-27T10:00:00Z,cyl_005,1.81
2026-06-27T11:00:00Z,cyl_001,14.07
2026-06-27T11:00:00Z,cyl_002,5.08
2026-06-27T11:00:00Z,cyl_003,13.82
2026-06-27T11:00:00Z,cyl_004,1.61
2026-06-27T11:00:00Z,cyl_005,1.79
2026-06-27T12:00:00Z,cyl_001,14.08
2026-06-27T12:00:00Z,cyl_002,4.96
2026-06-27T12:00:00Z,cyl_003,13.77
2026-06-27T12:00:00Z,cyl_004,1.59
2026-06-27T12:00:00Z,cyl_005,1.79
2026-06-27T13:00:00Z,cyl_001,14.0
2026-06-27T13:00:00Z,cyl_002,5.02
2026-06-27T13:00:00Z,cyl_003,13.8
2026-06-27T13:00:00Z,cyl_004,1.58
2026-06-27T13:00:00Z,cyl_005,1.79
2026-06-27T14:00:00Z,cyl_001,14.02
2026-06-27T14:00:00Z,cyl_002,4.97
2026-06-27T14:00:00Z,cyl_003,13.78
2026-06-27T14:00:00Z,cyl_004,1.58
2026-06-27T14:00:00Z,cyl_005,1.76
2026-06-27T15:00:00Z,cyl_001,14.0
2026-06-27T15:00:00Z,cyl_002,4.93
2026-06-27T15:00:00Z,cyl_003,13.77
2026-06-27T15:00:00Z,cyl_004,1.57
2026-06-27T15:00:00Z,cyl_005,1.74
2026-06-27T16:00:00Z,cyl_001,13.96
2026-06-27T16:00:00Z,cyl_002,4.95
2026-06-27T16:00:00Z,cyl_003,13.75
2026-06-27T16:00:00Z,cyl_004,1.62
2026-06-27T16:00:00Z,cyl_005,1.72
2026-06-27T17:00:00Z,cyl_001,13.93
2026-06-27T17:00:00Z,cyl_002,4.93
2026-06-27T17:00:00Z,cyl_003,13.72
2026-06-27T17:00:00Z,cyl_004,1.54
2026-06-27T17:00:00Z,cyl_005,1.75
2026-06-27T18:00:00Z,cyl_001,13.98
2026-06-27T18:00:00Z,cyl_002,4.9
2026-06-27T18:00:00Z,cyl_003,13.69
2026-06-27T18:00:00Z,cyl_004,1.5
2026-06-27T18:00:00Z,cyl_005,1.66
2026-06-27T19:00:00Z,cyl_001,13.9
2026-06-27T19:00:00Z,cyl_002,4.92
2026-06-27T19:00:00Z,cyl_003,13.69
2026-06-27T19:00:00Z,cyl_004,1.56
2026-06-27T19:00:00Z,cyl_005,1.75
2026-06-27T20:00:00Z,cyl_001,13.97
2026-06-27T20:00:00Z,cyl_002,4.87
2026-06-27T20:00:00Z,cyl_003,13.7
2026-06-27T20:00:00Z,cyl_004,1.55
2026-06-27T20:00:00Z,cyl_005,1.71
2026-06-27T21:00:00Z,cyl_001,13.98
2026-06-27T21:00:00Z,cyl_002,4.88
2026-06-27T21:00:00Z,cyl_003,13.68
2026-06-27T21:00:00Z,cyl_004,1.52
2026-06-27T21:00:00Z,cyl_005,1.73
2026-06-27T22:00:00Z,cyl_001,13.92
2026-06-27T22:00:00Z,cyl_002,4.85
2026-06-27T22:00:00Z,cyl_003,13.71
2026-06-27T22:00:00Z,cyl_004,1.5
2026-06-27T22:00:00Z,cyl_005,1.66
2026-06-27T23:00:00Z,cyl_001,13.96
2026-06-27T23:00:00Z,cyl_002,4.88
2026-06-27T23:00:00Z,cyl_003,13.68
2026-06-27T23:00:00Z,cyl_004,1.51
2026-06-27T23:00:00Z,cyl_005,1.65
2026-06-28T00:00:00Z,cyl_001,13.91
2026-06-28T00:00:00Z,cyl_002,4.91
2026-06-28T00:00:00Z,cyl_003,13.68
2026-06-28T00:00:00Z,cyl_004,1.52
2026-06-28T00:00:00Z,cyl_005,1.67
2026-06-28T01:00:00Z,cyl_001,13.86
2026-06-28T01:00:00Z,cyl_002,4.8
2026-06-28T01:00:00Z,cyl_003,13.7
2026-06-28T01:00:00Z,cyl_004,1.46
2026-06-28T01:00:00Z,cyl_005,1.63
2026-06-28T02:00:00Z,cyl_001,13.9
2026-06-28T02:00:00Z,cyl_002,4.87
2026-06-28T02:00:00Z,cyl_003,13.66
2026-06-28T02:00:00Z,cyl_004,1.44
2026-06-28T02:00:00Z,cyl_005,1.63
2026-06-28T03:00:00Z,cyl_001,13.88
2026-06-28T03:00:00Z,cyl_002,4.8
2026-06-28T03:00:00Z,cyl_003,13.66
2026-06-28T03:00:00Z,cyl_004,1.53
2026-06-28T03:00:00Z,cyl_005,1.59
2026-06-28T04:00:00Z,cyl_001,13.87
2026-06-28T04:00:00Z,cyl_002,4.75
2026-06-28T04:00:00Z,cyl_003,13.6
2026-06-28T04:00:00Z,cyl_004,1.49
2026-06-28T04:00:00Z,cyl_005,1.61
2026-06-28T05:00:00Z,cyl_001,13.86
2026-06-28T05:00:00Z,cyl_002,4.81
2026-06-28T05:00:00Z,cyl_003,13.67
2026-06-28T05:00:00Z,cyl_004,1.44
2026-06-28T05:00:00Z,cyl_005,1.58
2026-06-28T06:00:00Z,cyl_001,13.87
2026-06-28T06:00:00Z,cyl_002,4.82
2026-06-28T06:00:00Z,cyl_003,13.61
2026-06-28T06:00:00Z,cyl_004,1.47
2026-06-28T06:00:00Z,cyl_005,1.54
2026-06-28T07:00:00Z,cyl_001,13.84
2026-06-28T07:00:00Z,cyl_002,4.8
2026-06-28T07:00:00Z,cyl_003,13.59
2026-06-28T07:00:00Z,cyl_004,1.43
2026-06-28T07:00:00Z,cyl_005,1.61
2026-06-28T08:00:00Z,cyl_001,13.88
2026-06-28T08:00:00Z,cyl_002,4.78
2026-06-28T08:00:00Z,cyl_003,13.56
2026-06-28T08:00:00Z,cyl_004,1.37
2026-06-28T08:00:00Z,cyl_005,1.51
2026-06-28T09:00:00Z,cyl_001,13.78
2026-06-28T09:00:00Z,cyl_002,4.73
2026-06-28T09:00:00Z,cyl_003,13.57
2026-06-28T09:00:00Z,cyl_004,1.36
2026-06-28T09:00:00Z,cyl_005,1.52
2026-06-28T10:00:00Z,cyl_001,13.8
2026-06-28T10:00:00Z,cyl_002,4.7
2026-06-28T10:00:00Z,cyl_003,13.53
2026-06-28T10:00:00Z,cyl_004,1.4
2026-06-28T10:00:00Z,cyl_005,1.51
2026-06-28T11:00:00Z,cyl_001,13.85
2026-06-28T11:00:00Z,cyl_002,4.76
2026-06-28T11:00:00Z,cyl_003,13.52
2026-06-28T11:00:00Z,cyl_004,1.39
2026-06-28T11:00:00Z,cyl_005,1.5
2026-06-28T12:00:00Z,cyl_001,13.78
2026-06-28T12:00:00Z,cyl_002,4.76
2026-06-28T12:00:00Z,cyl_003,13.57
2026-06-28T12:00:00Z,cyl_004,1.38
2026-06-28T12:00:00Z,cyl_005,1.47
2026-06-28T13:00:00Z,cyl_001,13.78
2026-06-28T13:00:00Z,cyl_002,4.73
2026-06-28T13:00:00Z,cyl_003,13.51
2026-06-28T13:00:00Z,cyl_004,1.4
2026-06-28T13:00:00Z,cyl_005,1.5
2026-06-28T14:00:00Z,cyl_001,13.76
2026-06-28T14:00:00Z,cyl_002,4.7
2026-06-28T14:00:00Z,cyl_003,13.52
2026-06-28T14:00:00Z,cyl_004,1.38
2026-06-28T14:00:00Z,cyl_005,1.52
2026-06-28T15:00:00Z,cyl_001,13.77
2026-06-28T15:00:00Z,cyl_002,4.69
2026-06-28T15:00:00Z,cyl_003,13.57
2026-06-28T15:00:00Z,cyl_004,1.37
2026-06-28T15:00:00Z,cyl_005,1.46
2026-06-28T16:00:00Z,cyl_001,13.77
2026-06-28T16:00:00Z,cyl_002,4.69
2026-06-28T16:00:00Z,cyl_003,11.39
2026-06-28T16:00:00Z,cyl_004,1.32
2026-06-28T16:00:00Z,cyl_005,1.45
2026-06-28T17:00:00Z,cyl_001,13.79
2026-06-28T17:00:00Z,cyl_002,4.68
2026-06-28T17:00:00Z,cyl_003,13.47
2026-06-28T17:00:00Z,cyl_004,1.39
2026-06-28T17:00:00Z,cyl_005,1.42
2026-06-28T18:00:00Z,cyl_001,13.79
2026-06-28T18:00:00Z,cyl_002,4.65
2026-06-28T18:00:00Z,cyl_003,13.55
2026-06-28T18:00:00Z,cyl_004,1.32
2026-06-28T18:00:00Z,cyl_005,1.42
2026-06-28T19:00:00Z,cyl_001,13.67
2026-06-28T19:00:00Z,cyl_002,4.64
2026-06-28T19:00:00Z,cyl_003,13.52
2026-06-28T19:00:00Z,cyl_004,1.28
2026-06-28T19:00:00Z,cyl_005,1.44
2026-06-28T20:00:00Z,cyl_001,13.73
2026-06-28T20:00:00Z,cyl_002,4.63
2026-06-28T20:00:00Z,cyl_003,13.55
2026-06-28T20:00:00Z,cyl_004,1.34
2026-06-28T20:00:00Z,cyl_005,1.42
2026-06-28T21:00:00Z,cyl_001,13.66
2026-06-28T21:00:00Z,cyl_002,4.67
2026-06-28T21:00:00Z,cyl_003,13.45
2026-06-28T21:00:00Z,cyl_004,1.3
2026-06-28T21:00:00Z,cyl_005,1.42
2026-06-28T22:00:00Z,cyl_001,13.65
2026-06-28T22:00:00Z,cyl_002,4.6
2026-06-28T22:00:00Z,cyl_003,13.43
2026-06-28T22:00:00Z,cyl_004,1.34
2026-06-28T22:00:00Z,cyl_005,1.35
2026-06-28T23:00:00Z,cyl_001,13.63
2026-06-28T23:00:00Z,cyl_002,4.6
2026-06-28T23:00:00Z,cyl_003,13.46
2026-06-28T23:00:00Z,cyl_004,1.22
2026-06-28T23:00:00Z,cyl_005,1.35
2026-06-29T00:00:00Z,cyl_001,13.69
2026-06-29T00:00:00Z,cyl_002,4.59
2026-06-29T00:00:00Z,cyl_003,13.46
2026-06-29T00:00:00Z,cyl_004,1.27
2026-06-29T00:00:00Z,cyl_005,1.36
2026-06-29T01:00:00Z,cyl_001,13.65
2026-06-29T01:00:00Z,cyl_002,4.54
2026-06-29T01:00:00Z,cyl_003,13.43
2026-06-29T01:00:00Z,cyl_004,1.24
2026-06-29T01:00:00Z,cyl_005,1.37
2026-06-29T02:00:00Z,cyl_001,13.66
2026-06-29T02:00:00Z,cyl_002,4.6
2026-06-29T02:00:00Z,cyl_003,13.43
2026-06-29T02:00:00Z,cyl_004,1.25
2026-06-29T02:00:00Z,cyl_005,1.29
2026-06-29T03:00:00Z,cyl_001,13.58
2026-06-29T03:00:00Z,cyl_002,4.58
2026-06-29T03:00:00Z,cyl_003,13.44
2026-06-29T03:00:00Z,cyl_004,1.23
2026-06-29T03:00:00Z,cyl_005,1.33
2026-06-29T04:00:00Z,cyl_001,13.67
2026-06-29T04:00:00Z,cyl_002,4.57
2026-06-29T04:00:00Z,cyl_003,13.4
2026-06-29T04:00:00Z,cyl_004,1.24
2026-06-29T04:00:00Z,cyl_005,1.35
2026-06-29T05:00:00Z,cyl_001,13.6
2026-06-29T05:00:00Z,cyl_002,4.57
2026-06-29T05:00:00Z,cyl_003,13.39
2026-06-29T05:00:00Z,cyl_004,1.23
2026-06-29T05:00:00Z,cyl_005,1.28
2026-06-29T06:00:00Z,cyl_001,13.63
2026-06-29T06:00:00Z,cyl_002,4.52
2026-06-29T06:00:00Z,cyl_003,13.41
2026-06-29T06:00:00Z,cyl_004,1.24
2026-06-29T06:00:00Z,cyl_005,1.28
2026-06-29T07:00:00Z,cyl_001,13.6
2026-06-29T07:00:00Z,cyl_002,4.53
2026-06-29T07:00:00Z,cyl_003,13.41
2026-06-29T07:00:00Z,cyl_004,1.17
2026-06-29T07:00:00Z,cyl_005,1.28
2026-06-29T08:00:00Z,cyl_001,13.62
2026-06-29T08:00:00Z,cyl_002,4.52
2026-06-29T08:00:00Z,cyl_003,13.33
2026-06-29T08:00:00Z,cyl_004,1.19
2026-06-29T08:00:00Z,cyl_005,1.29
2026-06-29T09:00:00Z,cyl_001,13.52
2026-06-29T09:00:00Z,cyl_002,4.52
2026-06-29T09:00:00Z,cyl_003,13.34
2026-06-29T09:00:00Z,cyl_004,1.15
2026-06-29T09:00:00Z,cyl_005,1.29
2026-06-29T10:00:00Z,cyl_001,13.5
2026-06-29T10:00:00Z,cyl_002,4.53
2026-06-29T10:00:00Z,cyl_003,13.35
2026-06-29T10:00:00Z,cyl_004,1.18
2026-06-29T10:00:00Z,cyl_005,1.25
2026-06-29T11:00:00Z,cyl_001,13.53
2026-06-29T11:00:00Z,cyl_002,4.51
2026-06-29T11:00:00Z,cyl_003,13.34
2026-06-29T11:00:00Z,cyl_004,1.18
2026-06-29T11:00:00Z,cyl_005,1.28
2026-06-29T12:00:00Z,cyl_001,13.59
2026-06-29T12:00:00Z,cyl_002,4.51
2026-06-29T12:00:00Z,cyl_003,13.37
2026-06-29T12:00:00Z,cyl_004,1.15
2026-06-29T12:00:00Z,cyl_005,1.2
2026-06-29T13:00:00Z,cyl_001,13.55
2026-06-29T13:00:00Z,cyl_002,4.5
2026-06-29T13:00:00Z,cyl_003,13.28
2026-06-29T13:00:00Z,cyl_004,1.19
2026-06-29T13:00:00Z,cyl_005,1.22
2026-06-29T14:00:00Z,cyl_001,13.59
2026-06-29T14:00:00Z,cyl_002,4.47
2026-06-29T14:00:00Z,cyl_003,13.29
2026-06-29T14:00:00Z,cyl_004,1.1
2026-06-29T14:00:00Z,cyl_005,1.27
2026-06-29T15:00:00Z,cyl_001,13.48
2026-06-29T15:00:00Z,cyl_002,4.42
2026-06-29T15:00:00Z,cyl_003,13.23
2026-06-29T15:00:00Z,cyl_004,1.12
2026-06-29T15:00:00Z,cyl_005,1.2
2026-06-29T16:00:00Z,cyl_001,13.51
2026-06-29T16:00:00Z,cyl_002,4.41
2026-06-29T16:00:00Z,cyl_003,13.29
2026-06-29T16:00:00Z,cyl_004,1.16
2026-06-29T16:00:00Z,cyl_005,1.16
2026-06-29T17:00:00Z,cyl_001,13.46
2026-06-29T17:00:00Z,cyl_002,4.48
2026-06-29T17:00:00Z,cyl_003,13.24
2026-06-29T17:00:00Z,cyl_004,1.11
2026-06-29T17:00:00Z,cyl_005,1.2
2026-06-29T18:00:00Z,cyl_001,13.46
2026-06-29T18:00:00Z,cyl_002,4.39
2026-06-29T18:00:00Z,cyl_003,13.29
2026-06-29T18:00:00Z,cyl_004,1.16
2026-06-29T18:00:00Z,cyl_005,1.12
2026-06-29T19:00:00Z,cyl_001,13.46
2026-06-29T19:00:00Z,cyl_002,4.43
2026-06-29T19:00:00Z,cyl_003,13.26
2026-06-29T19:00:00Z,cyl_004,1.14
2026-06-29T19:00:00Z,cyl_005,1.06
2026-06-29T20:00:00Z,cyl_001,13.44
2026-06-29T20:00:00Z,cyl_002,4.4
2026-06-29T20:00:00Z,cyl_003,13.24
2026-06-29T20:00:00Z,cyl_004,1.08
2026-06-29T20:00:00Z,cyl_005,1.13
2026-06-29T21:00:00Z,cyl_001,13.47
2026-06-29T21:00:00Z,cyl_002,4.35
2026-06-29T21:00:00Z,cyl_003,13.18
2026-06-29T21:00:00Z,cyl_004,1.11
2026-06-29T21:00:00Z,cyl_005,1.16
2026-06-29T22:00:00Z,cyl_001,13.42
2026-06-29T22:00:00Z,cyl_002,4.28
2026-06-29T22:00:00Z,cyl_003,13.21
2026-06-29T22:00:00Z,cyl_004,1.03
2026-06-29T22:00:00Z,cyl_005,1.13
2026-06-29T23:00:00Z,cyl_001,13.39
2026-06-29T23:00:00Z,cyl_002,4.35
2026-06-29T23:00:00Z,cyl_003,13.19
2026-06-29T23:00:00Z,cyl_004,1.05
2026-06-29T23:00:00Z,cyl_005,1.12
2026-06-30T00:00:00Z,cyl_001,13.5
2026-06-30T00:00:00Z,cyl_002,4.34
2026-06-30T00:00:00Z,cyl_003,13.16
2026-06-30T00:00:00Z,cyl_004,1.03
2026-06-30T00:00:00Z,cyl_005,1.11
2026-06-30T01:00:00Z,cyl_001,13.37
2026-06-30T01:00:00Z,cyl_002,1.68
2026-06-30T01:00:00Z,cyl_003,13.2
2026-06-30T01:00:00Z,cyl_004,1.08
2026-06-30T01:00:00Z,cyl_005,1.06
2026-06-30T02:00:00Z,cyl_001,13.38
2026-06-30T02:00:00Z,cyl_002,4.34
2026-06-30T02:00:00Z,cyl_003,13.17
2026-06-30T02:00:00Z,cyl_004,1.03
2026-06-30T02:00:00Z,cyl_005,1.08
2026-06-30T03:00:00Z,cyl_001,13.4
2026-06-30T03:00:00Z,cyl_002,4.33
2026-06-30T03:00:00Z,cyl_003,13.17
2026-06-30T03:00:00Z,cyl_004,1.08
2026-06-30T03:00:00Z,cyl_005,1.05
2026-06-30T04:00:00Z,cyl_001,13.35
2026-06-30T04:00:00Z,cyl_002,4.34
2026-06-30T04:00:00Z,cyl_003,13.17
2026-06-30T04:00:00Z,cyl_004,1.05
2026-06-30T04:00:00Z,cyl_005,1.0
2026-06-30T05:00:00Z,cyl_001,13.33
2026-06-30T05:00:00Z,cyl_002,4.31
2026-06-30T05:00:00Z,cyl_003,13.16
2026-06-30T05:00:00Z,cyl_004,1.04
2026-06-30T05:00:00Z,cyl_005,1.03
2026-06-30T06:00:00Z,cyl_001,13.39
2026-06-30T06:00:00Z,cyl_002,4.27
2026-06-30T06:00:00Z,cyl_003,13.19
2026-06-30T06:00:00Z,cyl_004,1.06
2026-06-30T06:00:00Z,cyl_005,1.05
2026-06-30T07:00:00Z,cyl_001,13.43
2026-06-30T07:00:00Z,cyl_002,4.29
2026-06-30T07:00:00Z,cyl_003,13.15
2026-06-30T07:00:00Z,cyl_004,0.97
2026-06-30T07:00:00Z,cyl_005,1.01
2026-06-30T08:00:00Z,cyl_001,13.34
2026-06-30T08:00:00Z,cyl_002,4.31
2026-06-30T08:00:00Z,cyl_003,13.14
2026-06-30T08:00:00Z,cyl_004,1.08
2026-06-30T08:00:00Z,cyl_005,0.97
2026-06-30T09:00:00Z,cyl_001,11.02
2026-06-30T09:00:00Z,cyl_002,4.25
2026-06-30T09:00:00Z,cyl_003,13.08
2026-06-30T09:00:00Z,cyl_004,1.05
2026-06-30T09:00:00Z,cyl_005,1.04
2026-06-30T10:00:00Z,cyl_001,13.33
2026-06-30T10:00:00Z,cyl_002,4.22
2026-06-30T10:00:00Z,cyl_003,13.1
2026-06-30T10:00:00Z,cyl_004,1.02
2026-06-30T10:00:00Z,cyl_005,0.97
2026-06-30T11:00:00Z,cyl_001,13.31
2026-06-30T11:00:00Z,cyl_002,4.27
2026-06-30T11:00:00Z,cyl_003,13.13
2026-06-30T11:00:00Z,cyl_004,1.05
2026-06-30T11:00:00Z,cyl_005,1.01
2026-06-30T12:00:00Z,cyl_001,13.33
2026-06-30T12:00:00Z,cyl_002,7.55
2026-06-30T12:00:00Z,cyl_003,13.07
2026-06-30T12:00:00Z,cyl_004,1.02
2026-06-30T12:00:00Z,cyl_005,1.01
2026-06-30T13:00:00Z,cyl_001,13.3
2026-06-30T13:00:00Z,cyl_002,4.23
2026-06-30T13:00:00Z,cyl_003,13.04
2026-06-30T13:00:00Z,cyl_004,1.05
2026-06-30T13:00:00Z,cyl_005,0.91
2026-06-30T14:00:00Z,cyl_001,13.26
2026-06-30T14:00:00Z,cyl_002,4.13
2026-06-30T14:00:00Z,cyl_003,13.02
2026-06-30T14:00:00Z,cyl_004,1.03
2026-06-30T14:00:00Z,cyl_005,0.86
2026-06-30T15:00:00Z,cyl_001,13.24
2026-06-30T15:00:00Z,cyl_002,4.16
2026-06-30T15:00:00Z,cyl_003,13.04
2026-06-30T15:00:00Z,cyl_004,1.08
2026-06-30T15:00:00Z,cyl_005,0.86
2026-06-30T16:00:00Z,cyl_001,13.28
2026-06-30T16:00:00Z,cyl_002,4.27
2026-06-30T16:00:00Z,cyl_003,13.05
2026-06-30T16:00:00Z,cyl_004,1.01
2026-06-30T16:00:00Z,cyl_005,0.91
2026-06-30T17:00:00Z,cyl_001,13.26
2026-06-30T17:00:00Z,cyl_002,4.18
2026-06-30T17:00:00Z,cyl_003,13.0
2026-06-30T17:00:00Z,cyl_004,1.02
2026-06-30T17:00:00Z,cyl_005,0.92
2026-06-30T18:00:00Z,cyl_001,13.18
2026-06-30T18:00:00Z,cyl_002,4.2
2026-06-30T18:00:00Z,cyl_003,13.03
2026-06-30T18:00:00Z,cyl_004,1.09
2026-06-30T18:00:00Z,cyl_005,0.89
2026-06-30T19:00:00Z,cyl_001,13.24
2026-06-30T19:00:00Z,cyl_002,4.23
2026-06-30T19:00:00Z,cyl_003,12.99
2026-06-30T19:00:00Z,cyl_004,1.03
2026-06-30T19:00:00Z,cyl_005,0.85
2026-06-30T20:00:00Z,cyl_001,13.19
2026-06-30T20:00:00Z,cyl_002,4.16
2026-06-30T20:00:00Z,cyl_003,13.0
2026-06-30T20:00:00Z,cyl_004,1.01
2026-06-30T20:00:00Z,cyl_005,0.86
2026-06-30T21:00:00Z,cyl_001,13.2
2026-06-30T21:00:00Z,cyl_002,4.24
2026-06-30T21:00:00Z,cyl_003,13.01
2026-06-30T21:00:00Z,cyl_004,0.97
2026-06-30T21:00:00Z,cyl_005,0.84
2026-06-30T22:00:00Z,cyl_001,13.2
2026-06-30T22:00:00Z,cyl_002,4.21
2026-06-30T22:00:00Z,cyl_003,12.95
2026-06-30T22:00:00Z,cyl_004,0.97
2026-06-30T22:00:00Z,cyl_005,0.86
2026-06-30T23:00:00Z,cyl_001,13.19
2026-06-30T23:00:00Z,cyl_002,4.09
2026-06-30T23:00:00Z,cyl_003,12.94
2026-06-30T23:00:00Z,cyl_004,0.98
2026-06-30T23:00:00Z,cyl_005,0.82
2026-07-01T00:00:00Z,cyl_001,13.11
2026-07-01T00:00:00Z,cyl_002,4.2
2026-07-01T00:00:00Z,cyl_003,13.0
2026-07-01T00:00:00Z,cyl_004,0.94
2026-07-01T00:00:00Z,cyl_005,0.77
2026-07-01T01:00:00Z,cyl_001,13.17
2026-07-01T01:00:00Z,cyl_002,4.15
2026-07-01T01:00:00Z,cyl_003,12.97
2026-07-01T01:00:00Z,cyl_004,0.92
2026-07-01T01:00:00Z,cyl_005,0.83
2026-07-01T02:00:00Z,cyl_001,13.16
2026-07-01T02:00:00Z,cyl_002,4.14
2026-07-01T02:00:00Z,cyl_003,12.91
2026-07-01T02:00:00Z,cyl_004,0.96
2026-07-01T02:00:00Z,cyl_005,0.81
2026-07-01T03:00:00Z,cyl_001,13.19
2026-07-01T03:00:00Z,cyl_002,4.13
2026-07-01T03:00:00Z,cyl_003,12.92
2026-07-01T03:00:00Z,cyl_004,0.93
2026-07-01T03:00:00Z,cyl_005,0.75
2026-07-01T04:00:00Z,cyl_001,13.09
2026-07-01T04:00:00Z,cyl_002,4.14
2026-07-01T04:00:00Z,cyl_003,12.93
2026-07-01T04:00:00Z,cyl_004,0.88
2026-07-01T04:00:00Z,cyl_005,0.76
2026-07-01T05:00:00Z,cyl_001,13.14
2026-07-01T05:00:00Z,cyl_002,4.07
2026-07-01T05:00:00Z,cyl_003,12.9
2026-07-01T05:00:00Z,cyl_004,0.91
2026-07-01T05:00:00Z,cyl_005,0.72
2026-07-01T06:00:00Z,cyl_001,13.14
2026-07-01T06:00:00Z,cyl_002,4.05
2026-07-01T06:00:00Z,cyl_003,12.88
2026-07-01T06:00:00Z,cyl_004,0.91
2026-07-01T06:00:00Z,cyl_005,0.75
2026-07-01T07:00:00Z,cyl_001,13.09
2026-07-01T07:00:00Z,cyl_002,4.05
2026-07-01T07:00:00Z,cyl_003,12.88
2026-07-01T07:00:00Z,cyl_004,0.87
2026-07-01T07:00:00Z,cyl_005,0.71
2026-07-01T08:00:00Z,cyl_001,13.02
2026-07-01T08:00:00Z,cyl_002,4.05
2026-07-01T08:00:00Z,cyl_003,12.87
2026-07-01T08:00:00Z,cyl_004,0.89
2026-07-01T08:00:00Z,cyl_005,0.73
2026-07-01T09:00:00Z,cyl_001,13.06
2026-07-01T09:00:00Z,cyl_002,4.09
2026-07-01T09:00:00Z,cyl_003,12.89
2026-07-01T09:00:00Z,cyl_004,0.87
2026-07-01T09:00:00Z,cyl_005,0.7
2026-07-01T10:00:00Z,cyl_001,13.07
2026-07-01T10:00:00Z,cyl_002,4.12
2026-07-01T10:00:00Z,cyl_003,12.89
2026-07-01T10:00:00Z,cyl_004,0.82
2026-07-01T10:00:00Z,cyl_005,0.75
2026-07-01T11:00:00Z,cyl_001,13.07
2026-07-01T11:00:00Z,cyl_002,4.01
2026-07-01T11:00:00Z,cyl_003,12.84
2026-07-01T11:00:00Z,cyl_004,0.91
2026-07-01T11:00:00Z,cyl_005,0.63
2026-07-01T12:00:00Z,cyl_001,13.02
2026-07-01T12:00:00Z,cyl_002,4.01
2026-07-01T12:00:00Z,cyl_003,12.81
2026-07-01T12:00:00Z,cyl_004,0.83
2026-07-01T12:00:00Z,cyl_005,0.67
2026-07-01T13:00:00Z,cyl_001,13.0
2026-07-01T13:00:00Z,cyl_002,4.01
2026-07-01T13:00:00Z,cyl_003,12.87
2026-07-01T13:00:00Z,cyl_004,0.89
2026-07-01T13:00:00Z,cyl_005,0.66
2026-07-01T14:00:00Z,cyl_001,12.97
2026-07-01T14:00:00Z,cyl_002,4.02
2026-07-01T14:00:00Z,cyl_003,12.8
2026-07-01T14:00:00Z,cyl_004,0.81
2026-07-01T14:00:00Z,cyl_005,0.64
2026-07-01T15:00:00Z,cyl_001,13.02
2026-07-01T15:00:00Z,cyl_002,4.02
2026-07-01T15:00:00Z,cyl_003,12.8
2026-07-01T15:00:00Z,cyl_004,0.77
2026-07-01T15:00:00Z,cyl_005,0.61
2026-07-01T16:00:00Z,cyl_001,12.95
2026-07-01T16:00:00Z,cyl_002,4.01
2026-07-01T16:00:00Z,cyl_003,12.73
2026-07-01T16:00:00Z,cyl_004,0.77
2026-07-01T16:00:00Z,cyl_005,0.6
2026-07-01T17:00:00Z,cyl_001,12.99
2026-07-01T17:00:00Z,cyl_002,3.98
2026-07-01T17:00:00Z,cyl_003,12.82
2026-07-01T17:00:00Z,cyl_004,0.71
2026-07-01T17:00:00Z,cyl_005,0.61
2026-07-01T18:00:00Z,cyl_001,13.02
2026-07-01T18:00:00Z,cyl_002,3.93
2026-07-01T18:00:00Z,cyl_003,12.72
2026-07-01T18:00:00Z,cyl_004,0.83
2026-07-01T18:00:00Z,cyl_005,0.62
2026-07-01T19:00:00Z,cyl_001,13.01
2026-07-01T19:00:00Z,cyl_002,3.95
2026-07-01T19:00:00Z,cyl_003,12.79
2026-07-01T19:00:00Z,cyl_004,0.79
2026-07-01T19:00:00Z,cyl_005,0.54
2026-07-01T20:00:00Z,cyl_001,12.95
2026-07-01T20:00:00Z,cyl_002,3.97
2026-07-01T20:00:00Z,cyl_003,12.71
2026-07-01T20:00:00Z,cyl_004,0.75
2026-07-01T20:00:00Z,cyl_005,0.58
2026-07-01T21:00:00Z,cyl_001,13.03
2026-07-01T21:00:00Z,cyl_002,3.91
2026-07-01T21:00:00Z,cyl_003,12.73
2026-07-01T21:00:00Z,cyl_004,0.79
2026-07-01T21:00:00Z,cyl_005,0.57
2026-07-01T22:00:00Z,cyl_001,12.92
2026-07-01T22:00:00Z,cyl_002,3.91
2026-07-01T22:00:00Z,cyl_003,12.73
2026-07-01T22:00:00Z,cyl_004,0.76
2026-07-01T22:00:00Z,cyl_005,0.53
2026-07-01T23:00:00Z,cyl_001,12.89
2026-07-01T23:00:00Z,cyl_002,3.97
2026-07-01T23:00:00Z,cyl_003,12.71
2026-07-01T23:00:00Z,cyl_004,0.77
2026-07-01T23:00:00Z,cyl_005,0.56
2026-07-02T00:00:00Z,cyl_001,12.88
2026-07-02T00:00:00Z,cyl_002,3.95
2026-07-02T00:00:00Z,cyl_003,12.72
2026-07-02T00:00:00Z,cyl_004,0.74
2026-07-02T00:00:00Z,cyl_005,0.5
2026-07-02T01:00:00Z,cyl_001,12.93
2026-07-02T01:00:00Z,cyl_002,3.88
2026-07-02T01:00:00Z,cyl_003,12.72
2026-07-02T01:00:00Z,cyl_004,0.69
2026-07-02T01:00:00Z,cyl_005,0.51
2026-07-02T02:00:00Z,cyl_001,12.91
2026-07-02T02:00:00Z,cyl_002,3.92
2026-07-02T02:00:00Z,cyl_003,12.66
2026-07-02T02:00:00Z,cyl_004,0.74
2026-07-02T02:00:00Z,cyl_005,0.49
2026-07-02T03:00:00Z,cyl_001,12.9
2026-07-02T03:00:00Z,cyl_002,3.89
2026-07-02T03:00:00Z,cyl_003,12.7
2026-07-02T03:00:00Z,cyl_004,0.73
2026-07-02T03:00:00Z,cyl_005,0.55
2026-07-02T04:00:00Z,cyl_001,12.95
2026-07-02T04:00:00Z,cyl_002,3.88
2026-07-02T04:00:00Z,cyl_003,12.65
2026-07-02T04:00:00Z,cyl_004,0.68
2026-07-02T04:00:00Z,cyl_005,0.5
2026-07-02T05:00:00Z,cyl_001,12.84
2026-07-02T05:00:00Z,cyl_002,3.85
2026-07-02T05:00:00Z,cyl_003,12.66
2026-07-02T05:00:00Z,cyl_004,0.71
2026-07-02T05:00:00Z,cyl_005,0.47
2026-07-02T06:00:00Z,cyl_001,12.88
2026-07-02T06:00:00Z,cyl_002,3.83
2026-07-02T06:00:00Z,cyl_003,12.64
2026-07-02T06:00:00Z,cyl_004,0.66
2026-07-02T06:00:00Z,cyl_005,0.43
2026-07-02T07:00:00Z,cyl_001,12.83
2026-07-02T07:00:00Z,cyl_002,3.8
2026-07-02T07:00:00Z,cyl_003,12.61
2026-07-02T07:00:00Z,cyl_004,0.68
2026-07-02T07:00:00Z,cyl_005,0.45
2026-07-02T08:00:00Z,cyl_001,12.88
2026-07-02T08:00:00Z,cyl_002,3.85
2026-07-02T08:00:00Z,cyl_003,12.61
2026-07-02T08:00:00Z,cyl_004,0.67
2026-07-02T08:00:00Z,cyl_005,0.49
2026-07-02T09:00:00Z,cyl_001,12.85
2026-07-02T09:00:00Z,cyl_002,3.83
2026-07-02T09:00:00Z,cyl_003,12.61
2026-07-02T09:00:00Z,cyl_004,0.66
2026-07-02T09:00:00Z,cyl_005,0.38
2026-07-02T10:00:00Z,cyl_001,12.83
2026-07-02T10:00:00Z,cyl_002,3.83
2026-07-02T10:00:00Z,cyl_003,12.62
2026-07-02T10:00:00Z,cyl_004,0.66
2026-07-02T10:00:00Z,cyl_005,0.43
2026-07-02T11:00:00Z,cyl_001,12.82
2026-07-02T11:00:00Z,cyl_002,3.82
2026-07-02T11:00:00Z,cyl_003,12.63
2026-07-02T11:00:00Z,cyl_004,0.65
2026-07-02T11:00:00Z,cyl_005,0.39
2026-07-02T12:00:00Z,cyl_001,12.77
2026-07-02T12:00:00Z,cyl_002,3.82
2026-07-02T12:00:00Z,cyl_003,12.6
2026-07-02T12:00:00Z,cyl_004,0.62
2026-07-02T12:00:00Z,cyl_005,0.38
2026-07-02T13:00:00Z,cyl_001,12.81
2026-07-02T13:00:00Z,cyl_002,3.81
2026-07-02T13:00:00Z,cyl_003,12.54
2026-07-02T13:00:00Z,cyl_004,0.64
2026-07-02T13:00:00Z,cyl_005,0.4
2026-07-02T14:00:00Z,cyl_001,12.83
2026-07-02T14:00:00Z,cyl_002,3.72
2026-07-02T14:00:00Z,cyl_003,12.57
2026-07-02T14:00:00Z,cyl_004,0.61
2026-07-02T14:00:00Z,cyl_005,0.34
2026-07-02T15:00:00Z,cyl_001,12.75
2026-07-02T15:00:00Z,cyl_002,3.74
2026-07-02T15:00:00Z,cyl_003,12.54
2026-07-02T15:00:00Z,cyl_004,0.55
2026-07-02T15:00:00Z,cyl_005,0.41
2026-07-02T16:00:00Z,cyl_001,12.81
2026-07-02T16:00:00Z,cyl_002,3.72
2026-07-02T16:00:00Z,cyl_003,12.48
2026-07-02T16:00:00Z,cyl_004,0.6
2026-07-02T16:00:00Z,cyl_005,0.4
2026-07-02T17:00:00Z,cyl_001,12.77
2026-07-02T17:00:00Z,cyl_002,3.78
2026-07-02T17:00:00Z,cyl_003,12.56
2026-07-02T17:00:00Z,cyl_004,0.57
2026-07-02T17:00:00Z,cyl_005,0.41
2026-07-02T18:00:00Z,cyl_001,12.72
2026-07-02T18:00:00Z,cyl_002,3.72
2026-07-02T18:00:00Z,cyl_003,12.5
2026-07-02T18:00:00Z,cyl_004,0.56
2026-07-02T18:00:00Z,cyl_005,14.19
2026-07-02T19:00:00Z,cyl_001,12.7
2026-07-02T19:00:00Z,cyl_002,3.68
2026-07-02T19:00:00Z,cyl_003,12.58
2026-07-02T19:00:00Z,cyl_004,0.52
2026-07-02T19:00:00Z,cyl_005,14.11
2026-07-02T20:00:00Z,cyl_001,12.71
2026-07-02T20:00:00Z,cyl_002,3.69
2026-07-02T20:00:00Z,cyl_003,12.52
2026-07-02T20:00:00Z,cyl_004,0.58
2026-07-02T20:00:00Z,cyl_005,14.17
2026-07-02T21:00:00Z,cyl_001,12.76
2026-07-02T21:00:00Z,cyl_002,3.71
2026-07-02T21:00:00Z,cyl_003,12.55
2026-07-02T21:00:00Z,cyl_004,0.51
2026-07-02T21:00:00Z,cyl_005,14.08
2026-07-02T22:00:00Z,cyl_001,12.63
2026-07-02T22:00:00Z,cyl_002,3.68
2026-07-02T22:00:00Z,cyl_003,12.5
2026-07-02T22:00:00Z,cyl_004,0.53
2026-07-02T22:00:00Z,cyl_005,14.16
2026-07-02T23:00:00Z,cyl_001,12.7
2026-07-02T23:00:00Z,cyl_002,3.64
2026-07-02T23:00:00Z,cyl_003,12.47
2026-07-02T23:00:00Z,cyl_004,0.55
2026-07-02T23:00:00Z,cyl_005,14.1
2026-07-03T00:00:00Z,cyl_001,12.68
2026-07-03T00:00:00Z,cyl_002,3.7
2026-07-03T00:00:00Z,cyl_003,12.5
2026-07-03T00:00:00Z,cyl_004,0.48
2026-07-03T00:00:00Z,cyl_005,14.05
2026-07-03T01:00:00Z,cyl_001,12.72
2026-07-03T01:00:00Z,cyl_002,3.64
2026-07-03T01:00:00Z,cyl_003,12.44
2026-07-03T01:00:00Z,cyl_004,0.45
2026-07-03T01:00:00Z,cyl_005,14.13
2026-07-03T02:00:00Z,cyl_001,12.64
2026-07-03T02:00:00Z,cyl_002,3.66
2026-07-03T02:00:00Z,cyl_003,12.46
2026-07-03T02:00:00Z,cyl_004,0.48
2026-07-03T02:00:00Z,cyl_005,14.09
2026-07-03T03:00:00Z,cyl_001,12.63
2026-07-03T03:00:00Z,cyl_002,3.64
2026-07-03T03:00:00Z,cyl_003,12.44
2026-07-03T03:00:00Z,cyl_004,0.5
2026-07-03T03:00:00Z,cyl_005,14.04
2026-07-03T04:00:00Z,cyl_001,12.63
2026-07-03T04:00:00Z,cyl_002,3.65
2026-07-03T04:00:00Z,cyl_003,12.46
2026-07-03T04:00:00Z,cyl_004,0.49
2026-07-03T04:00:00Z,cyl_005,13.98
2026-07-03T05:00:00Z,cyl_001,12.64
2026-07-03T05:00:00Z,cyl_002,3.6
2026-07-03T05:00:00Z,cyl_003,12.41
2026-07-03T05:00:00Z,cyl_004,0.51
2026-07-03T05:00:00Z,cyl_005,14.03
2026-07-03T06:00:00Z,cyl_001,12.65
2026-07-03T06:00:00Z,cyl_002,3.59
2026-07-03T06:00:00Z,cyl_003,12.42
2026-07-03T06:00:00Z,cyl_004,0.46
2026-07-03T06:00:00Z,cyl_005,14.01
2026-07-03T07:00:00Z,cyl_001,12.65
2026-07-03T07:00:00Z,cyl_002,3.59
2026-07-03T07:00:00Z,cyl_003,12.42
2026-07-03T07:00:00Z,cyl_004,0.45
2026-07-03T07:00:00Z,cyl_005,14.01
2026-07-03T08:00:00Z,cyl_001,12.55
2026-07-03T08:00:00Z,cyl_002,3.61
2026-07-03T08:00:00Z,cyl_003,12.41
2026-07-03T08:00:00Z,cyl_004,0.42
2026-07-03T08:00:00Z,cyl_005,13.99
2026-07-03T09:00:00Z,cyl_001,12.59
2026-07-03T09:00:00Z,cyl_002,3.56
2026-07-03T09:00:00Z,cyl_003,12.39
2026-07-03T09:00:00Z,cyl_004,0.44
2026-07-03T09:00:00Z,cyl_005,14.03
2026-07-03T10:00:00Z,cyl_001,12.55
2026-07-03T10:00:00Z,cyl_002,3.58
2026-07-03T10:00:00Z,cyl_003,12.34
2026-07-03T10:00:00Z,cyl_004,0.38
2026-07-03T10:00:00Z,cyl_005,14.01
2026-07-03T11:00:00Z,cyl_001,12.55
2026-07-03T11:00:00Z,cyl_002,3.59
2026-07-03T11:00:00Z,cyl_003,12.4
2026-07-03T11:00:00Z,cyl_004,0.42
2026-07-03T11:00:00Z,cyl_005,13.91
2026-07-03T12:00:00Z,cyl_001,12.61
2026-07-03T12:00:00Z,cyl_002,3.49
2026-07-03T12:00:00Z,cyl_003,12.29
2026-07-03T12:00:00Z,cyl_004,0.39
2026-07-03T12:00:00Z,cyl_005,13.96
2026-07-03T13:00:00Z,cyl_001,12.58
2026-07-03T13:00:00Z,cyl_002,3.49
2026-07-03T13:00:00Z,cyl_003,12.32
2026-07-03T13:00:00Z,cyl_004,0.42
2026-07-03T13:00:00Z,cyl_005,13.97
2026-07-03T14:00:00Z,cyl_001,12.56
2026-07-03T14:00:00Z,cyl_002,3.58
2026-07-03T14:00:00Z,cyl_003,12.31
2026-07-03T14:00:00Z,cyl_004,0.39
2026-07-03T14:00:00Z,cyl_005,13.99
2026-07-03T15:00:00Z,cyl_001,12.55
2026-07-03T15:00:00Z,cyl_002,3.47
2026-07-03T15:00:00Z,cyl_003,12.34
2026-07-03T15:00:00Z,cyl_004,0.38
2026-07-03T15:00:00Z,cyl_005,13.9
2026-07-03T16:00:00Z,cyl_001,12.47
2026-07-03T16:00:00Z,cyl_002,3.53
2026-07-03T16:00:00Z,cyl_003,12.3
2026-07-03T16:00:00Z,cyl_004,0.32
2026-07-03T16:00:00Z,cyl_005,13.91
2026-07-03T17:00:00Z,cyl_001,12.52
2026-07-03T17:00:00Z,cyl_002,3.53
2026-07-03T17:00:00Z,cyl_003,12.38
2026-07-03T17:00:00Z,cyl_004,0.35
2026-07-03T17:00:00Z,cyl_005,13.88
2026-07-03T18:00:00Z,cyl_001,12.51
2026-07-03T18:00:00Z,cyl_002,3.41
2026-07-03T18:00:00Z,cyl_003,12.28
2026-07-03T18:00:00Z,cyl_004,0.36
2026-07-03T18:00:00Z,cyl_005,13.92
2026-07-03T19:00:00Z,cyl_001,12.44
2026-07-03T19:00:00Z,cyl_002,3.49
2026-07-03T19:00:00Z,cyl_003,12.29
2026-07-03T19:00:00Z,cyl_004,0.38
2026-07-03T19:00:00Z,cyl_005,13.9
2026-07-03T20:00:00Z,cyl_001,12.46
2026-07-03T20:00:00Z,cyl_002,3.46
2026-07-03T20:00:00Z,cyl_003,12.23
2026-07-03T20:00:00Z,cyl_004,0.32
2026-07-03T20:00:00Z,cyl_005,13.83
2026-07-03T21:00:00Z,cyl_001,12.53
2026-07-03T21:00:00Z,cyl_002,3.45
2026-07-03T21:00:00Z,cyl_003,12.22
2026-07-03T21:00:00Z,cyl_004,0.32
2026-07-03T21:00:00Z,cyl_005,13.87
2026-07-03T22:00:00Z,cyl_001,12.42
2026-07-03T22:00:00Z,cyl_002,3.48
2026-07-03T22:00:00Z,cyl_003,12.23
2026-07-03T22:00:00Z,cyl_004,0.36
2026-07-03T22:00:00Z,cyl_005,13.86
2026-07-03T23:00:00Z,cyl_001,12.48
2026-07-03T23:00:00Z,cyl_002,3.38
2026-07-03T23:00:00Z,cyl_003,12.26
2026-07-03T23:00:00Z,cyl_004,0.3
2026-07-03T23:00:00Z,cyl_005,13.81
2026-07-04T00:00:00Z,cyl_001,12.37
2026-07-04T00:00:00Z,cyl_002,3.47
2026-07-04T00:00:00Z,cyl_003,12.21
2026-07-04T00:00:00Z,cyl_004,0.29
2026-07-04T00:00:00Z,cyl_005,13.83
2026-07-04T01:00:00Z,cyl_001,12.46
2026-07-04T01:00:00Z,cyl_002,3.38
2026-07-04T01:00:00Z,cyl_003,12.18
2026-07-04T01:00:00Z,cyl_004,0.3
2026-07-04T01:00:00Z,cyl_005,13.81
2026-07-04T02:00:00Z,cyl_001,12.41
2026-07-04T02:00:00Z,cyl_002,3.38
2026-07-04T02:00:00Z,cyl_003,12.26
2026-07-04T02:00:00Z,cyl_004,14.19
2026-07-04T02:00:00Z,cyl_005,13.79
2026-07-04T03:00:00Z,cyl_001,12.4
2026-07-04T03:00:00Z,cyl_002,3.41
2026-07-04T03:00:00Z,cyl_003,12.21
2026-07-04T03:00:00Z,cyl_004,14.18
2026-07-04T03:00:00Z,cyl_005,13.82
2026-07-04T04:00:00Z,cyl_001,12.42
2026-07-04T04:00:00Z,cyl_002,3.41
2026-07-04T04:00:00Z,cyl_003,12.22
2026-07-04T04:00:00Z,cyl_004,14.16
2026-07-04T04:00:00Z,cyl_005,13.79
2026-07-04T05:00:00Z,cyl_001,12.36
2026-07-04T05:00:00Z,cyl_002,3.38
2026-07-04T05:00:00Z,cyl_003,12.19
2026-07-04T05:00:00Z,cyl_004,14.13
2026-07-04T05:00:00Z,cyl_005,13.75
2026-07-04T06:00:00Z,cyl_001,12.38
2026-07-04T06:00:00Z,cyl_002,3.38
2026-07-04T06:00:00Z,cyl_003,12.18
2026-07-04T06:00:00Z,cyl_004,14.14
2026-07-04T06:00:00Z,cyl_005,13.77
2026-07-04T07:00:00Z,cyl_001,12.36
2026-07-04T07:00:00Z,cyl_002,3.36
2026-07-04T07:00:00Z,cyl_003,12.17
2026-07-04T07:00:00Z,cyl_004,14.19
2026-07-04T07:00:00Z,cyl_005,13.73
2026-07-04T08:00:00Z,cyl_001,12.35
2026-07-04T08:00:00Z,cyl_002,3.31
2026-07-04T08:00:00Z,cyl_003,12.19
2026-07-04T08:00:00Z,cyl_004,14.13
2026-07-04T08:00:00Z,cyl_005,13.75
2026-07-04T09:00:00Z,cyl_001,12.33
2026-07-04T09:00:00Z,cyl_002,3.3
2026-07-04T09:00:00Z,cyl_003,12.17
2026-07-04T09:00:00Z,cyl_004,14.12
2026-07-04T09:00:00Z,cyl_005,13.72
2026-07-04T10:00:00Z,cyl_001,12.37
2026-07-04T10:00:00Z,cyl_002,3.34
2026-07-04T10:00:00Z,cyl_003,12.14
2026-07-04T10:00:00Z,cyl_004,14.16
2026-07-04T10:00:00Z,cyl_005,13.71
2026-07-04T11:00:00Z,cyl_001,12.31
2026-07-04T11:00:00Z,cyl_002,3.3
2026-07-04T11:00:00Z,cyl_003,12.17
2026-07-04T11:00:00Z,cyl_004,14.11
2026-07-04T11:00:00Z,cyl_005,13.66
2026-07-04T12:00:00Z,cyl_001,12.36
2026-07-04T12:00:00Z,cyl_002,3.29
2026-07-04T12:00:00Z,cyl_003,12.16
2026-07-04T12:00:00Z,cyl_004,14.11
2026-07-04T12:00:00Z,cyl_005,13.68
2026-07-04T13:00:00Z,cyl_001,12.3
2026-07-04T13:00:00Z,cyl_002,3.23
2026-07-04T13:00:00Z,cyl_003,12.09
2026-07-04T13:00:00Z,cyl_004,14.13
2026-07-04T13:00:00Z,cyl_005,13.7
2026-07-04T14:00:00Z,cyl_001,12.34
2026-07-04T14:00:00Z,cyl_002,3.23
2026-07-04T14:00:00Z,cyl_003,12.05
2026-07-04T14:00:00Z,cyl_004,14.11
2026-07-04T14:00:00Z,cyl_005,13.72
2026-07-04T15:00:00Z,cyl_001,12.38
2026-07-04T15:00:00Z,cyl_002,3.25
2026-07-04T15:00:00Z,cyl_003,12.05
2026-07-04T15:00:00Z,cyl_004,14.12
2026-07-04T15:00:00Z,cyl_005,13.63
2026-07-04T16:00:00Z,cyl_001,12.27
2026-07-04T16:00:00Z,cyl_002,3.19
2026-07-04T16:00:00Z,cyl_003,12.04
2026-07-04T16:00:00Z,cyl_004,14.07
2026-07-04T16:00:00Z,cyl_005,13.64
2026-07-04T17:00:00Z,cyl_001,11.11
2026-07-04T17:00:00Z,cyl_002,3.28
2026-07-04T17:00:00Z,cyl_003,12.05
2026-07-04T17:00:00Z,cyl_004,14.04
2026-07-04T17:00:00Z,cyl_005,13.58
2026-07-04T18:00:00Z,cyl_001,9.94
2026-07-04T18:00:00Z,cyl_002,3.18
2026-07-04T18:00:00Z,cyl_003,12.07
2026-07-04T18:00:00Z,cyl_004,14.1
2026-07-04T18:00:00Z,cyl_005,13.61
2026-07-04T19:00:00Z,cyl_001,9.99
2026-07-04T19:00:00Z,cyl_002,3.23
2026-07-04T19:00:00Z,cyl_003,12.05
2026-07-04T19:00:00Z,cyl_004,14.03
2026-07-04T19:00:00Z,cyl_005,13.64
2026-07-04T20:00:00Z,cyl_001,9.96
2026-07-04T20:00:00Z,cyl_002,3.14
2026-07-04T20:00:00Z,cyl_003,12.05
2026-07-04T20:00:00Z,cyl_004,14.0
2026-07-04T20:00:00Z,cyl_005,13.57
2026-07-04T21:00:00Z,cyl_001,9.98
2026-07-04T21:00:00Z,cyl_002,3.24
2026-07-04T21:00:00Z,cyl_003,12.03
2026-07-04T21:00:00Z,cyl_004,14.0
2026-07-04T21:00:00Z,cyl_005,13.62
2026-07-04T22:00:00Z,cyl_001,9.93
2026-07-04T22:00:00Z,cyl_002,3.19
2026-07-04T22:00:00Z,cyl_003,12.0
2026-07-04T22:00:00Z,cyl_004,14.04
2026-07-04T22:00:00Z,cyl_005,13.54
2026-07-04T23:00:00Z,cyl_001,9.92
2026-07-04T23:00:00Z,cyl_002,3.21
2026-07-04T23:00:00Z,cyl_003,12.03
2026-07-04T23:00:00Z,cyl_004,14.02
2026-07-04T23:00:00Z,cyl_005,13.53
2026-07-05T00:00:00Z,cyl_001,9.94
2026-07-05T00:00:00Z,cyl_002,3.14
2026-07-05T00:00:00Z,cyl_003,12.02
2026-07-05T00:00:00Z,cyl_004,13.99
2026-07-05T00:00:00Z,cyl_005,13.54
2026-07-05T01:00:00Z,cyl_001,9.95
2026-07-05T01:00:00Z,cyl_002,3.13
2026-07-05T01:00:00Z,cyl_003,12.02
2026-07-05T01:00:00Z,cyl_004,13.98
2026-07-05T01:00:00Z,cyl_005,13.57
2026-07-05T02:00:00Z,cyl_001,9.92
2026-07-05T02:00:00Z,cyl_002,3.17
2026-07-05T02:00:00Z,cyl_003,12.03
2026-07-05T02:00:00Z,cyl_004,13.98
2026-07-05T02:00:00Z,cyl_005,13.54
2026-07-05T03:00:00Z,cyl_001,9.88
2026-07-05T03:00:00Z,cyl_002,3.22
2026-07-05T03:00:00Z,cyl_003,11.92
2026-07-05T03:00:00Z,cyl_004,14.0
2026-07-05T03:00:00Z,cyl_005,13.52
2026-07-05T04:00:00Z,cyl_001,9.87
2026-07-05T04:00:00Z,cyl_002,3.16
2026-07-05T04:00:00Z,cyl_003,11.96
2026-07-05T04:00:00Z,cyl_004,13.91
2026-07-05T04:00:00Z,cyl_005,13.45
2026-07-05T05:00:00Z,cyl_001,9.86
2026-07-05T05:00:00Z,cyl_002,3.12
2026-07-05T05:00:00Z,cyl_003,11.93
2026-07-05T05:00:00Z,cyl_004,13.94
2026-07-05T05:00:00Z,cyl_005,13.51
2026-07-05T06:00:00Z,cyl_001,9.89
2026-07-05T06:00:00Z,cyl_002,3.09
2026-07-05T06:00:00Z,cyl_003,11.92
2026-07-05T06:00:00Z,cyl_004,13.95
2026-07-05T06:00:00Z,cyl_005,13.47
2026-07-05T07:00:00Z,cyl_001,9.8
2026-07-05T07:00:00Z,cyl_002,3.08
2026-07-05T07:00:00Z,cyl_003,11.92
2026-07-05T07:00:00Z,cyl_004,13.86
2026-07-05T07:00:00Z,cyl_005,13.47
2026-07-05T08:00:00Z,cyl_001,9.81
2026-07-05T08:00:00Z,cyl_002,3.12
2026-07-05T08:00:00Z,cyl_003,11.86
2026-07-05T08:00:00Z,cyl_004,13.92
2026-07-05T08:00:00Z,cyl_005,13.42
2026-07-05T09:00:00Z,cyl_001,9.83
2026-07-05T09:00:00Z,cyl_002,3.1
2026-07-05T09:00:00Z,cyl_003,11.89
2026-07-05T09:00:00Z,cyl_004,13.9
2026-07-05T09:00:00Z,cyl_005,13.4
2026-07-05T10:00:00Z,cyl_001,9.82
2026-07-05T10:00:00Z,cyl_002,3.06
2026-07-05T10:00:00Z,cyl_003,11.91
2026-07-05T10:00:00Z,cyl_004,13.9
2026-07-05T10:00:00Z,cyl_005,13.4
2026-07-05T11:00:00Z,cyl_001,9.84
2026-07-05T11:00:00Z,cyl_002,3.05
2026-07-05T11:00:00Z,cyl_003,11.91
2026-07-05T11:00:00Z,cyl_004,13.91
2026-07-05T11:00:00Z,cyl_005,13.39
2026-07-05T12:00:00Z,cyl_001,9.76
2026-07-05T12:00:00Z,cyl_002,3.06
2026-07-05T12:00:00Z,cyl_003,11.88
2026-07-05T12:00:00Z,cyl_004,13.92
2026-07-05T12:00:00Z,cyl_005,13.42
2026-07-05T13:00:00Z,cyl_001,9.75
2026-07-05T13:00:00Z,cyl_002,3.02
2026-07-05T13:00:00Z,cyl_003,11.88
2026-07-05T13:00:00Z,cyl_004,13.85
2026-07-05T13:00:00Z,cyl_005,13.41
2026-07-05T14:00:00Z,cyl_001,9.76
2026-07-05T14:00:00Z,cyl_002,3.04
2026-07-05T14:00:00Z,cyl_003,11.91
2026-07-05T14:00:00Z,cyl_004,13.85
2026-07-05T14:00:00Z,cyl_005,13.33
2026-07-05T15:00:00Z,cyl_001,9.73
2026-07-05T15:00:00Z,cyl_002,3.02
2026-07-05T15:00:00Z,cyl_003,11.89
2026-07-05T15:00:00Z,cyl_004,13.85
2026-07-05T15:00:00Z,cyl_005,13.36
2026-07-05T16:00:00Z,cyl_001,9.78
2026-07-05T16:00:00Z,cyl_002,3.05
2026-07-05T16:00:00Z,cyl_003,11.83
2026-07-05T16:00:00Z,cyl_004,13.92
2026-07-05T16:00:00Z,cyl_005,13.33
2026-07-05T17:00:00Z,cyl_001,9.73
2026-07-05T17:00:00Z,cyl_002,2.97
2026-07-05T17:00:00Z,cyl_003,11.84
2026-07-05T17:00:00Z,cyl_004,13.85
2026-07-05T17:00:00Z,cyl_005,13.34
2026-07-05T18:00:00Z,cyl_001,9.68
2026-07-05T18:00:00Z,cyl_002,2.95
2026-07-05T18:00:00Z,cyl_003,11.83
2026-07-05T18:00:00Z,cyl_004,13.84
2026-07-05T18:00:00Z,cyl_005,13.3
2026-07-05T19:00:00Z,cyl_001,9.7
2026-07-05T19:00:00Z,cyl_002,3.04
2026-07-05T19:00:00Z,cyl_003,11.79
2026-07-05T19:00:00Z,cyl_004,13.87
2026-07-05T19:00:00Z,cyl_005,13.37
2026-07-05T20:00:00Z,cyl_001,9.7
2026-07-05T20:00:00Z,cyl_002,2.93
2026-07-05T20:00:00Z,cyl_003,11.81
2026-07-05T20:00:00Z,cyl_004,13.84
2026-07-05T20:00:00Z,cyl_005,13.35
2026-07-05T21:00:00Z,cyl_001,9.74
2026-07-05T21:00:00Z,cyl_002,2.93
2026-07-05T21:00:00Z,cyl_003,11.81
2026-07-05T21:00:00Z,cyl_004,13.76
2026-07-05T21:00:00Z,cyl_005,13.29
2026-07-05T22:00:00Z,cyl_001,9.67
2026-07-05T22:00:00Z,cyl_002,2.95
2026-07-05T22:00:00Z,cyl_003,11.77
2026-07-05T22:00:00Z,cyl_004,13.81
2026-07-05T22:00:00Z,cyl_005,13.31
2026-07-05T23:00:00Z,cyl_001,9.66
2026-07-05T23:00:00Z,cyl_002,2.9
2026-07-05T23:00:00Z,cyl_003,11.79
2026-07-05T23:00:00Z,cyl_004,13.79
2026-07-05T23:00:00Z,cyl_005,13.21
2026-07-06T00:00:00Z,cyl_001,9.64
2026-07-06T00:00:00Z,cyl_002,2.93
2026-07-06T00:00:00Z,cyl_003,11.76
2026-07-06T00:00:00Z,cyl_004,13.77
2026-07-06T00:00:00Z,cyl_005,13.27
2026-07-06T01:00:00Z,cyl_001,9.59
2026-07-06T01:00:00Z,cyl_002,2.95
2026-07-06T01:00:00Z,cyl_003,11.75
2026-07-06T01:00:00Z,cyl_004,13.74
2026-07-06T01:00:00Z,cyl_005,13.25
2026-07-06T02:00:00Z,cyl_001,9.61
2026-07-06T02:00:00Z,cyl_002,2.88
2026-07-06T02:00:00Z,cyl_003,11.76
2026-07-06T02:00:00Z,cyl_004,13.73
2026-07-06T02:00:00Z,cyl_005,13.14
2026-07-06T03:00:00Z,cyl_001,9.66
2026-07-06T03:00:00Z,cyl_002,2.91
2026-07-06T03:00:00Z,cyl_003,11.74
2026-07-06T03:00:00Z,cyl_004,13.74
2026-07-06T03:00:00Z,cyl_005,13.22
2026-07-06T04:00:00Z,cyl_001,9.65
2026-07-06T04:00:00Z,cyl_002,2.93
2026-07-06T04:00:00Z,cyl_003,11.7
2026-07-06T04:00:00Z,cyl_004,13.76
2026-07-06T04:00:00Z,cyl_005,13.26
2026-07-06T05:00:00Z,cyl_001,9.59
2026-07-06T05:00:00Z,cyl_002,2.89
2026-07-06T05:00:00Z,cyl_003,11.67
2026-07-06T05:00:00Z,cyl_004,13.75
2026-07-06T05:00:00Z,cyl_005,13.2
2026-07-06T06:00:00Z,cyl_001,9.63
2026-07-06T06:00:00Z,cyl_002,2.84
2026-07-06T06:00:00Z,cyl_003,11.7
2026-07-06T06:00:00Z,cyl_004,13.73
2026-07-06T06:00:00Z,cyl_005,13.2
2026-07-06T07:00:00Z,cyl_001,9.59
2026-07-06T07:00:00Z,cyl_002,2.88
2026-07-06T07:00:00Z,cyl_003,11.69
2026-07-06T07:00:00Z,cyl_004,13.72
2026-07-06T07:00:00Z,cyl_005,13.16
2026-07-06T08:00:00Z,cyl_001,9.61
2026-07-06T08:00:00Z,cyl_002,2.85
2026-07-06T08:00:00Z,cyl_003,11.67
2026-07-06T08:00:00Z,cyl_004,13.74
2026-07-06T08:00:00Z,cyl_005,13.18
2026-07-06T09:00:00Z,cyl_001,9.61
2026-07-06T09:00:00Z,cyl_002,2.81
2026-07-06T09:00:00Z,cyl_003,11.67
2026-07-06T09:00:00Z,cyl_004,13.68
2026-07-06T09:00:00Z,cyl_005,13.15
2026-07-06T10:00:00Z,cyl_001,9.5
2026-07-06T10:00:00Z,cyl_002,2.8
2026-07-06T10:00:00Z,cyl_003,11.66
2026-07-06T10:00:00Z,cyl_004,13.72
2026-07-06T10:00:00Z,cyl_005,13.17
2026-07-06T11:00:00Z,cyl_001,9.53
2026-07-06T11:00:00Z,cyl_002,2.84
2026-07-06T11:00:00Z,cyl_003,11.68
2026-07-06T11:00:00Z,cyl_004,13.73
2026-07-06T11:00:00Z,cyl_005,13.18
2026-07-06T12:00:00Z,cyl_001,9.43
2026-07-06T12:00:00Z,cyl_002,2.75
2026-07-06T12:00:00Z,cyl_003,11.69
2026-07-06T12:00:00Z,cyl_004,13.67
2026-07-06T12:00:00Z,cyl_005,13.11
2026-07-06T13:00:00Z,cyl_001,9.52
2026-07-06T13:00:00Z,cyl_002,2.81
2026-07-06T13:00:00Z,cyl_003,11.64
2026-07-06T13:00:00Z,cyl_004,13.64
2026-07-06T13:00:00Z,cyl_005,13.08
2026-07-06T14:00:00Z,cyl_001,9.5
2026-07-06T14:00:00Z,cyl_002,2.78
2026-07-06T14:00:00Z,cyl_003,11.67
2026-07-06T14:00:00Z,cyl_004,13.64
2026-07-06T14:00:00Z,cyl_005,13.08
2026-07-06T15:00:00Z,cyl_001,9.57
2026-07-06T15:00:00Z,cyl_002,2.71
2026-07-06T15:00:00Z,cyl_003,11.66
2026-07-06T15:00:00Z,cyl_004,13.65
2026-07-06T15:00:00Z,cyl_005,13.15
2026-07-06T16:00:00Z,cyl_001,9.51
2026-07-06T16:00:00Z,cyl_002,2.77
2026-07-06T16:00:00Z,cyl_003,11.69
2026-07-06T16:00:00Z,cyl_004,13.62
2026-07-06T16:00:00Z,cyl_005,13.03
2026-07-06T17:00:00Z,cyl_001,9.48
2026-07-06T17:00:00Z,cyl_002,2.74
2026-07-06T17:00:00Z,cyl_003,11.67
2026-07-06T17:00:00Z,cyl_004,13.65
2026-07-06T17:00:00Z,cyl_005,13.04
2026-07-06T18:00:00Z,cyl_001,9.47
2026-07-06T18:00:00Z,cyl_002,2.69
2026-07-06T18:00:00Z,cyl_003,11.67
2026-07-06T18:00:00Z,cyl_004,13.52
2026-07-06T18:00:00Z,cyl_005,13.11
2026-07-06T19:00:00Z,cyl_001,9.49
2026-07-06T19:00:00Z,cyl_002,2.75
2026-07-06T19:00:00Z,cyl_003,11.68
2026-07-06T19:00:00Z,cyl_004,13.59
2026-07-06T19:00:00Z,cyl_005,13.07
2026-07-06T20:00:00Z,cyl_001,9.45
2026-07-06T20:00:00Z,cyl_002,2.72
2026-07-06T20:00:00Z,cyl_003,11.6
2026-07-06T20:00:00Z,cyl_004,13.54
2026-07-06T20:00:00Z,cyl_005,13.03
2026-07-06T21:00:00Z,cyl_001,9.49
2026-07-06T21:00:00Z,cyl_002,2.7
2026-07-06T21:00:00Z,cyl_003,11.7
2026-07-06T21:00:00Z,cyl_004,13.56
2026-07-06T21:00:00Z,cyl_005,12.99
2026-07-06T22:00:00Z,cyl_001,9.4
2026-07-06T22:00:00Z,cyl_002,2.71
2026-07-06T22:00:00Z,cyl_003,11.62
2026-07-06T22:00:00Z,cyl_004,13.56
2026-07-06T22:00:00Z,cyl_005,13.04
2026-07-06T23:00:00Z,cyl_001,9.33
2026-07-06T23:00:00Z,cyl_002,2.68
2026-07-06T23:00:00Z,cyl_003,11.7
2026-07-06T23:00:00Z,cyl_004,13.6
2026-07-06T23:00:00Z,cyl_005,12.99
2026-07-07T00:00:00Z,cyl_001,9.43
2026-07-07T00:00:00Z,cyl_002,2.65
2026-07-07T00:00:00Z,cyl_003,11.74
2026-07-07T00:00:00Z,cyl_004,13.62
2026-07-07T00:00:00Z,cyl_005,12.95
2026-07-07T01:00:00Z,cyl_001,9.42
2026-07-07T01:00:00Z,cyl_002,2.65
2026-07-07T01:00:00Z,cyl_003,11.7
2026-07-07T01:00:00Z,cyl_004,13.55
2026-07-07T01:00:00Z,cyl_005,13.01
2026-07-07T02:00:00Z,cyl_001,9.43
2026-07-07T02:00:00Z,cyl_002,2.61
2026-07-07T02:00:00Z,cyl_003,11.68
2026-07-07T02:00:00Z,cyl_004,13.52
2026-07-07T02:00:00Z,cyl_005,13.02
2026-07-07T03:00:00Z,cyl_001,9.36
2026-07-07T03:00:00Z,cyl_002,2.65
2026-07-07T03:00:00Z,cyl_003,11.67
2026-07-07T03:00:00Z,cyl_004,13.53
2026-07-07T03:00:00Z,cyl_005,12.97
2026-07-07T04:00:00Z,cyl_001,9.37
2026-07-07T04:00:00Z,cyl_002,2.63
2026-07-07T04:00:00Z,cyl_003,11.65
2026-07-07T04:00:00Z,cyl_004,13.54
2026-07-07T04:00:00Z,cyl_005,12.93
2026-07-07T05:00:00Z,cyl_001,9.4
2026-07-07T05:00:00Z,cyl_002,2.63
2026-07-07T05:00:00Z,cyl_003,11.67
2026-07-07T05:00:00Z,cyl_004,13.52
2026-07-07T05:00:00Z,cyl_005,12.89
2026-07-07T06:00:00Z,cyl_001,9.38
2026-07-07T06:00:00Z,cyl_002,2.68
2026-07-07T06:00:00Z,cyl_003,11.64
2026-07-07T06:00:00Z,cyl_004,13.53
2026-07-07T06:00:00Z,cyl_005,12.93
2026-07-07T07:00:00Z,cyl_001,9.37
2026-07-07T07:00:00Z,cyl_002,2.59
2026-07-07T07:00:00Z,cyl_003,11.63
2026-07-07T07:00:00Z,cyl_004,13.51
2026-07-07T07:00:00Z,cyl_005,12.91
2026-07-07T08:00:00Z,cyl_001,9.27
2026-07-07T08:00:00Z,cyl_002,2.61
2026-07-07T08:00:00Z,cyl_003,11.62
2026-07-07T08:00:00Z,cyl_004,13.48
2026-07-07T08:00:00Z,cyl_005,12.89
2026-07-07T09:00:00Z,cyl_001,9.39
2026-07-07T09:00:00Z,cyl_002,2.58
2026-07-07T09:00:00Z,cyl_003,11.63
2026-07-07T09:00:00Z,cyl_004,13.52
2026-07-07T09:00:00Z,cyl_005,12.88
2026-07-07T10:00:00Z,cyl_001,9.3
2026-07-07T10:00:00Z,cyl_002,2.58
2026-07-07T10:00:00Z,cyl_003,11.64
2026-07-07T10:00:00Z,cyl_004,13.48
2026-07-07T10:00:00Z,cyl_005,12.88
2026-07-07T11:00:00Z,cyl_001,9.28
2026-07-07T11:00:00Z,cyl_002,2.62
2026-07-07T11:00:00Z,cyl_003,11.61
2026-07-07T11:00:00Z,cyl_004,13.43
2026-07-07T11:00:00Z,cyl_005,12.87
2026-07-07T12:00:00Z,cyl_001,9.26
2026-07-07T12:00:00Z,cyl_002,2.53
2026-07-07T12:00:00Z,cyl_003,11.61
2026-07-07T12:00:00Z,cyl_004,13.46
2026-07-07T12:00:00Z,cyl_005,12.82
2026-07-07T13:00:00Z,cyl_001,9.23
2026-07-07T13:00:00Z,cyl_002,2.56
2026-07-07T13:00:00Z,cyl_003,11.58
2026-07-07T13:00:00Z,cyl_004,13.46
2026-07-07T13:00:00Z,cyl_005,12.86
2026-07-07T14:00:00Z,cyl_001,9.27
2026-07-07T14:00:00Z,cyl_002,2.48
2026-07-07T14:00:00Z,cyl_003,11.52
2026-07-07T14:00:00Z,cyl_004,13.39
2026-07-07T14:00:00Z,cyl_005,12.81
2026-07-07T15:00:00Z,cyl_001,9.26
2026-07-07T15:00:00Z,cyl_002,2.52
2026-07-07T15:00:00Z,cyl_003,11.57
2026-07-07T15:00:00Z,cyl_004,13.42
2026-07-07T15:00:00Z,cyl_005,12.85
2026-07-07T16:00:00Z,cyl_001,9.3
2026-07-07T16:00:00Z,cyl_002,2.52
2026-07-07T16:00:00Z,cyl_003,11.54
2026-07-07T16:00:00Z,cyl_004,13.38
2026-07-07T16:00:00Z,cyl_005,12.78
2026-07-07T17:00:00Z,cyl_001,9.19
2026-07-07T17:00:00Z,cyl_002,2.53
2026-07-07T17:00:00Z,cyl_003,11.51
2026-07-07T17:00:00Z,cyl_004,13.39
2026-07-07T17:00:00Z,cyl_005,12.78
2026-07-07T18:00:00Z,cyl_001,9.21
2026-07-07T18:00:00Z,cyl_002,2.53
2026-07-07T18:00:00Z,cyl_003,11.52
2026-07-07T18:00:00Z,cyl_004,13.36
2026-07-07T18:00:00Z,cyl_005,12.83
2026-07-07T19:00:00Z,cyl_001,9.19
2026-07-07T19:00:00Z,cyl_002,2.48
2026-07-07T19:00:00Z,cyl_003,11.56
2026-07-07T19:00:00Z,cyl_004,13.36
2026-07-07T19:00:00Z,cyl_005,12.76
2026-07-07T20:00:00Z,cyl_001,9.26
2026-07-07T20:00:00Z,cyl_002,2.44
2026-07-07T20:00:00Z,cyl_003,11.51
2026-07-07T20:00:00Z,cyl_004,13.36
2026-07-07T20:00:00Z,cyl_005,12.78
2026-07-07T21:00:00Z,cyl_001,9.2
2026-07-07T21:00:00Z,cyl_002,2.43
2026-07-07T21:00:00Z,cyl_003,11.47
2026-07-07T21:00:00Z,cyl_004,13.35
2026-07-07T21:00:00Z,cyl_005,12.76
2026-07-07T22:00:00Z,cyl_001,9.2
2026-07-07T22:00:00Z,cyl_002,2.46
2026-07-07T22:00:00Z,cyl_003,11.48
2026-07-07T22:00:00Z,cyl_004,13.37
2026-07-07T22:00:00Z,cyl_005,12.71
2026-07-07T23:00:00Z,cyl_001,9.2
2026-07-07T23:00:00Z,cyl_002,2.43
2026-07-07T23:00:00Z,cyl_003,11.47
2026-07-07T23:00:00Z,cyl_004,13.35
2026-07-07T23:00:00Z,cyl_005,12.72
2026-07-08T00:00:00Z,cyl_001,9.16
2026-07-08T00:00:00Z,cyl_002,2.44
2026-07-08T00:00:00Z,cyl_003,11.46
2026-07-08T00:00:00Z,cyl_004,13.33
2026-07-08T00:00:00Z,cyl_005,12.72
2026-07-08T01:00:00Z,cyl_001,9.15
2026-07-08T01:00:00Z,cyl_002,2.46
2026-07-08T01:00:00Z,cyl_003,11.49
2026-07-08T01:00:00Z,cyl_004,13.27
2026-07-08T01:00:00Z,cyl_005,12.71
2026-07-08T02:00:00Z,cyl_001,9.08
2026-07-08T02:00:00Z,cyl_002,2.42
2026-07-08T02:00:00Z,cyl_003,11.41
2026-07-08T02:00:00Z,cyl_004,13.31
2026-07-08T02:00:00Z,cyl_005,12.69
2026-07-08T03:00:00Z,cyl_001,9.12
2026-07-08T03:00:00Z,cyl_002,2.33
2026-07-08T03:00:00Z,cyl_003,11.45
2026-07-08T03:00:00Z,cyl_004,13.31
2026-07-08T03:00:00Z,cyl_005,12.68
2026-07-08T04:00:00Z,cyl_001,9.12
2026-07-08T04:00:00Z,cyl_002,2.37
2026-07-08T04:00:00Z,cyl_003,11.42
2026-07-08T04:00:00Z,cyl_004,13.31
2026-07-08T04:00:00Z,cyl_005,12.68
2026-07-08T05:00:00Z,cyl_001,9.05
2026-07-08T05:00:00Z,cyl_002,2.38
2026-07-08T05:00:00Z,cyl_003,11.44
2026-07-08T05:00:00Z,cyl_004,13.24
2026-07-08T05:00:00Z,cyl_005,12.65
2026-07-08T06:00:00Z,cyl_001,9.1
2026-07-08T06:00:00Z,cyl_002,2.34
2026-07-08T06:00:00Z,cyl_003,11.43
2026-07-08T06:00:00Z,cyl_004,13.28
2026-07-08T06:00:00Z,cyl_005,12.6
2026-07-08T07:00:00Z,cyl_001,9.09
2026-07-08T07:00:00Z,cyl_002,2.37
2026-07-08T07:00:00Z,cyl_003,11.36
2026-07-08T07:00:00Z,cyl_004,13.25
2026-07-08T07:00:00Z,cyl_005,12.65
2026-07-08T08:00:00Z,cyl_001,9.08
2026-07-08T08:00:00Z,cyl_002,2.35
2026-07-08T08:00:00Z,cyl_003,11.39
2026-07-08T08:00:00Z,cyl_004,13.26
2026-07-08T08:00:00Z,cyl_005,12.61
2026-07-08T09:00:00Z,cyl_001,9.08
2026-07-08T09:00:00Z,cyl_002,2.29
2026-07-08T09:00:00Z,cyl_003,11.38
2026-07-08T09:00:00Z,cyl_004,13.25
2026-07-08T09:00:00Z,cyl_005,12.6
2026-07-08T10:00:00Z,cyl_001,9.09
2026-07-08T10:00:00Z,cyl_002,2.3
2026-07-08T10:00:00Z,cyl_003,11.36
2026-07-08T10:00:00Z,cyl_004,13.27
2026-07-08T10:00:00Z,cyl_005,12.62
2026-07-08T11:00:00Z,cyl_001,9.07
2026-07-08T11:00:00Z,cyl_002,2.33
2026-07-08T11:00:00Z,cyl_003,11.36
2026-07-08T11:00:00Z,cyl_004,13.18
2026-07-08T11:00:00Z,cyl_005,12.57
2026-07-08T12:00:00Z,cyl_001,9.09
2026-07-08T12:00:00Z,cyl_002,2.32
2026-07-08T12:00:00Z,cyl_003,11.38
2026-07-08T12:00:00Z,cyl_004,13.21
2026-07-08T12:00:00Z,cyl_005,12.55
2026-07-08T13:00:00Z,cyl_001,9.11
2026-07-08T13:00:00Z,cyl_002,2.31
2026-07-08T13:00:00Z,cyl_003,11.41
2026-07-08T13:00:00Z,cyl_004,13.22
2026-07-08T13:00:00Z,cyl_005,12.52
2026-07-08T14:00:00Z,cyl_001,9.04
2026-07-08T14:00:00Z,cyl_002,2.33
2026-07-08T14:00:00Z,cyl_003,11.36
2026-07-08T14:00:00Z,cyl_004,13.22
2026-07-08T14:00:00Z,cyl_005,12.59
2026-07-08T15:00:00Z,cyl_001,9.02
2026-07-08T15:00:00Z,cyl_002,2.28
2026-07-08T15:00:00Z,cyl_003,11.32
2026-07-08T15:00:00Z,cyl_004,13.17
2026-07-08T15:00:00Z,cyl_005,12.55
2026-07-08T16:00:00Z,cyl_001,9.02
2026-07-08T16:00:00Z,cyl_002,2.3
2026-07-08T16:00:00Z,cyl_003,11.32
2026-07-08T16:00:00Z,cyl_004,13.18
2026-07-08T16:00:00Z,cyl_005,12.54
2026-07-08T17:00:00Z,cyl_001,8.99
2026-07-08T17:00:00Z,cyl_002,2.21
2026-07-08T17:00:00Z,cyl_003,11.35
2026-07-08T17:00:00Z,cyl_004,13.16
2026-07-08T17:00:00Z,cyl_005,12.53
2026-07-08T18:00:00Z,cyl_001,9.02
2026-07-08T18:00:00Z,cyl_002,2.28
2026-07-08T18:00:00Z,cyl_003,11.31
2026-07-08T18:00:00Z,cyl_004,13.15
2026-07-08T18:00:00Z,cyl_005,12.5
2026-07-08T19:00:00Z,cyl_001,9.0
2026-07-08T19:00:00Z,cyl_002,2.24
2026-07-08T19:00:00Z,cyl_003,11.28
2026-07-08T19:00:00Z,cyl_004,13.11
2026-07-08T19:00:00Z,cyl_005,12.52
2026-07-08T20:00:00Z,cyl_001,8.97
2026-07-08T20:00:00Z,cyl_002,2.28
2026-07-08T20:00:00Z,cyl_003,11.33
2026-07-08T20:00:00Z,cyl_004,13.14
2026-07-08T20:00:00Z,cyl_005,12.44
2026-07-08T21:00:00Z,cyl_001,8.98
2026-07-08T21:00:00Z,cyl_002,2.21
2026-07-08T21:00:00Z,cyl_003,11.28
2026-07-08T21:00:00Z,cyl_004,13.15
2026-07-08T21:00:00Z,cyl_005,12.45
2026-07-08T22:00:00Z,cyl_001,8.92
2026-07-08T22:00:00Z,cyl_002,2.2
2026-07-08T22:00:00Z,cyl_003,11.3
2026-07-08T22:00:00Z,cyl_004,13.14
2026-07-08T22:00:00Z,cyl_005,12.47
2026-07-08T23:00:00Z,cyl_001,8.93
2026-07-08T23:00:00Z,cyl_002,2.17
2026-07-08T23:00:00Z,cyl_003,11.26
2026-07-08T23:00:00Z,cyl_004,13.09
2026-07-08T23:00:00Z,cyl_005,12.4
2026-07-09T00:00:00Z,cyl_001,8.84
2026-07-09T00:00:00Z,cyl_002,2.18
2026-07-09T00:00:00Z,cyl_003,11.26
2026-07-09T00:00:00Z,cyl_004,13.07
2026-07-09T00:00:00Z,cyl_005,12.41
2026-07-09T01:00:00Z,cyl_001,8.91
2026-07-09T01:00:00Z,cyl_002,2.14
2026-07-09T01:00:00Z,cyl_003,11.24
2026-07-09T01:00:00Z,cyl_004,13.11
2026-07-09T01:00:00Z,cyl_005,12.44
2026-07-09T02:00:00Z,cyl_001,8.9
2026-07-09T02:00:00Z,cyl_002,2.14
2026-07-09T02:00:00Z,cyl_003,11.21
2026-07-09T02:00:00Z,cyl_004,13.1
2026-07-09T02:00:00Z,cyl_005,12.4
2026-07-09T03:00:00Z,cyl_001,8.93
2026-07-09T03:00:00Z,cyl_002,2.14
2026-07-09T03:00:00Z,cyl_003,11.22
2026-07-09T03:00:00Z,cyl_004,15.22
2026-07-09T03:00:00Z,cyl_005,12.41
2026-07-09T04:00:00Z,cyl_001,8.9
2026-07-09T04:00:00Z,cyl_002,2.13
2026-07-09T04:00:00Z,cyl_003,11.24
2026-07-09T04:00:00Z,cyl_004,13.11
2026-07-09T04:00:00Z,cyl_005,12.38
2026-07-09T05:00:00Z,cyl_001,8.88
2026-07-09T05:00:00Z,cyl_002,2.15
2026-07-09T05:00:00Z,cyl_003,11.22
2026-07-09T05:00:00Z,cyl_004,13.02
2026-07-09T05:00:00Z,cyl_005,12.37
2026-07-09T06:00:00Z,cyl_001,8.89
2026-07-09T06:00:00Z,cyl_002,2.11
2026-07-09T06:00:00Z,cyl_003,11.17
2026-07-09T06:00:00Z,cyl_004,13.1
2026-07-09T06:00:00Z,cyl_005,12.41
2026-07-09T07:00:00Z,cyl_001,8.82
2026-07-09T07:00:00Z,cyl_002,2.1
2026-07-09T07:00:00Z,cyl_003,11.19
2026-07-09T07:00:00Z,cyl_004,13.02
2026-07-09T07:00:00Z,cyl_005,12.36
2026-07-09T08:00:00Z,cyl_001,8.85
2026-07-09T08:00:00Z,cyl_002,2.12
2026-07-09T08:00:00Z,cyl_003,11.14
2026-07-09T08:00:00Z,cyl_004,13.05
2026-07-09T08:00:00Z,cyl_005,12.32
2026-07-09T09:00:00Z,cyl_001,8.86
2026-07-09T09:00:00Z,cyl_002,2.05
2026-07-09T09:00:00Z,cyl_003,11.19
2026-07-09T09:00:00Z,cyl_004,13.03
2026-07-09T09:00:00Z,cyl_005,12.3
2026-07-09T10:00:00Z,cyl_001,8.87
2026-07-09T10:00:00Z,cyl_002,2.06
2026-07-09T10:00:00Z,cyl_003,11.16
2026-07-09T10:00:00Z,cyl_004,13.05
2026-07-09T10:00:00Z,cyl_005,12.27
2026-07-09T11:00:00Z,cyl_001,8.82
2026-07-09T11:00:00Z,cyl_002,1.99
2026-07-09T11:00:00Z,cyl_003,11.06
2026-07-09T11:00:00Z,cyl_004,12.98
2026-07-09T11:00:00Z,cyl_005,12.34
2026-07-09T12:00:00Z,cyl_001,8.8
2026-07-09T12:00:00Z,cyl_002,2.07
2026-07-09T12:00:00Z,cyl_003,11.12
2026-07-09T12:00:00Z,cyl_004,13.07
2026-07-09T12:00:00Z,cyl_005,12.31
2026-07-09T13:00:00Z,cyl_001,8.74
2026-07-09T13:00:00Z,cyl_002,2.06
2026-07-09T13:00:00Z,cyl_003,11.19
2026-07-09T13:00:00Z,cyl_004,12.97
2026-07-09T13:00:00Z,cyl_005,12.22
2026-07-09T14:00:00Z,cyl_001,8.76
2026-07-09T14:00:00Z,cyl_002,2.04
2026-07-09T14:00:00Z,cyl_003,11.1
2026-07-09T14:00:00Z,cyl_004,13.0
2026-07-09T14:00:00Z,cyl_005,12.29
2026-07-09T15:00:00Z,cyl_001,8.81
2026-07-09T15:00:00Z,cyl_002,1.99
2026-07-09T15:00:00Z,cyl_003,11.16
2026-07-09T15:00:00Z,cyl_004,12.95
2026-07-09T15:00:00Z,cyl_005,12.26
2026-07-09T16:00:00Z,cyl_001,8.77
2026-07-09T16:00:00Z,cyl_002,1.97
2026-07-09T16:00:00Z,cyl_003,11.05
2026-07-09T16:00:00Z,cyl_004,12.93
2026-07-09T16:00:00Z,cyl_005,12.23
2026-07-09T17:00:00Z,cyl_001,8.72
2026-07-09T17:00:00Z,cyl_002,2.03
2026-07-09T17:00:00Z,cyl_003,11.07
2026-07-09T17:00:00Z,cyl_004,13.01
2026-07-09T17:00:00Z,cyl_005,12.23
2026-07-09T18:00:00Z,cyl_001,8.71
2026-07-09T18:00:00Z,cyl_002,1.96
2026-07-09T18:00:00Z,cyl_003,11.04
2026-07-09T18:00:00Z,cyl_004,12.89
2026-07-09T18:00:00Z,cyl_005,12.23
2026-07-09T19:00:00Z,cyl_001,8.73
2026-07-09T19:00:00Z,cyl_002,1.98
2026-07-09T19:00:00Z,cyl_003,11.04
2026-07-09T19:00:00Z,cyl_004,12.97
2026-07-09T19:00:00Z,cyl_005,12.21
2026-07-09T20:00:00Z,cyl_001,8.72
2026-07-09T20:00:00Z,cyl_002,1.97
2026-07-09T20:00:00Z,cyl_003,11.05
2026-07-09T20:00:00Z,cyl_004,12.96
2026-07-09T20:00:00Z,cyl_005,12.21
2026-07-09T21:00:00Z,cyl_001,8.71
2026-07-09T21:00:00Z,cyl_002,1.93
2026-07-09T21:00:00Z,cyl_003,11.02
2026-07-09T21:00:00Z,cyl_004,12.9
2026-07-09T21:00:00Z,cyl_005,12.22
2026-07-09T22:00:00Z,cyl_001,8.68
2026-07-09T22:00:00Z,cyl_002,1.93
2026-07-09T22:00:00Z,cyl_003,10.97
2026-07-09T22:00:00Z,cyl_004,12.91
2026-07-09T22:00:00Z,cyl_005,12.18
2026-07-09T23:00:00Z,cyl_001,8.68
2026-07-09T23:00:00Z,cyl_002,1.96
2026-07-09T23:00:00Z,cyl_003,10.98
2026-07-09T23:00:00Z,cyl_004,12.89
2026-07-09T23:00:00Z,cyl_005,12.16
2026-07-10T00:00:00Z,cyl_001,8.65
2026-07-10T00:00:00Z,cyl_002,1.92
2026-07-10T00:00:00Z,cyl_003,11.0
2026-07-10T00:00:00Z,cyl_004,12.91
2026-07-10T00:00:00Z,cyl_005,12.18
2026-07-10T01:00:00Z,cyl_001,8.65
2026-07-10T01:00:00Z,cyl_002,1.9
2026-07-10T01:00:00Z,cyl_003,11.0
2026-07-10T01:00:00Z,cyl_004,12.82
2026-07-10T01:00:00Z,cyl_005,12.17
2026-07-10T02:00:00Z,cyl_001,8.65
2026-07-10T02:00:00Z,cyl_002,1.87
2026-07-10T02:00:00Z,cyl_003,10.99
2026-07-10T02:00:00Z,cyl_004,12.9
2026-07-10T02:00:00Z,cyl_005,12.14
2026-07-10T03:00:00Z,cyl_001,8.62
2026-07-10T03:00:00Z,cyl_002,1.87
2026-07-10T03:00:00Z,cyl_003,10.96
2026-07-10T03:00:00Z,cyl_004,12.82
2026-07-10T03:00:00Z,cyl_005,12.08
2026-07-10T04:00:00Z,cyl_001,8.63
2026-07-10T04:00:00Z,cyl_002,1.95
2026-07-10T04:00:00Z,cyl_003,10.94
2026-07-10T04:00:00Z,cyl_004,12.87
2026-07-10T04:00:00Z,cyl_005,12.09
2026-07-10T05:00:00Z,cyl_001,8.62
2026-07-10T05:00:00Z,cyl_002,1.86
2026-07-10T05:00:00Z,cyl_003,10.94
2026-07-10T05:00:00Z,cyl_004,12.83
2026-07-10T05:00:00Z,cyl_005,12.07
2026-07-10T06:00:00Z,cyl_001,8.62
2026-07-10T06:00:00Z,cyl_002,1.87
2026-07-10T06:00:00Z,cyl_003,10.93
2026-07-10T06:00:00Z,cyl_004,12.84
2026-07-10T06:00:00Z,cyl_005,12.12
2026-07-10T07:00:00Z,cyl_001,8.61
2026-07-10T07:00:00Z,cyl_002,1.8
2026-07-10T07:00:00Z,cyl_003,10.92
2026-07-10T07:00:00Z,cyl_004,12.8
2026-07-10T07:00:00Z,cyl_005,12.03
2026-07-10T08:00:00Z,cyl_001,8.7
2026-07-10T08:00:00Z,cyl_002,1.82
2026-07-10T08:00:00Z,cyl_003,10.91
2026-07-10T08:00:00Z,cyl_004,12.86
2026-07-10T08:00:00Z,cyl_005,12.1
2026-07-10T09:00:00Z,cyl_001,8.56
2026-07-10T09:00:00Z,cyl_002,1.85
2026-07-10T09:00:00Z,cyl_003,10.91
2026-07-10T09:00:00Z,cyl_004,10.46
2026-07-10T09:00:00Z,cyl_005,12.07
2026-07-10T10:00:00Z,cyl_001,8.57
2026-07-10T10:00:00Z,cyl_002,1.84
2026-07-10T10:00:00Z,cyl_003,10.9
2026-07-10T10:00:00Z,cyl_004,10.44
2026-07-10T10:00:00Z,cyl_005,12.01
2026-07-10T11:00:00Z,cyl_001,8.51
2026-07-10T11:00:00Z,cyl_002,1.85
2026-07-10T11:00:00Z,cyl_003,10.93
2026-07-10T11:00:00Z,cyl_004,10.42
2026-07-10T11:00:00Z,cyl_005,12.05
2026-07-10T12:00:00Z,cyl_001,8.56
2026-07-10T12:00:00Z,cyl_002,1.81
2026-07-10T12:00:00Z,cyl_003,10.9
2026-07-10T12:00:00Z,cyl_004,10.41
2026-07-10T12:00:00Z,cyl_005,12.09
2026-07-10T13:00:00Z,cyl_001,8.5
2026-07-10T13:00:00Z,cyl_002,1.77
2026-07-10T13:00:00Z,cyl_003,10.88
2026-07-10T13:00:00Z,cyl_004,10.44
2026-07-10T13:00:00Z,cyl_005,12.03
2026-07-10T14:00:00Z,cyl_001,8.52
2026-07-10T14:00:00Z,cyl_002,1.78
2026-07-10T14:00:00Z,cyl_003,10.87
2026-07-10T14:00:00Z,cyl_004,10.41
2026-07-10T14:00:00Z,cyl_005,12.01
2026-07-10T15:00:00Z,cyl_001,8.52
2026-07-10T15:00:00Z,cyl_002,1.81
2026-07-10T15:00:00Z,cyl_003,10.84
2026-07-10T15:00:00Z,cyl_004,10.31
2026-07-10T15:00:00Z,cyl_005,11.98
2026-07-10T16:00:00Z,cyl_001,8.52
2026-07-10T16:00:00Z,cyl_002,1.76
2026-07-10T16:00:00Z,cyl_003,10.86
2026-07-10T16:00:00Z,cyl_004,10.36
2026-07-10T16:00:00Z,cyl_005,11.97
2026-07-10T17:00:00Z,cyl_001,8.52
2026-07-10T17:00:00Z,cyl_002,1.72
2026-07-10T17:00:00Z,cyl_003,10.82
2026-07-10T17:00:00Z,cyl_004,10.36
2026-07-10T17:00:00Z,cyl_005,11.94
2026-07-10T18:00:00Z,cyl_001,8.42
2026-07-10T18:00:00Z,cyl_002,1.68
2026-07-10T18:00:00Z,cyl_003,10.76
2026-07-10T18:00:00Z,cyl_004,10.37
2026-07-10T18:00:00Z,cyl_005,11.87
2026-07-10T19:00:00Z,cyl_001,8.5
2026-07-10T19:00:00Z,cyl_002,1.7
2026-07-10T19:00:00Z,cyl_003,10.84
2026-07-10T19:00:00Z,cyl_004,10.35
2026-07-10T19:00:00Z,cyl_005,11.97
2026-07-10T20:00:00Z,cyl_001,8.5
2026-07-10T20:00:00Z,cyl_002,1.71
2026-07-10T20:00:00Z,cyl_003,10.82
2026-07-10T20:00:00Z,cyl_004,10.41
2026-07-10T20:00:00Z,cyl_005,11.88
2026-07-10T21:00:00Z,cyl_001,8.46
2026-07-10T21:00:00Z,cyl_002,1.76
2026-07-10T21:00:00Z,cyl_003,10.79
2026-07-10T21:00:00Z,cyl_004,10.31
2026-07-10T21:00:00Z,cyl_005,11.9
2026-07-10T22:00:00Z,cyl_001,8.44
2026-07-10T22:00:00Z,cyl_002,1.71
2026-07-10T22:00:00Z,cyl_003,10.8
2026-07-10T22:00:00Z,cyl_004,10.36
2026-07-10T22:00:00Z,cyl_005,11.89
2026-07-10T23:00:00Z,cyl_001,8.48
2026-07-10T23:00:00Z,cyl_002,1.69
2026-07-10T23:00:00Z,cyl_003,10.81
2026-07-10T23:00:00Z,cyl_004,10.32
2026-07-10T23:00:00Z,cyl_005,11.93
2026-07-11T00:00:00Z,cyl_001,8.4
2026-07-11T00:00:00Z,cyl_002,1.7
2026-07-11T00:00:00Z,cyl_003,10.78
2026-07-11T00:00:00Z,cyl_004,10.28
2026-07-11T00:00:00Z,cyl_005,11.82
2026-07-11T01:00:00Z,cyl_001,8.39
2026-07-11T01:00:00Z,cyl_002,1.67
2026-07-11T01:00:00Z,cyl_003,10.72
2026-07-11T01:00:00Z,cyl_004,10.32
2026-07-11T01:00:00Z,cyl_005,11.9
2026-07-11T02:00:00Z,cyl_001,8.36
2026-07-11T02:00:00Z,cyl_002,1.67
2026-07-11T02:00:00Z,cyl_003,10.75
2026-07-11T02:00:00Z,cyl_004,10.21
2026-07-11T02:00:00Z,cyl_005,11.85
2026-07-11T03:00:00Z,cyl_001,8.4
2026-07-11T03:00:00Z,cyl_002,1.64
2026-07-11T03:00:00Z,cyl_003,10.79
2026-07-11T03:00:00Z,cyl_004,10.33
2026-07-11T03:00:00Z,cyl_005,11.85
2026-07-11T04:00:00Z,cyl_001,8.33
2026-07-11T04:00:00Z,cyl_002,1.7
2026-07-11T04:00:00Z,cyl_003,10.76
2026-07-11T04:00:00Z,cyl_004,10.23
2026-07-11T04:00:00Z,cyl_005,11.79
2026-07-11T05:00:00Z,cyl_001,8.41
2026-07-11T05:00:00Z,cyl_002,1.66
2026-07-11T05:00:00Z,cyl_003,10.74
2026-07-11T05:00:00Z,cyl_004,10.2
2026-07-11T05:00:00Z,cyl_005,11.83
2026-07-11T06:00:00Z,cyl_001,8.36
2026-07-11T06:00:00Z,cyl_002,1.61
2026-07-11T06:00:00Z,cyl_003,10.69
2026-07-11T06:00:00Z,cyl_004,10.28
2026-07-11T06:00:00Z,cyl_005,11.83
2026-07-11T07:00:00Z,cyl_001,8.32
2026-07-11T07:00:00Z,cyl_002,1.63
2026-07-11T07:00:00Z,cyl_003,10.62
2026-07-11T07:00:00Z,cyl_004,10.25
2026-07-11T07:00:00Z,cyl_005,11.78
2026-07-11T08:00:00Z,cyl_001,8.37
2026-07-11T08:00:00Z,cyl_002,1.58
2026-07-11T08:00:00Z,cyl_003,10.7
2026-07-11T08:00:00Z,cyl_004,10.23
2026-07-11T08:00:00Z,cyl_005,11.78
2026-07-11T09:00:00Z,cyl_001,8.32
2026-07-11T09:00:00Z,cyl_002,1.63
2026-07-11T09:00:00Z,cyl_003,10.62
2026-07-11T09:00:00Z,cyl_004,10.2
2026-07-11T09:00:00Z,cyl_005,11.84
2026-07-11T10:00:00Z,cyl_001,8.29
2026-07-11T10:00:00Z,cyl_002,1.59
2026-07-11T10:00:00Z,cyl_003,10.68
2026-07-11T10:00:00Z,cyl_004,10.17
2026-07-11T10:00:00Z,cyl_005,11.79
2026-07-11T11:00:00Z,cyl_001,8.35
2026-07-11T11:00:00Z,cyl_002,1.53
2026-07-11T11:00:00Z,cyl_003,10.63
2026-07-11T11:00:00Z,cyl_004,10.19
2026-07-11T11:00:00Z,cyl_005,11.74
2026-07-11T12:00:00Z,cyl_001,8.32
2026-07-11T12:00:00Z,cyl_002,1.58
2026-07-11T12:00:00Z,cyl_003,10.64
2026-07-11T12:00:00Z,cyl_004,10.17
2026-07-11T12:00:00Z,cyl_005,11.67
2026-07-11T13:00:00Z,cyl_001,8.29
2026-07-11T13:00:00Z,cyl_002,1.58
2026-07-11T13:00:00Z,cyl_003,10.59
2026-07-11T13:00:00Z,cyl_004,10.18
2026-07-11T13:00:00Z,cyl_005,11.75
2026-07-11T14:00:00Z,cyl_001,8.27
2026-07-11T14:00:00Z,cyl_002,1.57
2026-07-11T14:00:00Z,cyl_003,10.63
2026-07-11T14:00:00Z,cyl_004,10.11
2026-07-11T14:00:00Z,cyl_005,11.7
2026-07-11T15:00:00Z,cyl_001,8.22
2026-07-11T15:00:00Z,cyl_002,1.5
2026-07-11T15:00:00Z,cyl_003,10.6
2026-07-11T15:00:00Z,cyl_004,10.16
2026-07-11T15:00:00Z,cyl_005,11.71
2026-07-11T16:00:00Z,cyl_001,8.23
2026-07-11T16:00:00Z,cyl_002,1.52
2026-07-11T16:00:00Z,cyl_003,10.64
2026-07-11T16:00:00Z,cyl_004,10.13
2026-07-11T16:00:00Z,cyl_005,11.69
2026-07-11T17:00:00Z,cyl_001,8.23
2026-07-11T17:00:00Z,cyl_002,1.52
2026-07-11T17:00:00Z,cyl_003,10.59
2026-07-11T17:00:00Z,cyl_004,10.14
2026-07-11T17:00:00Z,cyl_005,11.64
2026-07-11T18:00:00Z,cyl_001,8.28
2026-07-11T18:00:00Z,cyl_002,1.49
2026-07-11T18:00:00Z,cyl_003,10.56
2026-07-11T18:00:00Z,cyl_004,10.12
2026-07-11T18:00:00Z,cyl_005,11.69
2026-07-11T19:00:00Z,cyl_001,8.3
2026-07-11T19:00:00Z,cyl_002,1.5
2026-07-11T19:00:00Z,cyl_003,10.58
2026-07-11T19:00:00Z,cyl_004,10.1
2026-07-11T19:00:00Z,cyl_005,11.66
2026-07-11T20:00:00Z,cyl_001,8.19
2026-07-11T20:00:00Z,cyl_002,1.47
2026-07-11T20:00:00Z,cyl_003,10.55
2026-07-11T20:00:00Z,cyl_004,10.13
2026-07-11T20:00:00Z,cyl_005,11.69
2026-07-11T21:00:00Z,cyl_001,8.24
2026-07-11T21:00:00Z,cyl_002,1.43
2026-07-11T21:00:00Z,cyl_003,10.53
2026-07-11T21:00:00Z,cyl_004,10.09
2026-07-11T21:00:00Z,cyl_005,11.62
2026-07-11T22:00:00Z,cyl_001,8.18
2026-07-11T22:00:00Z,cyl_002,1.45
2026-07-11T22:00:00Z,cyl_003,10.53
2026-07-11T22:00:00Z,cyl_004,10.1
2026-07-11T22:00:00Z,cyl_005,11.64
2026-07-11T23:00:00Z,cyl_001,8.15
2026-07-11T23:00:00Z,cyl_002,1.45
2026-07-11T23:00:00Z,cyl_003,10.52
2026-07-11T23:00:00Z,cyl_004,10.07
2026-07-11T23:00:00Z,cyl_005,11.58
2026-07-12T00:00:00Z,cyl_001,8.17
2026-07-12T00:00:00Z,cyl_002,1.43
2026-07-12T00:00:00Z,cyl_003,10.58
2026-07-12T00:00:00Z,cyl_004,10.11
2026-07-12T00:00:00Z,cyl_005,11.6
2026-07-12T01:00:00Z,cyl_001,8.17
2026-07-12T01:00:00Z,cyl_002,1.42
2026-07-12T01:00:00Z,cyl_003,10.57
2026-07-12T01:00:00Z,cyl_004,10.07
2026-07-12T01:00:00Z,cyl_005,11.61
2026-07-12T02:00:00Z,cyl_001,8.08
2026-07-12T02:00:00Z,cyl_002,1.41
2026-07-12T02:00:00Z,cyl_003,10.48
2026-07-12T02:00:00Z,cyl_004,10.09
2026-07-12T02:00:00Z,cyl_005,11.51
2026-07-12T03:00:00Z,cyl_001,8.17
2026-07-12T03:00:00Z,cyl_002,1.43
2026-07-12T03:00:00Z,cyl_003,10.5
2026-07-12T03:00:00Z,cyl_004,9.98
2026-07-12T03:00:00Z,cyl_005,11.56
2026-07-12T04:00:00Z,cyl_001,8.12
2026-07-12T04:00:00Z,cyl_002,1.47
2026-07-12T04:00:00Z,cyl_003,10.48
2026-07-12T04:00:00Z,cyl_004,10.02
2026-07-12T04:00:00Z,cyl_005,11.55
2026-07-12T05:00:00Z,cyl_001,8.11
2026-07-12T05:00:00Z,cyl_002,1.32
2026-07-12T05:00:00Z,cyl_003,10.5
2026-07-12T05:00:00Z,cyl_004,10.01
2026-07-12T05:00:00Z,cyl_005,11.5
2026-07-12T06:00:00Z,cyl_001,8.1
2026-07-12T06:00:00Z,cyl_002,1.4
2026-07-12T06:00:00Z,cyl_003,10.47
2026-07-12T06:00:00Z,cyl_004,10.02
2026-07-12T06:00:00Z,cyl_005,11.58
2026-07-12T07:00:00Z,cyl_001,8.13
2026-07-12T07:00:00Z,cyl_002,1.38
2026-07-12T07:00:00Z,cyl_003,10.49
2026-07-12T07:00:00Z,cyl_004,10.02
2026-07-12T07:00:00Z,cyl_005,11.47
2026-07-12T08:00:00Z,cyl_001,8.16
2026-07-12T08:00:00Z,cyl_002,1.36
2026-07-12T08:00:00Z,cyl_003,10.39
2026-07-12T08:00:00Z,cyl_004,10.01
2026-07-12T08:00:00Z,cyl_005,11.55
2026-07-12T09:00:00Z,cyl_001,8.06
2026-07-12T09:00:00Z,cyl_002,1.4
2026-07-12T09:00:00Z,cyl_003,10.44
2026-07-12T09:00:00Z,cyl_004,10.01
2026-07-12T09:00:00Z,cyl_005,11.48
2026-07-12T10:00:00Z,cyl_001,8.05
2026-07-12T10:00:00Z,cyl_002,1.31
2026-07-12T10:00:00Z,cyl_003,10.47
2026-07-12T10:00:00Z,cyl_004,9.96
2026-07-12T10:00:00Z,cyl_005,11.51
2026-07-12T11:00:00Z,cyl_001,8.07
2026-07-12T11:00:00Z,cyl_002,1.29
2026-07-12T11:00:00Z,cyl_003,10.42
2026-07-12T11:00:00Z,cyl_004,10.0
2026-07-12T11:00:00Z,cyl_005,11.47
2026-07-12T12:00:00Z,cyl_001,8.07
2026-07-12T12:00:00Z,cyl_002,1.31
2026-07-12T12:00:00Z,cyl_003,10.4
2026-07-12T12:00:00Z,cyl_004,9.93
2026-07-12T12:00:00Z,cyl_005,11.48
2026-07-12T13:00:00Z,cyl_001,8.0
2026-07-12T13:00:00Z,cyl_002,1.23
2026-07-12T13:00:00Z,cyl_003,10.42
2026-07-12T13:00:00Z,cyl_004,9.97
2026-07-12T13:00:00Z,cyl_005,11.46
2026-07-12T14:00:00Z,cyl_001,8.0
2026-07-12T14:00:00Z,cyl_002,1.28
2026-07-12T14:00:00Z,cyl_003,10.39
2026-07-12T14:00:00Z,cyl_004,9.92
2026-07-12T14:00:00Z,cyl_005,11.42
2026-07-12T15:00:00Z,cyl_001,8.09
2026-07-12T15:00:00Z,cyl_002,1.28
2026-07-12T15:00:00Z,cyl_003,10.39
2026-07-12T15:00:00Z,cyl_004,9.89
2026-07-12T15:00:00Z,cyl_005,11.38
2026-07-12T16:00:00Z,cyl_001,8.01
2026-07-12T16:00:00Z,cyl_002,1.3
2026-07-12T16:00:00Z,cyl_003,10.35
2026-07-12T16:00:00Z,cyl_004,9.92
2026-07-12T16:00:00Z,cyl_005,11.34
2026-07-12T17:00:00Z,cyl_001,8.02
2026-07-12T17:00:00Z,cyl_002,1.23
2026-07-12T17:00:00Z,cyl_003,10.32
2026-07-12T17:00:00Z,cyl_004,9.91
2026-07-12T17:00:00Z,cyl_005,11.35
2026-07-12T18:00:00Z,cyl_001,8.01
2026-07-12T18:00:00Z,cyl_002,1.23
2026-07-12T18:00:00Z,cyl_003,10.35
2026-07-12T18:00:00Z,cyl_004,9.86
2026-07-12T18:00:00Z,cyl_005,11.38
2026-07-12T19:00:00Z,cyl_001,7.99
2026-07-12T19:00:00Z,cyl_002,1.25
2026-07-12T19:00:00Z,cyl_003,10.35
2026-07-12T19:00:00Z,cyl_004,9.91
2026-07-12T19:00:00Z,cyl_005,11.42
2026-07-12T20:00:00Z,cyl_001,7.99
2026-07-12T20:00:00Z,cyl_002,1.23
2026-07-12T20:00:00Z,cyl_003,10.31
2026-07-12T20:00:00Z,cyl_004,9.89
2026-07-12T20:00:00Z,cyl_005,11.35
2026-07-12T21:00:00Z,cyl_001,7.96
2026-07-12T21:00:00Z,cyl_002,1.16
2026-07-12T21:00:00Z,cyl_003,10.3
2026-07-12T21:00:00Z,cyl_004,9.9
2026-07-12T21:00:00Z,cyl_005,11.35
2026-07-12T22:00:00Z,cyl_001,8.0
2026-07-12T22:00:00Z,cyl_002,1.23
2026-07-12T22:00:00Z,cyl_003,10.31
2026-07-12T22:00:00Z,cyl_004,9.93
2026-07-12T22:00:00Z,cyl_005,11.36
2026-07-12T23:00:00Z,cyl_001,7.93
2026-07-12T23:00:00Z,cyl_002,1.22
2026-07-12T23:00:00Z,cyl_003,10.3
2026-07-12T23:00:00Z,cyl_004,9.88
2026-07-12T23:00:00Z,cyl_005,11.31
2026-07-13T00:00:00Z,cyl_001,7.91
2026-07-13T00:00:00Z,cyl_002,1.17
2026-07-13T00:00:00Z,cyl_003,10.3
2026-07-13T00:00:00Z,cyl_004,9.81
2026-07-13T00:00:00Z,cyl_005,11.32
2026-07-13T01:00:00Z,cyl_001,7.91
2026-07-13T01:00:00Z,cyl_002,1.18
2026-07-13T01:00:00Z,cyl_003,10.22
2026-07-13T01:00:00Z,cyl_004,9.86
2026-07-13T01:00:00Z,cyl_005,11.28
2026-07-13T02:00:00Z,cyl_001,7.89
2026-07-13T02:00:00Z,cyl_002,1.16
2026-07-13T02:00:00Z,cyl_003,10.24
2026-07-13T02:00:00Z,cyl_004,9.8
2026-07-13T02:00:00Z,cyl_005,11.28
2026-07-13T03:00:00Z,cyl_001,7.9
2026-07-13T03:00:00Z,cyl_002,1.19
2026-07-13T03:00:00Z,cyl_003,10.22
2026-07-13T03:00:00Z,cyl_004,9.81
2026-07-13T03:00:00Z,cyl_005,11.21
2026-07-13T04:00:00Z,cyl_001,7.92
2026-07-13T04:00:00Z,cyl_002,1.16
2026-07-13T04:00:00Z,cyl_003,10.26
2026-07-13T04:00:00Z,cyl_004,9.83
2026-07-13T04:00:00Z,cyl_005,11.28
2026-07-13T05:00:00Z,cyl_001,7.89
2026-07-13T05:00:00Z,cyl_002,1.12
2026-07-13T05:00:00Z,cyl_003,10.21
2026-07-13T05:00:00Z,cyl_004,9.82
2026-07-13T05:00:00Z,cyl_005,11.31
2026-07-13T06:00:00Z,cyl_001,7.87
2026-07-13T06:00:00Z,cyl_002,1.18
2026-07-13T06:00:00Z,cyl_003,10.2
2026-07-13T06:00:00Z,cyl_004,9.77
2026-07-13T06:00:00Z,cyl_005,11.27
2026-07-13T07:00:00Z,cyl_001,7.89
2026-07-13T07:00:00Z,cyl_002,1.14
2026-07-13T07:00:00Z,cyl_003,10.22
2026-07-13T07:00:00Z,cyl_004,9.79
2026-07-13T07:00:00Z,cyl_005,11.31
2026-07-13T08:00:00Z,cyl_001,7.93
2026-07-13T08:00:00Z,cyl_002,1.11
2026-07-13T08:00:00Z,cyl_003,10.18
2026-07-13T08:00:00Z,cyl_004,9.8
2026-07-13T08:00:00Z,cyl_005,11.23
2026-07-13T09:00:00Z,cyl_001,7.85
2026-07-13T09:00:00Z,cyl_002,1.14
2026-07-13T09:00:00Z,cyl_003,10.19
2026-07-13T09:00:00Z,cyl_004,9.75
2026-07-13T09:00:00Z,cyl_005,11.19
2026-07-13T10:00:00Z,cyl_001,7.88
2026-07-13T10:00:00Z,cyl_002,1.08
2026-07-13T10:00:00Z,cyl_003,10.2
2026-07-13T10:00:00Z,cyl_004,9.76
2026-07-13T10:00:00Z,cyl_005,11.19
2026-07-13T11:00:00Z,cyl_001,7.89
2026-07-13T11:00:00Z,cyl_002,1.09
2026-07-13T11:00:00Z,cyl_003,10.23
2026-07-13T11:00:00Z,cyl_004,9.72
2026-07-13T11:00:00Z,cyl_005,11.17
2026-07-13T12:00:00Z,cyl_001,7.84
2026-07-13T12:00:00Z,cyl_002,1.03
2026-07-13T12:00:00Z,cyl_003,10.17
2026-07-13T12:00:00Z,cyl_004,9.73
2026-07-13T12:00:00Z,cyl_005,11.18
2026-07-13T13:00:00Z,cyl_001,7.9
2026-07-13T13:00:00Z,cyl_002,1.01
2026-07-13T13:00:00Z,cyl_003,10.13
2026-07-13T13:00:00Z,cyl_004,9.72
2026-07-13T13:00:00Z,cyl_005,11.15
2026-07-13T14:00:00Z,cyl_001,7.86
2026-07-13T14:00:00Z,cyl_002,1.08
2026-07-13T14:00:00Z,cyl_003,10.1
2026-07-13T14:00:00Z,cyl_004,9.68
2026-07-13T14:00:00Z,cyl_005,11.19
2026-07-13T15:00:00Z,cyl_001,7.88
2026-07-13T15:00:00Z,cyl_002,0.92
2026-07-13T15:00:00Z,cyl_003,10.14
2026-07-13T15:00:00Z,cyl_004,9.67
2026-07-13T15:00:00Z,cyl_005,11.11
2026-07-13T16:00:00Z,cyl_001,7.84
2026-07-13T16:00:00Z,cyl_002,1.06
2026-07-13T16:00:00Z,cyl_003,10.06
2026-07-13T16:00:00Z,cyl_004,9.74
2026-07-13T16:00:00Z,cyl_005,11.19
2026-07-13T17:00:00Z,cyl_001,7.87
2026-07-13T17:00:00Z,cyl_002,1.04
2026-07-13T17:00:00Z,cyl_003,10.12
2026-07-13T17:00:00Z,cyl_004,9.71
2026-07-13T17:00:00Z,cyl_005,11.12
2026-07-13T18:00:00Z,cyl_001,7.84
2026-07-13T18:00:00Z,cyl_002,1.0
2026-07-13T18:00:00Z,cyl_003,10.13
2026-07-13T18:00:00Z,cyl_004,9.65
2026-07-13T18:00:00Z,cyl_005,11.09
2026-07-13T19:00:00Z,cyl_001,7.86
2026-07-13T19:00:00Z,cyl_002,1.02
2026-07-13T19:00:00Z,cyl_003,10.06
2026-07-13T19:00:00Z,cyl_004,9.76
2026-07-13T19:00:00Z,cyl_005,11.09
2026-07-13T20:00:00Z,cyl_001,7.91
2026-07-13T20:00:00Z,cyl_002,0.98
2026-07-13T20:00:00Z,cyl_003,10.05
2026-07-13T20:00:00Z,cyl_004,9.63
2026-07-13T20:00:00Z,cyl_005,11.06
2026-07-13T21:00:00Z,cyl_001,7.8
2026-07-13T21:00:00Z,cyl_002,0.98
2026-07-13T21:00:00Z,cyl_003,10.07
2026-07-13T21:00:00Z,cyl_004,9.69
2026-07-13T21:00:00Z,cyl_005,11.13
2026-07-13T22:00:00Z,cyl_001,7.87
2026-07-13T22:00:00Z,cyl_002,0.93
2026-07-13T22:00:00Z,cyl_003,10.01
2026-07-13T22:00:00Z,cyl_004,9.66
2026-07-13T22:00:00Z,cyl_005,11.07
2026-07-13T23:00:00Z,cyl_001,7.87
2026-07-13T23:00:00Z,cyl_002,0.93
2026-07-13T23:00:00Z,cyl_003,10.04
2026-07-13T23:00:00Z,cyl_004,9.62
2026-07-13T23:00:00Z,cyl_005,11.07
2026-07-14T00:00:00Z,cyl_001,7.83
2026-07-14T00:00:00Z,cyl_002,0.93
2026-07-14T00:00:00Z,cyl_003,10.05
2026-07-14T00:00:00Z,cyl_004,9.54
2026-07-14T00:00:00Z,cyl_005,11.02
2026-07-14T01:00:00Z,cyl_001,7.79
2026-07-14T01:00:00Z,cyl_002,0.93
2026-07-14T01:00:00Z,cyl_003,10.05
2026-07-14T01:00:00Z,cyl_004,9.61
2026-07-14T01:00:00Z,cyl_005,11.05
2026-07-14T02:00:00Z,cyl_001,7.81
2026-07-14T02:00:00Z,cyl_002,0.92
2026-07-14T02:00:00Z,cyl_003,10.0
2026-07-14T02:00:00Z,cyl_004,9.6
2026-07-14T02:00:00Z,cyl_005,11.01
2026-07-14T03:00:00Z,cyl_001,7.81
2026-07-14T03:00:00Z,cyl_002,0.88
2026-07-14T03:00:00Z,cyl_003,10.0
2026-07-14T03:00:00Z,cyl_004,9.59
2026-07-14T03:00:00Z,cyl_005,10.99
2026-07-14T04:00:00Z,cyl_001,7.85
2026-07-14T04:00:00Z,cyl_002,0.91
2026-07-14T04:00:00Z,cyl_003,9.97
2026-07-14T04:00:00Z,cyl_004,9.6
2026-07-14T04:00:00Z,cyl_005,11.01
2026-07-14T05:00:00Z,cyl_001,7.77
2026-07-14T05:00:00Z,cyl_002,0.9
2026-07-14T05:00:00Z,cyl_003,10.01
2026-07-14T05:00:00Z,cyl_004,9.57
2026-07-14T05:00:00Z,cyl_005,10.95
2026-07-14T06:00:00Z,cyl_001,7.79
2026-07-14T06:00:00Z,cyl_002,0.9
2026-07-14T06:00:00Z,cyl_003,10.0
2026-07-14T06:00:00Z,cyl_004,9.58
2026-07-14T06:00:00Z,cyl_005,10.98
2026-07-14T07:00:00Z,cyl_001,7.79
2026-07-14T07:00:00Z,cyl_002,0.86
2026-07-14T07:00:00Z,cyl_003,9.97
2026-07-14T07:00:00Z,cyl_004,9.54
2026-07-14T07:00:00Z,cyl_005,10.91
2026-07-14T08:00:00Z,cyl_001,7.73
2026-07-14T08:00:00Z,cyl_002,0.91
2026-07-14T08:00:00Z,cyl_003,9.91
2026-07-14T08:00:00Z,cyl_004,9.52
2026-07-14T08:00:00Z,cyl_005,10.91
2026-07-14T09:00:00Z,cyl_001,7.72
2026-07-14T09:00:00Z,cyl_002,0.81
2026-07-14T09:00:00Z,cyl_003,9.96
2026-07-14T09:00:00Z,cyl_004,9.57
2026-07-14T09:00:00Z,cyl_005,10.94
2026-07-14T10:00:00Z,cyl_001,7.77
2026-07-14T10:00:00Z,cyl_002,0.85
2026-07-14T10:00:00Z,cyl_003,9.93
2026-07-14T10:00:00Z,cyl_004,9.54
2026-07-14T10:00:00Z,cyl_005,10.92
2026-07-14T11:00:00Z,cyl_001,7.75
2026-07-14T11:00:00Z,cyl_002,0.86
2026-07-14T11:00:00Z,cyl_003,9.96
2026-07-14T11:00:00Z,cyl_004,9.53
2026-07-14T11:00:00Z,cyl_005,10.93
2026-07-14T12:00:00Z,cyl_001,7.71
2026-07-14T12:00:00Z,cyl_002,0.82
2026-07-14T12:00:00Z,cyl_003,9.96
2026-07-14T12:00:00Z,cyl_004,9.52
2026-07-14T12:00:00Z,cyl_005,10.92
2026-07-14T13:00:00Z,cyl_001,7.71
2026-07-14T13:00:00Z,cyl_002,0.76
2026-07-14T13:00:00Z,cyl_003,9.93
2026-07-14T13:00:00Z,cyl_004,9.49
2026-07-14T13:00:00Z,cyl_005,10.86
2026-07-14T14:00:00Z,cyl_001,7.72
2026-07-14T14:00:00Z,cyl_002,0.78
2026-07-14T14:00:00Z,cyl_003,9.91
2026-07-14T14:00:00Z,cyl_004,9.48
2026-07-14T14:00:00Z,cyl_005,10.9
2026-07-14T15:00:00Z,cyl_001,7.63
2026-07-14T15:00:00Z,cyl_002,0.77
2026-07-14T15:00:00Z,cyl_003,9.91
2026-07-14T15:00:00Z,cyl_004,9.44
2026-07-14T15:00:00Z,cyl_005,10.87
2026-07-14T16:00:00Z,cyl_001,7.66
2026-07-14T16:00:00Z,cyl_002,0.74
2026-07-14T16:00:00Z,cyl_003,9.88
2026-07-14T16:00:00Z,cyl_004,9.51
2026-07-14T16:00:00Z,cyl_005,10.9
2026-07-14T17:00:00Z,cyl_001,7.72
2026-07-14T17:00:00Z,cyl_002,0.81
2026-07-14T17:00:00Z,cyl_003,9.92
2026-07-14T17:00:00Z,cyl_004,9.45
2026-07-14T17:00:00Z,cyl_005,10.82
2026-07-14T18:00:00Z,cyl_001,7.65
2026-07-14T18:00:00Z,cyl_002,0.78
2026-07-14T18:00:00Z,cyl_003,9.91
2026-07-14T18:00:00Z,cyl_004,9.43
2026-07-14T18:00:00Z,cyl_005,10.81
2026-07-14T19:00:00Z,cyl_001,7.63
2026-07-14T19:00:00Z,cyl_002,0.74
2026-07-14T19:00:00Z,cyl_003,9.9
2026-07-14T19:00:00Z,cyl_004,9.5
2026-07-14T19:00:00Z,cyl_005,10.82
2026-07-14T20:00:00Z,cyl_001,7.6
2026-07-14T20:00:00Z,cyl_002,0.77
2026-07-14T20:00:00Z,cyl_003,9.89
2026-07-14T20:00:00Z,cyl_004,9.44
2026-07-14T20:00:00Z,cyl_005,10.82
2026-07-14T21:00:00Z,cyl_001,7.62
2026-07-14T21:00:00Z,cyl_002,0.74
2026-07-14T21:00:00Z,cyl_003,9.82
2026-07-14T21:00:00Z,cyl_004,9.47
2026-07-14T21:00:00Z,cyl_005,10.78
2026-07-14T22:00:00Z,cyl_001,7.62
2026-07-14T22:00:00Z,cyl_002,0.74
2026-07-14T22:00:00Z,cyl_003,9.83
2026-07-14T22:00:00Z,cyl_004,9.39
2026-07-14T22:00:00Z,cyl_005,10.74
2026-07-14T23:00:00Z,cyl_001,7.63
2026-07-14T23:00:00Z,cyl_002,0.74
2026-07-14T23:00:00Z,cyl_003,9.8
2026-07-14T23:00:00Z,cyl_004,9.4
2026-07-14T23:00:00Z,cyl_005,10.74
2026-07-15T00:00:00Z,cyl_001,7.58
2026-07-15T00:00:00Z,cyl_002,0.75
2026-07-15T00:00:00Z,cyl_003,9.82
2026-07-15T00:00:00Z,cyl_004,9.38
2026-07-15T00:00:00Z,cyl_005,10.77
2026-07-15T01:00:00Z,cyl_001,7.58
2026-07-15T01:00:00Z,cyl_002,0.72
2026-07-15T01:00:00Z,cyl_003,9.79
2026-07-15T01:00:00Z,cyl_004,9.35
2026-07-15T01:00:00Z,cyl_005,10.73
2026-07-15T02:00:00Z,cyl_001,7.6
2026-07-15T02:00:00Z,cyl_002,0.71
2026-07-15T02:00:00Z,cyl_003,9.77
2026-07-15T02:00:00Z,cyl_004,9.41
2026-07-15T02:00:00Z,cyl_005,10.7
2026-07-15T03:00:00Z,cyl_001,7.51
2026-07-15T03:00:00Z,cyl_002,0.74
2026-07-15T03:00:00Z,cyl_003,9.76
2026-07-15T03:00:00Z,cyl_004,9.39
2026-07-15T03:00:00Z,cyl_005,10.71
2026-07-15T04:00:00Z,cyl_001,7.5
2026-07-15T04:00:00Z,cyl_002,0.71
2026-07-15T04:00:00Z,cyl_003,9.82
2026-07-15T04:00:00Z,cyl_004,9.42
2026-07-15T04:00:00Z,cyl_005,10.7
2026-07-15T05:00:00Z,cyl_001,7.5
2026-07-15T05:00:00Z,cyl_002,0.62
2026-07-15T05:00:00Z,cyl_003,9.73
2026-07-15T05:00:00Z,cyl_004,9.37
2026-07-15T05:00:00Z,cyl_005,10.7
2026-07-15T06:00:00Z,cyl_001,7.53
2026-07-15T06:00:00Z,cyl_002,0.65
2026-07-15T06:00:00Z,cyl_003,9.76
2026-07-15T06:00:00Z,cyl_004,9.4
2026-07-15T06:00:00Z,cyl_005,10.7
2026-07-15T07:00:00Z,cyl_001,7.49
2026-07-15T07:00:00Z,cyl_002,0.66
2026-07-15T07:00:00Z,cyl_003,9.76
2026-07-15T07:00:00Z,cyl_004,9.36
2026-07-15T07:00:00Z,cyl_005,10.69
2026-07-15T08:00:00Z,cyl_001,7.47
2026-07-15T08:00:00Z,cyl_002,0.66
2026-07-15T08:00:00Z,cyl_003,9.72
2026-07-15T08:00:00Z,cyl_004,9.32
2026-07-15T08:00:00Z,cyl_005,10.62
2026-07-15T09:00:00Z,cyl_001,7.47
2026-07-15T09:00:00Z,cyl_002,0.61
2026-07-15T09:00:00Z,cyl_003,9.73
2026-07-15T09:00:00Z,cyl_004,9.34
2026-07-15T09:00:00Z,cyl_005,10.65
2026-07-15T10:00:00Z,cyl_001,7.5
2026-07-15T10:00:00Z,cyl_002,0.68
2026-07-15T10:00:00Z,cyl_003,9.67
2026-07-15T10:00:00Z,cyl_004,9.29
2026-07-15T10:00:00Z,cyl_005,10.7
2026-07-15T11:00:00Z,cyl_001,7.46
2026-07-15T11:00:00Z,cyl_002,0.7
2026-07-15T11:00:00Z,cyl_003,9.66
2026-07-15T11:00:00Z,cyl_004,9.28
2026-07-15T11:00:00Z,cyl_005,10.62
2026-07-15T12:00:00Z,cyl_001,7.51
2026-07-15T12:00:00Z,cyl_002,0.58
2026-07-15T12:00:00Z,cyl_003,9.7
2026-07-15T12:00:00Z,cyl_004,9.28
2026-07-15T12:00:00Z,cyl_005,10.63
2026-07-15T13:00:00Z,cyl_001,7.47
2026-07-15T13:00:00Z,cyl_002,0.62
2026-07-15T13:00:00Z,cyl_003,9.66
2026-07-15T13:00:00Z,cyl_004,9.34
2026-07-15T13:00:00Z,cyl_005,10.61
2026-07-15T14:00:00Z,cyl_001,7.46
2026-07-15T14:00:00Z,cyl_002,0.63
2026-07-15T14:00:00Z,cyl_003,9.63
2026-07-15T14:00:00Z,cyl_004,9.26
2026-07-15T14:00:00Z,cyl_005,10.64
2026-07-15T15:00:00Z,cyl_001,7.47
2026-07-15T15:00:00Z,cyl_002,14.17
2026-07-15T15:00:00Z,cyl_003,9.65
2026-07-15T15:00:00Z,cyl_004,9.23
2026-07-15T15:00:00Z,cyl_005,10.55
2026-07-15T16:00:00Z,cyl_001,7.46
2026-07-15T16:00:00Z,cyl_002,14.21
2026-07-15T16:00:00Z,cyl_003,9.65
2026-07-15T16:00:00Z,cyl_004,9.23
2026-07-15T16:00:00Z,cyl_005,10.56
2026-07-15T17:00:00Z,cyl_001,7.41
2026-07-15T17:00:00Z,cyl_002,14.07
2026-07-15T17:00:00Z,cyl_003,9.61
2026-07-15T17:00:00Z,cyl_004,9.22
2026-07-15T17:00:00Z,cyl_005,10.58
2026-07-15T18:00:00Z,cyl_001,7.41
2026-07-15T18:00:00Z,cyl_002,14.13
2026-07-15T18:00:00Z,cyl_003,9.62
2026-07-15T18:00:00Z,cyl_004,9.29
2026-07-15T18:00:00Z,cyl_005,10.53
2026-07-15T19:00:00Z,cyl_001,7.36
2026-07-15T19:00:00Z,cyl_002,14.18
2026-07-15T19:00:00Z,cyl_003,9.61
2026-07-15T19:00:00Z,cyl_004,9.22
2026-07-15T19:00:00Z,cyl_005,10.53
2026-07-15T20:00:00Z,cyl_001,7.38
2026-07-15T20:00:00Z,cyl_002,14.17
2026-07-15T20:00:00Z,cyl_003,9.6
2026-07-15T20:00:00Z,cyl_004,9.21
2026-07-15T20:00:00Z,cyl_005,10.55
2026-07-15T21:00:00Z,cyl_001,7.39
2026-07-15T21:00:00Z,cyl_002,14.16
2026-07-15T21:00:00Z,cyl_003,9.61
2026-07-15T21:00:00Z,cyl_004,9.25
2026-07-15T21:00:00Z,cyl_005,10.5
2026-07-15T22:00:00Z,cyl_001,7.32
2026-07-15T22:00:00Z,cyl_002,14.11
2026-07-15T22:00:00Z,cyl_003,9.6
2026-07-15T22:00:00Z,cyl_004,6.85
2026-07-15T22:00:00Z,cyl_005,10.49
2026-07-15T23:00:00Z,cyl_001,7.34
2026-07-15T23:00:00Z,cyl_002,14.15
2026-07-15T23:00:00Z,cyl_003,9.56
2026-07-15T23:00:00Z,cyl_004,9.21
2026-07-15T23:00:00Z,cyl_005,10.49
2026-07-16T00:00:00Z,cyl_001,7.35
2026-07-16T00:00:00Z,cyl_002,14.18
2026-07-16T00:00:00Z,cyl_003,9.55
2026-07-16T00:00:00Z,cyl_004,9.21
2026-07-16T00:00:00Z,cyl_005,10.46
2026-07-16T01:00:00Z,cyl_001,7.37
2026-07-16T01:00:00Z,cyl_002,14.1
2026-07-16T01:00:00Z,cyl_003,9.54
2026-07-16T01:00:00Z,cyl_004,9.21
2026-07-16T01:00:00Z,cyl_005,10.5
2026-07-16T02:00:00Z,cyl_001,7.28
2026-07-16T02:00:00Z,cyl_002,14.07
2026-07-16T02:00:00Z,cyl_003,9.55
2026-07-16T02:00:00Z,cyl_004,9.18
2026-07-16T02:00:00Z,cyl_005,10.54
2026-07-16T03:00:00Z,cyl_001,7.28
2026-07-16T03:00:00Z,cyl_002,14.04
2026-07-16T03:00:00Z,cyl_003,9.48
2026-07-16T03:00:00Z,cyl_004,9.13
2026-07-16T03:00:00Z,cyl_005,10.44
2026-07-16T04:00:00Z,cyl_001,7.31
2026-07-16T04:00:00Z,cyl_002,14.03
2026-07-16T04:00:00Z,cyl_003,9.48
2026-07-16T04:00:00Z,cyl_004,9.13
2026-07-16T04:00:00Z,cyl_005,10.46
2026-07-16T05:00:00Z,cyl_001,7.37
2026-07-16T05:00:00Z,cyl_002,14.01
2026-07-16T05:00:00Z,cyl_003,9.48
2026-07-16T05:00:00Z,cyl_004,9.14
2026-07-16T05:00:00Z,cyl_005,10.39
2026-07-16T06:00:00Z,cyl_001,7.33
2026-07-16T06:00:00Z,cyl_002,14.11
2026-07-16T06:00:00Z,cyl_003,9.57
2026-07-16T06:00:00Z,cyl_004,7.32
2026-07-16T06:00:00Z,cyl_005,10.45
2026-07-16T07:00:00Z,cyl_001,7.26
2026-07-16T07:00:00Z,cyl_002,14.01
2026-07-16T07:00:00Z,cyl_003,9.5
2026-07-16T07:00:00Z,cyl_004,7.32
2026-07-16T07:00:00Z,cyl_005,10.44
2026-07-16T08:00:00Z,cyl_001,7.28
2026-07-16T08:00:00Z,cyl_002,14.0
2026-07-16T08:00:00Z,cyl_003,9.46
2026-07-16T08:00:00Z,cyl_004,7.28
2026-07-16T08:00:00Z,cyl_005,10.42
2026-07-16T09:00:00Z,cyl_001,7.26
2026-07-16T09:00:00Z,cyl_002,14.09
2026-07-16T09:00:00Z,cyl_003,9.46
2026-07-16T09:00:00Z,cyl_004,7.33
2026-07-16T09:00:00Z,cyl_005,10.35
2026-07-16T10:00:00Z,cyl_001,7.25
2026-07-16T10:00:00Z,cyl_002,14.01
2026-07-16T10:00:00Z,cyl_003,9.46
2026-07-16T10:00:00Z,cyl_004,7.25
2026-07-16T10:00:00Z,cyl_005,10.35
2026-07-16T11:00:00Z,cyl_001,7.25
2026-07-16T11:00:00Z,cyl_002,14.01
2026-07-16T11:00:00Z,cyl_003,9.45
2026-07-16T11:00:00Z,cyl_004,7.23
2026-07-16T11:00:00Z,cyl_005,10.34
2026-07-16T12:00:00Z,cyl_001,7.27
2026-07-16T12:00:00Z,cyl_002,14.01
2026-07-16T12:00:00Z,cyl_003,9.41
2026-07-16T12:00:00Z,cyl_004,7.29
2026-07-16T12:00:00Z,cyl_005,10.41
2026-07-16T13:00:00Z,cyl_001,7.16
2026-07-16T13:00:00Z,cyl_002,14.0
2026-07-16T13:00:00Z,cyl_003,9.45
2026-07-16T13:00:00Z,cyl_004,7.23
2026-07-16T13:00:00Z,cyl_005,10.36
2026-07-16T14:00:00Z,cyl_001,7.17
2026-07-16T14:00:00Z,cyl_002,14.02
2026-07-16T14:00:00Z,cyl_003,9.44
2026-07-16T14:00:00Z,cyl_004,7.28
2026-07-16T14:00:00Z,cyl_005,10.32
2026-07-16T15:00:00Z,cyl_001,7.21
2026-07-16T15:00:00Z,cyl_002,14.0
2026-07-16T15:00:00Z,cyl_003,9.41
2026-07-16T15:00:00Z,cyl_004,7.23
2026-07-16T15:00:00Z,cyl_005,10.36
2026-07-16T16:00:00Z,cyl_001,7.21
2026-07-16T16:00:00Z,cyl_002,13.89
2026-07-16T16:00:00Z,cyl_003,9.39
2026-07-16T16:00:00Z,cyl_004,7.22
2026-07-16T16:00:00Z,cyl_005,10.35
2026-07-16T17:00:00Z,cyl_001,7.16
2026-07-16T17:00:00Z,cyl_002,13.93
2026-07-16T17:00:00Z,cyl_003,9.4
2026-07-16T17:00:00Z,cyl_004,7.2
2026-07-16T17:00:00Z,cyl_005,10.27
2026-07-16T18:00:00Z,cyl_001,7.17
2026-07-16T18:00:00Z,cyl_002,13.94
2026-07-16T18:00:00Z,cyl_003,9.37
2026-07-16T18:00:00Z,cyl_004,7.11
2026-07-16T18:00:00Z,cyl_005,10.31
2026-07-16T19:00:00Z,cyl_001,7.15
2026-07-16T19:00:00Z,cyl_002,13.93
2026-07-16T19:00:00Z,cyl_003,9.4
2026-07-16T19:00:00Z,cyl_004,7.13
2026-07-16T19:00:00Z,cyl_005,10.28
2026-07-16T20:00:00Z,cyl_001,7.09
2026-07-16T20:00:00Z,cyl_002,13.87
2026-07-16T20:00:00Z,cyl_003,9.34
2026-07-16T20:00:00Z,cyl_004,7.14
2026-07-16T20:00:00Z,cyl_005,10.25
2026-07-16T21:00:00Z,cyl_001,7.12
2026-07-16T21:00:00Z,cyl_002,13.85
2026-07-16T21:00:00Z,cyl_003,9.3
2026-07-16T21:00:00Z,cyl_004,7.18
2026-07-16T21:00:00Z,cyl_005,10.18
2026-07-16T22:00:00Z,cyl_001,7.15
2026-07-16T22:00:00Z,cyl_002,13.9
2026-07-16T22:00:00Z,cyl_003,9.31
2026-07-16T22:00:00Z,cyl_004,7.16
2026-07-16T22:00:00Z,cyl_005,10.26
2026-07-16T23:00:00Z,cyl_001,7.12
2026-07-16T23:00:00Z,cyl_002,13.91
2026-07-16T23:00:00Z,cyl_003,9.27
2026-07-16T23:00:00Z,cyl_004,7.09
2026-07-16T23:00:00Z,cyl_005,10.17
2026-07-17T00:00:00Z,cyl_001,7.06
2026-07-17T00:00:00Z,cyl_002,13.79
2026-07-17T00:00:00Z,cyl_003,9.39
2026-07-17T00:00:00Z,cyl_004,7.13
2026-07-17T00:00:00Z,cyl_005,10.2
2026-07-17T01:00:00Z,cyl_001,7.06
2026-07-17T01:00:00Z,cyl_002,13.82
2026-07-17T01:00:00Z,cyl_003,9.31
2026-07-17T01:00:00Z,cyl_004,7.15
2026-07-17T01:00:00Z,cyl_005,10.15
2026-07-17T02:00:00Z,cyl_001,7.06
2026-07-17T02:00:00Z,cyl_002,13.85
2026-07-17T02:00:00Z,cyl_003,9.31
2026-07-17T02:00:00Z,cyl_004,7.11
2026-07-17T02:00:00Z,cyl_005,10.19
2026-07-17T03:00:00Z,cyl_001,7.07
2026-07-17T03:00:00Z,cyl_002,13.79
2026-07-17T03:00:00Z,cyl_003,9.36
2026-07-17T03:00:00Z,cyl_004,7.12
2026-07-17T03:00:00Z,cyl_005,10.16
2026-07-17T04:00:00Z,cyl_001,7.01
2026-07-17T04:00:00Z,cyl_002,13.82
2026-07-17T04:00:00Z,cyl_003,9.3
2026-07-17T04:00:00Z,cyl_004,7.08
2026-07-17T04:00:00Z,cyl_005,10.17
2026-07-17T05:00:00Z,cyl_001,7.01
2026-07-17T05:00:00Z,cyl_002,13.85
2026-07-17T05:00:00Z,cyl_003,9.27
2026-07-17T05:00:00Z,cyl_004,7.06
2026-07-17T05:00:00Z,cyl_005,10.1
2026-07-17T06:00:00Z,cyl_001,7.05
2026-07-17T06:00:00Z,cyl_002,13.75
2026-07-17T06:00:00Z,cyl_003,9.29
2026-07-17T06:00:00Z,cyl_004,7.09
2026-07-17T06:00:00Z,cyl_005,10.16
2026-07-17T07:00:00Z,cyl_001,7.07
2026-07-17T07:00:00Z,cyl_002,13.82
2026-07-17T07:00:00Z,cyl_003,9.21
2026-07-17T07:00:00Z,cyl_004,7.04
2026-07-17T07:00:00Z,cyl_005,10.12
2026-07-17T08:00:00Z,cyl_001,7.02
2026-07-17T08:00:00Z,cyl_002,13.8
2026-07-17T08:00:00Z,cyl_003,9.25
2026-07-17T08:00:00Z,cyl_004,7.05
2026-07-17T08:00:00Z,cyl_005,10.11
2026-07-17T09:00:00Z,cyl_001,7.04
2026-07-17T09:00:00Z,cyl_002,13.74
2026-07-17T09:00:00Z,cyl_003,9.2
2026-07-17T09:00:00Z,cyl_004,7.04
2026-07-17T09:00:00Z,cyl_005,10.14
2026-07-17T10:00:00Z,cyl_001,7.04
2026-07-17T10:00:00Z,cyl_002,13.72
2026-07-17T10:00:00Z,cyl_003,9.2
2026-07-17T10:00:00Z,cyl_004,7.07
2026-07-17T10:00:00Z,cyl_005,10.06
2026-07-17T11:00:00Z,cyl_001,6.99
2026-07-17T11:00:00Z,cyl_002,13.76
2026-07-17T11:00:00Z,cyl_003,9.18
2026-07-17T11:00:00Z,cyl_004,7.07
2026-07-17T11:00:00Z,cyl_005,10.05
2026-07-17T12:00:00Z,cyl_001,6.99
2026-07-17T12:00:00Z,cyl_002,13.68
2026-07-17T12:00:00Z,cyl_003,9.19
2026-07-17T12:00:00Z,cyl_004,7.06
2026-07-17T12:00:00Z,cyl_005,10.07
2026-07-17T13:00:00Z,cyl_001,6.9
2026-07-17T13:00:00Z,cyl_002,13.78
2026-07-17T13:00:00Z,cyl_003,9.19
2026-07-17T13:00:00Z,cyl_004,6.99
2026-07-17T13:00:00Z,cyl_005,10.02
2026-07-17T14:00:00Z,cyl_001,6.96
2026-07-17T14:00:00Z,cyl_002,13.75
2026-07-17T14:00:00Z,cyl_003,9.17
2026-07-17T14:00:00Z,cyl_004,7.01
2026-07-17T14:00:00Z,cyl_005,10.03
2026-07-17T15:00:00Z,cyl_001,6.91
2026-07-17T15:00:00Z,cyl_002,13.67
2026-07-17T15:00:00Z,cyl_003,9.13
2026-07-17T15:00:00Z,cyl_004,6.98
2026-07-17T15:00:00Z,cyl_005,10.05
2026-07-17T16:00:00Z,cyl_001,6.95
2026-07-17T16:00:00Z,cyl_002,13.72
2026-07-17T16:00:00Z,cyl_003,9.12
2026-07-17T16:00:00Z,cyl_004,7.01
2026-07-17T16:00:00Z,cyl_005,10.05
2026-07-17T17:00:00Z,cyl_001,6.92
2026-07-17T17:00:00Z,cyl_002,13.7
2026-07-17T17:00:00Z,cyl_003,9.16
2026-07-17T17:00:00Z,cyl_004,6.96
2026-07-17T17:00:00Z,cyl_005,10.0
2026-07-17T18:00:00Z,cyl_001,6.89
2026-07-17T18:00:00Z,cyl_002,13.68
2026-07-17T18:00:00Z,cyl_003,9.12
2026-07-17T18:00:00Z,cyl_004,6.95
2026-07-17T18:00:00Z,cyl_005,9.98
2026-07-17T19:00:00Z,cyl_001,6.92
2026-07-17T19:00:00Z,cyl_002,13.67
2026-07-17T19:00:00Z,cyl_003,9.16
2026-07-17T19:00:00Z,cyl_004,6.99
2026-07-17T19:00:00Z,cyl_005,9.97
2026-07-17T20:00:00Z,cyl_001,6.9
2026-07-17T20:00:00Z,cyl_002,13.76
2026-07-17T20:00:00Z,cyl_003,9.13
2026-07-17T20:00:00Z,cyl_004,6.94
2026-07-17T20:00:00Z,cyl_005,10.0
2026-07-17T21:00:00Z,cyl_001,6.87
2026-07-17T21:00:00Z,cyl_002,13.75
2026-07-17T21:00:00Z,cyl_003,9.13
2026-07-17T21:00:00Z,cyl_004,6.94
2026-07-17T21:00:00Z,cyl_005,9.97
2026-07-17T22:00:00Z,cyl_001,6.85
2026-07-17T22:00:00Z,cyl_002,13.71
2026-07-17T22:00:00Z,cyl_003,9.14
2026-07-17T22:00:00Z,cyl_004,6.94
2026-07-17T22:00:00Z,cyl_005,9.92
2026-07-17T23:00:00Z,cyl_001,6.87
2026-07-17T23:00:00Z,cyl_002,13.73
2026-07-17T23:00:00Z,cyl_003,9.18
2026-07-17T23:00:00Z,cyl_004,6.94
2026-07-17T23:00:00Z,cyl_005,9.9
2026-07-18T00:00:00Z,cyl_001,6.82
2026-07-18T00:00:00Z,cyl_002,13.69
2026-07-18T00:00:00Z,cyl_003,9.11
2026-07-18T00:00:00Z,cyl_004,6.92
2026-07-18T00:00:00Z,cyl_005,9.93
2026-07-18T01:00:00Z,cyl_001,6.86
2026-07-18T01:00:00Z,cyl_002,13.77
2026-07-18T01:00:00Z,cyl_003,9.08
2026-07-18T01:00:00Z,cyl_004,6.94
2026-07-18T01:00:00Z,cyl_005,9.84
2026-07-18T02:00:00Z,cyl_001,6.83
2026-07-18T02:00:00Z,cyl_002,13.68
2026-07-18T02:00:00Z,cyl_003,9.05
2026-07-18T02:00:00Z,cyl_004,6.92
2026-07-18T02:00:00Z,cyl_005,9.89
2026-07-18T03:00:00Z,cyl_001,6.84
2026-07-18T03:00:00Z,cyl_002,13.69
2026-07-18T03:00:00Z,cyl_003,9.06
2026-07-18T03:00:00Z,cyl_004,6.88
2026-07-18T03:00:00Z,cyl_005,9.91
2026-07-18T04:00:00Z,cyl_001,6.81
2026-07-18T04:00:00Z,cyl_002,13.71
2026-07-18T04:00:00Z,cyl_003,9.06
2026-07-18T04:00:00Z,cyl_004,6.91
2026-07-18T04:00:00Z,cyl_005,9.92
2026-07-18T05:00:00Z,cyl_001,6.78
2026-07-18T05:00:00Z,cyl_002,13.64
2026-07-18T05:00:00Z,cyl_003,9.02
2026-07-18T05:00:00Z,cyl_004,6.86
2026-07-18T05:00:00Z,cyl_005,9.86
2026-07-18T06:00:00Z,cyl_001,6.8
2026-07-18T06:00:00Z,cyl_002,13.68
2026-07-18T06:00:00Z,cyl_003,9.03
2026-07-18T06:00:00Z,cyl_004,6.89
2026-07-18T06:00:00Z,cyl_005,9.86
2026-07-18T07:00:00Z,cyl_001,6.8
2026-07-18T07:00:00Z,cyl_002,13.68
2026-07-18T07:00:00Z,cyl_003,8.99
2026-07-18T07:00:00Z,cyl_004,6.86
2026-07-18T07:00:00Z,cyl_005,9.81
2026-07-18T08:00:00Z,cyl_001,6.77
2026-07-18T08:00:00Z,cyl_002,13.66
2026-07-18T08:00:00Z,cyl_003,9.02
2026-07-18T08:00:00Z,cyl_004,6.86
2026-07-18T08:00:00Z,cyl_005,9.87
2026-07-18T09:00:00Z,cyl_001,6.75
2026-07-18T09:00:00Z,cyl_002,13.62
2026-07-18T09:00:00Z,cyl_003,8.99
2026-07-18T09:00:00Z,cyl_004,6.84
2026-07-18T09:00:00Z,cyl_005,9.76
2026-07-18T10:00:00Z,cyl_001,6.71
2026-07-18T10:00:00Z,cyl_002,13.67
2026-07-18T10:00:00Z,cyl_003,9.05
2026-07-18T10:00:00Z,cyl_004,6.86
2026-07-18T10:00:00Z,cyl_005,9.75
2026-07-18T11:00:00Z,cyl_001,6.79
2026-07-18T11:00:00Z,cyl_002,13.6
2026-07-18T11:00:00Z,cyl_003,8.97
2026-07-18T11:00:00Z,cyl_004,6.81
2026-07-18T11:00:00Z,cyl_005,9.82
2026-07-18T12:00:00Z,cyl_001,6.71
2026-07-18T12:00:00Z,cyl_002,13.6
2026-07-18T12:00:00Z,cyl_003,9.03
2026-07-18T12:00:00Z,cyl_004,6.81
2026-07-18T12:00:00Z,cyl_005,9.76
2026-07-18T13:00:00Z,cyl_001,6.75
2026-07-18T13:00:00Z,cyl_002,13.58
2026-07-18T13:00:00Z,cyl_003,8.95
2026-07-18T13:00:00Z,cyl_004,6.8
2026-07-18T13:00:00Z,cyl_005,9.72
